ImageNo,RoiNo,RoiMean,RoiMin,RoiMax,RoiTotal,RoiDev,RoiName,RoiCenterX,RoiCenterY,RoiCenterZ,LengthCm,LengthPix,AreaPix2,AreaCm2,RadiusWidthCM,RadiusHeightCM,RadiusWidthPIX,RadiusHeightPIX,RoiType,SOPInstanceUID,SeriesInstanceUID,StudyInstanceUID,NumOfPoints,mmX,mmY,mmZ,pxX,pxY,...,,,,,,,,,,,,,,,,,,,,,,,,,,,,,,,,,,,,,,,,,,,,,,,,,,,,,,,,,,,,,,,,,,,,,,,,,,,,,,,,,,,,
9,0,1567.876465,1070.457642,1898.547485,131701.625,202.467667,LACS,113.020157,-58.612823,4.730072,2.417252,101.032387,81.42028,0.194121,0,0,0,0,11,1.3.46.670589.11.17366.5.0.13324.2021061512245417166,1.3.46.670589.11.17366.5.0.13324.2021061512145040121,1.2.840.114350.2.215.2.798268.2.211441368.1,9,110.55941,-70.348312,5.565592,244.686166,245.774141,111.174698,-67.308784,5.866826,251.029371,245.079595,111.763229,-64.476997,5.78843,256.954311,245.168336,112.346581,-61.704617,5.543345,262.762113,245.600208,113.003868,-58.625504,5.050815,269.221865,246.531397,113.615211,-55.735485,4.719401,275.279325,247.137202,114.250183,-52.777016,4.165445,281.489419,248.197361,114.968559,-49.461567,3.385362,288.455586,249.711874,115.499649,-47.077095,2.485463,293.480102,251.495568,,,,,,,,,,,,,,,,,,,,,,,,,,,,,,,,,,,,,,,,,,,,,
10,0,1736.397217,1312.825317,1989.435303,184058.1094,126.140419,LACS,111.332893,-59.31461,4.946312,2.509682,104.848534,95.973236,0.228818,0,0,0,0,11,1.3.46.670589.11.17366.5.0.13324.2021061512245417167,1.3.46.670589.11.17366.5.0.13324.2021061512145040121,1.2.840.114350.2.215.2.798268.2.211441368.1,9,108.773788,-71.564354,5.596076,241.505097,245.622098,109.449738,-68.225807,5.923914,248.472447,244.865433,110.011253,-65.485802,6.034296,254.197424,244.56963,110.684975,-62.262836,5.85377,260.944698,244.857742,111.324089,-59.254765,5.443238,267.252407,245.622689,112.019005,-56.006939,4.885695,274.067715,246.682848,112.606079,-53.264462,4.408311,279.822864,247.591556,113.233154,-50.378719,3.686952,285.888015,248.996622,113.893944,-47.387764,2.684571,292.185075,250.974954,,,,,,,,,,,,,,,,,,,,,,,,,,,,,,,,,,,,,,,,,,,,,
11,0,1774.589966,1403.713257,2075.273926,251991.7813,128.618103,LACS,109.811089,-59.264824,4.92453,2.977566,124.33696,139.822662,0.333363,0,0,0,0,11,1.3.46.670589.11.17366.5.0.13324.2021061512245417168,1.3.46.670589.11.17366.5.0.13324.2021061512145040121,1.2.840.114350.2.215.2.798268.2.211441368.1,11,106.879578,-73.365395,5.337927,237.113009,246.076452,107.481583,-70.352402,5.822216,243.392913,245.007419,107.964279,-67.993126,5.936162,248.321588,244.713982,108.607399,-64.859421,6.040793,254.870081,244.419953,109.116486,-62.416508,5.940949,259.982745,244.562531,109.757942,-59.381115,5.607734,266.344291,245.168336,110.312119,-56.782234,5.206025,271.795945,245.925592,111.009781,-53.552814,4.494851,278.579307,247.301077,111.619057,-50.696548,4.048385,284.571097,248.143525,112.234009,-47.861183,3.3672,290.529168,249.467541,112.939705,-44.652344,2.367606,297.281766,251.434633,,,,,,,,,,,,,,,,,,,,,,,,,,,,,,,,,,,
12,0,1496.487915,40.394627,2125.767334,408541.1875,467.411224,LACS,108.745064,-57.066216,4.6275,3.337091,138.496765,253.306244,0.603929,0,0,0,0,11,1.3.46.670589.11.17366.5.0.13324.2021061512245418169,1.3.46.670589.11.17366.5.0.13324.2021061512145040121,1.2.840.114350.2.215.2.798268.2.211441368.1,10,105.379059,-73.205406,5.351068,236.810107,245.925001,106.116455,-69.519608,5.920838,244.493302,244.663695,106.828522,-66.001495,6.271855,251.835139,243.854969,107.675987,-61.929863,6.129595,260.355457,244.0431,108.430008,-58.372154,5.68801,267.813841,244.857742,109.17337,-54.894184,5.109716,275.111309,245.954581,109.841225,-51.780178,4.538234,281.647378,247.046687,110.574837,-48.394337,3.741978,288.761447,248.592555,111.319214,-44.967113,2.893828,295.964257,250.243728,112.111931,-41.597843,0.629888,303.106133,254.797916,,,,,,,,,,,,,,,,,,,,,,,,,,,,,,,,,,,,,,,,
13,0,1554.041504,328.206329,2019.731323,442901.8438,307.370422,LACS,107.125443,-57.463928,4.731,3.472955,144.406754,256.437134,0.611394,0,0,0,0,11,1.3.46.670589.11.17366.5.0.13324.2021061512245418170,1.3.46.670589.11.17366.5.0.13324.2021061512145040121,1.2.840.114350.2.215.2.798268.2.211441368.1,11,103.629257,-74.279083,5.231415,233.933124,246.077044,104.296623,-70.936295,5.781186,240.899884,244.865433,104.954277,-67.694466,6.069229,247.666679,244.192777,105.645554,-64.353996,6.046594,254.652962,244.154322,106.325455,-61.082832,5.954675,261.497258,244.259628,107.099098,-57.394264,5.687269,269.221865,244.713982,107.854111,-53.855598,5.129868,276.645345,245.76645,108.575363,-50.492725,4.512296,283.703803,246.946705,109.342316,-46.931511,3.78401,291.18171,248.348813,110.006035,-43.928623,2.770805,297.504209,250.349035,110.651756,-41.153812,1.073675,303.378861,253.756688,,,,,,,,,,,,,,,,,,,,,,,,,,,,,,,,,,,
14,0,1603.909302,1030.062988,1974.287354,373710.875,180.325653,LACS,105.705025,-56.932026,4.667944,3.36807,140.194855,226.880478,0.540925,0,0,0,0,11,1.3.46.670589.11.17366.5.0.13324.2021061512245418171,1.3.46.670589.11.17366.5.0.13324.2021061512145040121,1.2.840.114350.2.215.2.798268.2.211441368.1,11,102.286751,-73.404907,4.999864,235.134086,246.408935,102.842453,-70.632622,5.403426,240.914082,245.511467,103.435486,-67.659767,5.903512,247.109386,244.411079,104.267181,-63.629063,5.932944,255.536822,244.248387,105.133484,-59.484852,5.700588,264.212732,244.619325,105.778732,-56.421028,5.416385,270.631663,245.123965,106.502373,-53.00322,5.009151,277.796019,245.871756,107.172951,-49.869942,4.467457,284.371135,246.902335,107.81076,-46.887539,3.96285,290.629149,247.860737,108.423355,-44.113068,3.041672,296.470082,249.678153,109.101738,-41.146202,1.509586,302.739335,252.742675,,,,,,,,,,,,,,,,,,,,,,,,,,,,,,,,,,,
15,0,1412.03894,0,2009.63269,554931.3125,464.958618,LACS,104.264969,-56.543785,4.368965,3.709289,153.267899,352.542786,0.840527,0,0,0,0,11,1.3.46.670589.11.17366.5.0.13324.2021061512245420172,1.3.46.670589.11.17366.5.0.13324.2021061512145040121,1.2.840.114350.2.215.2.798268.2.211441368.1,12,100.512245,-74.701225,4.380105,231.812806,247.591556,101.109833,-71.698761,4.917058,238.068454,246.414851,101.689568,-68.74147,5.65376,244.221162,244.829937,102.416183,-65.198738,5.782769,251.623936,244.475564,103.318092,-60.905464,5.437718,260.616356,245.073679,104.025497,-57.490986,5.395404,267.758231,245.073679,104.736931,-54.072681,5.277129,274.911345,245.229271,105.422089,-50.835068,4.89926,281.697665,245.921451,106.070175,-47.831444,4.256403,288.005965,247.162642,106.652145,-45.138042,3.660694,293.663499,248.315091,107.311829,-42.190788,2.472377,299.877145,250.675601,107.915016,-39.720829,0.294922,305.134751,255.075379,,,,,,,,,,,,,,,,,,,,,,,,,,,,,,
16,0,1635.395996,610.96875,2065.175293,506972.75,226.951019,LACS,102.665863,-56.854004,4.415273,3.539709,146.368362,294.554962,0.702274,0,0,0,0,11,1.3.46.670589.11.17366.5.0.13324.2021061512245421173,1.3.46.670589.11.17366.5.0.13324.2021061512145040121,1.2.840.114350.2.215.2.798268.2.211441368.1,13,99.128082,-74.04039,4.09144,232.570064,248.04591,99.822113,-70.56797,4.644229,239.807778,246.824834,100.259346,-68.291336,5.424292,244.535306,245.168336,100.730812,-65.970062,5.617228,249.381155,244.713982,101.365616,-62.96661,5.285563,255.675849,245.31742,102.005173,-59.895042,5.172441,262.103655,245.471238,102.662392,-56.707603,5.206836,268.767511,245.319787,103.274551,-53.737675,5.243935,274.976422,245.168336,103.888847,-50.848591,4.838629,281.035066,245.925592,104.478699,-48.10791,4.287372,286.789622,246.985751,105.113617,-45.149715,3.733411,292.999125,248.04591,105.742683,-42.305511,2.76374,298.987958,249.960941,106.184311,-40.513649,1.089467,302.806188,253.346705,,,,,,,,,,,,,,,,,,,,,,,,,
17,0,1127.621948,5.049328,2095.471191,681083.625,700.79187,LACS,101.435501,-55.53207,3.723398,3.960824,159.981628,578.583069,1.379449,0,0,0,0,11,1.3.46.670589.11.17366.5.0.13324.2021061512245421174,1.3.46.670589.11.17366.5.0.13324.2021061512145040121,1.2.840.114350.2.215.2.798268.2.211441368.1,16,97.775864,-73.269676,3.58607,233.566329,248.941602,98.03833,-71.928123,3.932595,236.356936,248.197361,98.397156,-70.028992,4.721952,240.294669,246.531397,98.832436,-67.810638,5.265169,244.910384,245.361791,99.322327,-65.457054,5.182596,249.835509,245.471238,99.865265,-62.851601,5.076404,255.288347,245.622689,100.474586,-59.880161,5.18738,261.497258,245.319787,101.116814,-56.765118,5.22268,268.009664,245.168336,101.776199,-53.573502,5.22643,274.683577,245.079595,102.300819,-51.100201,4.909413,279.869008,245.666469,102.8675,-48.451759,4.454556,285.42656,246.531397,103.425797,-45.860405,3.919577,290.868159,247.561976,103.984863,-43.296452,3.233678,296.258878,248.902556,104.464653,-41.170746,2.282724,300.744439,250.797472,104.972099,-39.160145,0.124527,305.040685,255.169445,105.353287,-37.908485,-2.751422,307.780415,261.031674,,,,,,,,,,
18,0,1301.104492,25.246641,2130.81665,684380.9375,613.255859,LACS,99.968086,-55.196484,3.81108,3.795768,153.739258,498.291992,1.188021,0,0,0,0,11,1.3.46.670589.11.17366.5.0.13324.2021061512245422175,1.3.46.670589.11.17366.5.0.13324.2021061512145040121,1.2.840.114350.2.215.2.798268.2.211441368.1,16,96.416107,-72.50753,3.215903,234.53893,249.560423,96.840546,-70.322044,3.85421,239.081876,248.19677,97.053078,-69.068291,4.946873,241.65714,245.925592,97.428932,-67.178162,5.292951,245.594873,245.168336,97.916687,-64.851082,5.131904,250.467936,245.439291,98.415428,-62.477394,4.939098,255.439798,245.774141,99.042587,-59.435047,4.975292,261.800161,245.622689,99.711975,-56.173691,5.082675,268.615468,245.319787,100.243507,-53.562508,5.272018,274.067715,244.865433,100.747063,-51.177563,5.02076,279.065608,245.319787,101.366974,-48.291779,4.467704,285.123658,246.379946,101.92688,-45.695625,3.91823,290.575904,247.440105,102.420357,-43.465736,3.151599,295.271485,248.954618,102.878914,-41.397835,2.418731,299.626893,250.404054,103.374863,-39.330917,0.803405,304.017796,253.662031,103.705544,-38.208508,-1.514099,306.463498,258.383052,,,,,,,,,,
19,0,1167.71875,10.098657,2125.767334,766023.5,693.148499,LACS,98.623367,-54.324539,3.620685,4.036763,161.849884,651.380432,1.553012,0,0,0,0,11,1.3.46.670589.11.17366.5.0.13324.2021061512245422176,1.3.46.670589.11.17366.5.0.13324.2021061512145040121,1.2.840.114350.2.215.2.798268.2.211441368.1,17,94.791855,-73.005501,2.941889,232.872374,250.014185,95.222183,-70.836327,3.362738,237.390473,249.096603,95.529976,-69.064896,4.730446,241.036544,246.248609,95.96965,-66.820938,5.294706,245.704912,245.035224,96.380783,-64.797592,5.458998,249.928983,244.64713,96.943901,-62.11179,5.268966,255.553387,244.968372,97.554405,-59.147263,5.318535,261.750466,244.791482,98.112099,-56.425938,5.428285,267.436397,244.497454,98.634651,-53.878113,5.521123,272.760264,244.242472,99.129601,-51.527531,5.305225,277.684798,244.62524,99.708237,-48.835201,4.782569,283.337007,245.628014,100.277931,-46.199963,4.19306,288.87267,246.769223,100.737671,-44.081524,3.677509,293.32451,247.771996,101.308693,-41.538349,2.610243,298.688016,249.89468,101.765549,-39.577839,1.396339,302.839318,252.332691,102.133926,-38.248466,-0.801908,305.71275,256.804054,102.396103,-37.419971,-2.937086,307.536084,261.15887,,,,,
20,0,1266.557983,5.049328,2095.471191,823262.6875,652.796753,LACS,97.02047,-54.63208,3.769066,3.903565,156.815231,621.376343,1.481477,0,0,0,0,11,1.3.46.670589.11.17366.5.0.13324.2021061512245423177,1.3.46.670589.11.17366.5.0.13324.2021061512145040121,1.2.840.114350.2.215.2.798268.2.211441368.1,17,93.444046,-72.115547,2.911161,234.097786,249.934113,93.759995,-70.476753,3.444145,237.50202,248.800188,93.961746,-69.313248,4.352274,239.896406,246.909494,94.374397,-67.144432,5.186447,244.39616,245.144846,94.813492,-64.949142,5.528267,248.972232,244.388569,95.248055,-62.838963,5.563615,253.383359,244.262522,95.79744,-60.187202,5.530754,258.929888,244.262522,96.429398,-57.111588,5.615644,265.357756,244.01043,97.011467,-54.276787,5.703527,271.281931,243.758337,97.51564,-51.868576,5.55067,276.324274,244.01043,98.041695,-49.405346,5.151127,281.492172,244.766707,98.582687,-46.947701,4.373737,286.664501,246.29748,99.201706,-44.13509,3.486722,292.583752,248.043911,99.662041,-42.076176,2.668633,296.923981,249.668234,100.145981,-39.956894,1.589117,301.401577,251.826776,100.533928,-38.420776,-0.065763,304.684197,255.179312,100.824249,-37.521034,-2.51591,306.669918,260.177835,,,,,
21,0,1543.149048,50.493282,2085.372559,732995.8125,400.198242,LACS,95.625488,-53.871166,4.219684,3.611292,146.071915,489.000549,1.165868,0,0,0,0,11,1.3.46.670589.11.17366.5.0.13324.2021061512245424178,1.3.46.670589.11.17366.5.0.13324.2021061512145040121,1.2.840.114350.2.215.2.798268.2.211441368.1,17,92.2332,-70.496887,3.200387,236.833384,249.179804,92.428375,-69.368309,4.093336,239.155392,247.321114,92.655457,-68.045547,5.179449,241.875235,245.061636,93.083977,-65.884621,5.602649,246.375974,244.13943,93.626129,-63.204647,5.876531,251.968453,243.510066,94.095573,-60.96051,5.742891,256.666896,243.726964,94.638878,-58.333618,5.732272,262.160487,243.682013,95.13636,-55.873711,5.987133,267.293599,243.097217,95.62368,-53.4646,6.234107,272.320828,242.529878,96.190979,-50.790726,5.888166,277.926933,243.170942,96.723778,-48.379147,5.079637,283.004236,244.766707,97.179352,-46.347244,4.242175,287.288824,246.431405,97.550407,-44.690887,3.566979,290.781193,247.773108,98.046997,-42.450829,2.776427,295.499065,249.336377,98.442307,-40.664948,2.160165,299.259773,250.554004,98.836731,-38.974468,1.102059,302.839783,252.679558,99.141113,-37.879196,-0.729703,305.208077,256.405802,,,,,
22,0,1428.06189,30.295971,2014.682007,786862.125,494.359222,LACS,94.264961,-53.057346,4.118289,3.605759,145.633148,527.895996,1.258602,0,0,0,0,11,1.3.46.670589.11.17366.5.0.13324.2021061512245425179,1.3.46.670589.11.17366.5.0.13324.2021061512145040121,1.2.840.114350.2.215.2.798268.2.211441368.1,14,90.803917,-69.95871,3.375916,237.314426,248.685959,91.039597,-68.579636,4.533157,240.148993,246.279263,91.466721,-66.294922,5.589568,244.881636,244.05622,92.004074,-63.587944,6.107148,250.520237,242.926727,92.62587,-60.529942,6.345089,256.904742,242.361422,93.33535,-57.138306,6.143346,264.00565,242.688733,93.972504,-54.056362,6.137094,270.450624,242.623271,94.6642,-50.723618,6.067128,277.422749,242.68202,95.26474,-47.979061,5.283785,283.195274,244.217717,95.88958,-45.18103,4.189373,289.092861,246.389553,96.485802,-42.515163,3.125672,294.712753,248.501813,97.050583,-40.082916,1.666774,299.860954,251.429927,97.415527,-38.592606,0.329585,303.034271,254.132537,97.691017,-37.582592,-1.237582,305.213001,257.318652,,,,,,,,,,,,,,,,,,,,
23,0,1439.330566,25.246641,2039.928589,748451.875,507.352295,LACS,92.545837,-53.81118,4.829901,3.389406,136.557968,496.503082,1.183756,0,0,0,0,11,1.3.46.670589.11.17366.5.0.13324.2021061512245425180,1.3.46.670589.11.17366.5.0.13324.2021061512145040121,1.2.840.114350.2.215.2.798268.2.211441368.1,12,89.467529,-68.957191,3.618259,238.761498,248.043418,89.853294,-66.753761,5.251307,243.299656,244.640661,90.267334,-64.565567,6.146738,247.837322,242.749967,90.773491,-61.95805,6.913974,253.257313,241.111366,91.413315,-58.819187,7.121088,259.812212,240.60718,92.047684,-55.744595,7.144485,266.240572,240.481134,92.758598,-52.376423,6.795233,273.298672,241.111366,93.500877,-48.957996,5.953558,280.482817,242.749474,94.232475,-45.667137,4.74397,287.415855,245.144846,94.875877,-42.865097,3.233405,293.339539,248.169465,95.453926,-40.429161,1.480881,298.507927,251.699253,95.90567,-38.640007,-0.444061,302.331169,255.59881,,,,,,,,,,,,,,,,,,,,,,,,,,,,,,
24,0,1627.353394,302.959686,2125.767334,603748.125,347.8479,LACS,91.51368,-51.347851,5.022053,3.011672,122.156479,365.047424,0.870341,0,0,0,0,11,1.3.46.670589.11.17366.5.0.13324.2021061512245426181,1.3.46.670589.11.17366.5.0.13324.2021061512145040121,1.2.840.114350.2.215.2.798268.2.211441368.1,11,88.568108,-65.544258,5.30079,245.189858,244.388076,89.094025,-62.751808,6.501299,250.97814,241.856811,89.528175,-60.56879,6.899485,255.526146,240.985319,90.273285,-56.870502,7.348804,263.240572,239.970548,90.862289,-54.028915,7.306867,269.184443,239.984334,91.506584,-50.951485,7.111125,275.628065,240.307327,92.182167,-47.883556,6.134936,282.084984,242.230026,92.85804,-44.923428,4.628896,288.339047,245.24135,93.461884,-42.347561,2.949829,293.796948,248.617027,93.93515,-40.372303,1.422364,297.99242,251.697283,94.38076,-38.583813,-0.361784,301.808273,255.308313,,,,,,,,,,,,,,,,,,,,,,,,,,,,,,,,,,,
25,0,1700.18335,434.242249,2105.569824,530457.1875,283.846893,LACS,89.841087,-51.702499,6.577728,2.649607,106.373138,303.38739,0.723332,0,0,0,0,11,1.3.46.670589.11.17366.5.0.13324.2021061512245426182,1.3.46.670589.11.17366.5.0.13324.2021061512145040121,1.2.840.114350.2.215.2.798268.2.211441368.1,11,87.474922,-63.22427,6.230059,249.364802,242.304252,87.85952,-61.128284,7.369325,253.699275,239.916189,88.182281,-59.402214,8.165644,257.274822,238.240356,88.745049,-56.498978,9.038522,263.308695,236.377737,89.242729,-54.06974,9.140015,268.3842,236.108032,89.797058,-51.500782,8.589657,273.779597,237.170703,90.305054,-49.296528,7.357707,278.441382,239.639502,90.834358,-46.914375,6.488535,283.459716,241.360286,91.400978,-44.462864,5.079967,288.646071,244.184763,91.926743,-42.265938,3.395389,293.311782,247.58138,92.483292,-39.963509,1.500167,298.207049,251.406993,,,,,,,,,,,,,,,,,,,,,,,,,,,,,,,,,,,
26,0,1574.205811,141.381195,2090.421875,536804.1875,393.161072,LACS,88.317459,-51.492081,7.377903,2.555751,100.951164,319.07312,0.76073,0,0,0,0,11,1.3.46.670589.11.17366.5.0.13324.2021061512245427183,1.3.46.670589.11.17366.5.0.13324.2021061512145040121,1.2.840.114350.2.215.2.798268.2.211441368.1,11,86.092361,-62.430965,6.546243,250.373357,241.51565,86.339798,-60.97525,7.79928,253.364109,238.910689,86.790245,-58.487175,9.294842,258.50333,235.782467,87.179405,-56.440617,10.087196,262.749211,234.106633,87.71946,-53.822659,10.109477,268.222727,233.994475,88.256371,-51.320877,9.642149,273.474107,234.888689,88.74984,-49.152,8.579499,278.054717,237.011412,89.333382,-46.615665,7.185212,283.417821,239.804466,89.905167,-44.192116,5.519759,288.556605,243.156133,90.36219,-42.300076,3.969909,292.579043,246.284355,90.763794,-40.675514,2.423381,296.041995,249.412577,,,,,,,,,,,,,,,,,,,,,,,,,,,,,,,,,,,
36,0,1134.415771,232.269104,1853.103516,285872.7813,416.90567,MACS,71.083908,-60.487774,8.418984,2.896949,116.907578,249.881989,0.595765,0,0,0,0,11,1.3.46.670589.11.17366.5.0.13324.2021061512245392129,1.3.46.670589.11.17366.5.0.13324.2021061512145040121,1.2.840.114350.2.215.2.798268.2.211441368.1,14,68.164558,-75.175804,5.697593,217.389556,242.374078,68.634819,-72.692673,6.704081,222.539252,240.248301,69.104912,-70.368294,6.944444,227.389567,239.696672,69.548302,-68.145317,7.31979,232.022111,238.870976,70.017601,-65.785789,7.749232,236.937888,237.930938,70.503929,-63.285,8.464191,242.136899,236.402176,70.961189,-60.93438,9.133101,247.023872,234.971608,71.398544,-58.653549,9.930637,251.759411,233.279191,71.858932,-56.267761,10.696638,256.715775,231.648746,72.290054,-54.164253,10.78045,261.110909,231.423554,72.718124,-52.202679,10.24741,265.235466,232.466149,73.090897,-50.62281,9.160975,268.585387,234.652589,73.351837,-49.586422,8.063169,270.79932,236.876122,73.530975,-48.944077,6.974087,272.188866,239.091801,,,,,,,,,,,,,,,,,,,,
37,0,1438.879272,817.991211,2070.224609,283459.2188,264.713898,MACS,69.575272,-60.554775,7.521517,2.850084,116.11972,193.744949,0.461924,0,0,0,0,11,1.3.46.670589.11.17366.5.0.13324.2021061512245393130,1.3.46.670589.11.17366.5.0.13324.2021061512145040121,1.2.840.114350.2.215.2.798268.2.211441368.1,14,66.674141,-75.038292,5.364547,217.054389,242.932689,67.048729,-73.059723,6.16924,221.157561,241.233289,67.655113,-70.045525,6.556715,227.444118,240.362641,68.005089,-68.33387,6.644318,231.019666,240.139633,68.552483,-65.6707,6.713742,236.585702,239.929718,69.020706,-63.330288,7.075705,241.464383,239.12846,69.501862,-60.826996,7.924152,246.662957,237.326066,69.923607,-58.637936,8.642975,251.209965,235.797305,70.302414,-56.706989,9.117763,255.2276,234.775221,70.721268,-54.616413,9.426817,259.586076,234.08874,71.115685,-52.765533,9.146641,263.468423,234.61593,71.600395,-50.562138,8.457079,268.105331,235.97318,71.863304,-49.452679,7.667568,270.458917,237.56304,72.069023,-48.719769,6.394012,272.045721,240.154471,,,,,,,,,,,,,,,,,,,,
38,0,1115.954712,45.443954,2024.78064,424062.7813,439.011047,MACS,68.631889,-58.382576,4.217873,3.771616,153.60437,371.253326,0.885137,0,0,0,0,11,1.3.46.670589.11.17366.5.0.13324.2021061512245393131,1.3.46.670589.11.17366.5.0.13324.2021061512145040121,1.2.840.114350.2.215.2.798268.2.211441368.1,17,64.861122,-76.61235,4.301653,213.171168,245.030535,65.217476,-74.681778,5.301572,217.165675,242.932252,65.554024,-72.907433,6.008707,220.845962,241.437967,65.982849,-70.819374,6.071416,225.209674,241.256419,66.44912,-68.63607,5.717274,229.790284,241.926752,67.096077,-65.659119,4.971488,236.047166,243.379578,67.744942,-62.58709,4.642323,242.485158,243.976157,68.282837,-59.970295,4.709552,247.954309,243.771915,68.782944,-57.518269,4.864638,253.075201,243.391797,69.301445,-54.936817,5.215737,258.458379,242.606687,69.844032,-52.235455,5.583025,264.091623,241.785354,70.354965,-49.839863,5.210282,269.11694,242.488418,70.736275,-48.133465,4.537095,272.713872,243.824721,71.131935,-46.598598,2.695045,276.001822,247.560869,71.445496,-45.331211,1.482798,278.703668,250.013084,71.775871,-43.926861,0.539928,281.680453,251.909743,72.180717,-42.109749,-0.148689,285.509557,253.274849,,,,,
39,0,1469.957031,75.739922,2050.027344,418937.75,379.2276,MACS,67.139717,-58.29266,3.69523,3.79951,155.533737,270.643829,0.645265,0,0,0,0,11,1.3.46.670589.11.17366.5.0.13324.2021061512245393132,1.3.46.670589.11.17366.5.0.13324.2021061512145040121,1.2.840.114350.2.215.2.798268.2.211441368.1,17,63.391178,-76.322441,4.22736,213.143676,245.054975,63.700794,-74.648674,5.078634,216.607501,243.267855,64.114143,-72.496605,5.815159,221.076388,241.703744,64.627319,-70.042,5.675925,226.215175,241.926752,65.205788,-67.384422,4.988612,231.801721,243.267855,65.722,-65.049759,4.196478,236.717498,244.831966,66.165016,-63.0704,3.398956,240.890498,246.416152,66.775665,-60.154564,3.209074,246.995942,246.731244,67.214165,-58.015594,3.291597,251.465267,246.5078,67.766541,-55.226101,3.856683,257.274386,245.278855,68.215179,-52.914906,4.536727,262.078441,243.826467,68.627319,-50.880749,4.729574,266.323885,243.379578,69.124092,-48.595062,4.156108,271.12794,244.496799,69.575348,-46.641136,3.041823,275.261226,246.730808,69.911858,-45.218727,2.042725,278.278163,248.742244,70.401199,-43.135647,0.660873,282.692935,251.521334,70.83754,-41.178448,-0.087397,286.817492,253.005145,,,,,
40,0,1671.864746,358.502319,2140.915283,392888.2188,300.373566,MACS,65.818428,-57.393486,3.086816,3.896414,160.539047,205.321014,0.489523,0,0,0,0,11,1.3.46.670589.11.17366.5.0.13324.2021061512245395133,1.3.46.670589.11.17366.5.0.13324.2021061512145040121,1.2.840.114350.2.215.2.798268.2.211441368.1,15,62.003052,-75.646355,4.105694,213.925731,245.166697,62.461315,-73.221474,5.111198,218.953666,243.044411,62.886616,-71.13501,5.248888,223.310832,242.709244,63.427654,-68.635666,4.672775,228.561776,243.826467,63.994408,-66.090675,3.714496,233.924443,245.725744,64.488487,-63.862827,2.923686,238.616776,247.289855,65.338303,-59.843945,2.470347,247.04002,248.116861,65.903465,-56.96582,3.1653,253.028942,246.619522,66.435844,-54.284058,3.677205,258.615052,245.5023,67.0056,-51.444271,4.078129,264.53633,244.608522,67.573563,-48.781353,3.663528,270.12244,245.390577,68.124458,-46.346508,2.543075,275.261662,247.625022,68.683777,-43.915897,1.204613,280.40132,250.306355,69.210403,-41.586979,0.13998,285.316663,252.429077,69.739487,-39.141495,-0.416725,290.454139,253.507895,,,,,,,,,,,,,,,
41,0,1712.834473,580.672729,2196.457764,287756.1875,271.064056,MACS,64.635315,-55.848972,2.365461,4.21565,174.752441,126.512115,0.301628,0,0,0,0,11,1.3.46.670589.11.17366.5.0.13324.2021061512245395134,1.3.46.670589.11.17366.5.0.13324.2021061512145040121,1.2.840.114350.2.215.2.798268.2.211441368.1,18,60.453117,-75.773689,3.88496,213.031951,245.501863,60.775894,-74.047623,4.681071,216.607501,243.826467,61.221157,-71.858513,4.848149,221.178073,243.428456,61.733871,-69.480545,4.348069,226.171969,244.392933,62.219574,-67.277664,3.632737,230.808877,245.80299,62.812035,-64.605042,2.690127,236.437757,247.666918,63.37159,-62.023582,2.077646,241.861957,248.856585,63.894405,-59.55093,1.79977,247.044384,249.363262,64.422409,-57.002773,1.766279,252.37432,249.36719,64.958595,-54.352428,2.036456,257.905005,248.746172,65.485474,-51.686264,2.60179,263.456203,247.519846,65.933197,-49.443581,2.970928,268.130207,246.706368,66.457077,-46.96294,2.706802,273.328781,247.184679,66.986664,-44.546211,1.998618,278.412578,248.574661,67.480896,-42.358742,1.008354,283.028975,250.548565,67.89212,-40.531792,0.217829,286.882955,252.122277,68.420921,-38.038475,-0.100329,292.110331,252.711001,68.916672,-35.74065,-0.590899,296.93621,253.658021
42,0,1619.334473,181.775818,2176.260498,327105.5625,401.712311,MACS,62.876553,-57.029762,1.936557,4.277838,176.794205,152.885986,0.364509,0,0,0,0,11,1.3.46.670589.11.17366.5.0.13324.2021061512245395135,1.3.46.670589.11.17366.5.0.13324.2021061512145040121,1.2.840.114350.2.215.2.798268.2.211441368.1,18,58.861301,-76.29377,2.742346,211.35612,247.736308,59.182629,-74.507431,3.864795,215.043826,245.390577,59.637012,-72.209229,4.346959,219.829116,244.344055,60.159801,-69.753937,3.985404,224.978808,245.02268,60.673855,-67.426918,3.206781,229.878003,246.559297,61.24704,-64.852684,2.239406,235.302205,248.476467,61.783138,-62.417629,1.46733,240.427026,249.996937,62.387905,-59.614223,0.870198,246.314698,251.149508,63.001312,-56.613705,1.026364,252.582489,250.753244,63.711349,-53.072573,1.537247,259.965692,249.616362,64.005019,-51.623129,1.674757,262.990994,249.297713,64.395764,-49.667415,1.989409,267.067027,248.603225,64.990752,-46.770855,2.073649,273.120717,248.357009,65.103767,-46.215462,2.11428,274.280166,248.259569,65.632294,-43.804646,1.402335,279.351743,249.657406,66.18499,-41.321903,0.472085,284.583049,251.500822,66.721901,-38.85463,-0.162829,289.769402,252.739368,67.375664,-35.803265,-0.707245,296.173354,253.777599
43,0,1562.195801,237.318436,2135.865967,214020.8281,425.412445,MACS,61.346642,-57.115685,1.446783,4.216916,175.066635,90.075836,0.214758,0,0,0,0,11,1.3.46.670589.11.17366.5.0.13324.2021061512245396136,1.3.46.670589.11.17366.5.0.13324.2021061512145040121,1.2.840.114350.2.215.2.798268.2.211441368.1,17,57.343967,-76.319824,2.247788,210.685786,248.630085,57.617134,-74.784904,3.281141,213.851539,246.473323,57.93861,-73.147514,3.677585,217.258632,245.619259,58.37067,-71.020645,3.852679,221.698714,245.20641,58.940037,-68.379089,3.301421,227.245986,246.269081,59.443047,-66.109665,2.502642,232.025601,247.848466,60.038765,-63.40242,1.651383,237.722999,249.524299,60.678493,-60.448963,0.961461,243.928382,250.86322,61.368164,-57.225113,0.410864,250.693249,251.909743,61.954739,-54.394699,0.371745,256.613654,251.918035,62.537724,-51.558216,0.446258,262.541914,251.693281,63.089489,-48.833458,0.711678,268.2284,251.080119,63.63377,-46.139469,1.003465,273.849424,250.413713,64.178261,-43.554436,0.761893,279.265332,250.843145,64.733139,-40.972572,0.261199,284.685605,251.803694,65.229309,-38.677303,-0.251697,289.507117,252.796538,65.7976,-35.998348,-0.596219,295.123778,253.434577,,,,,
44,0,1793.954346,1398.66394,2156.063232,163249.8438,145.121277,MACS,60.397083,-54.414917,0.851841,4.167046,173.913773,41.09758,0.097984,0,0,0,0,11,1.3.46.670589.11.17366.5.0.13324.2021061512245398137,1.3.46.670589.11.17366.5.0.13324.2021061512145040121,1.2.840.114350.2.215.2.798268.2.211441368.1,16,56.1036,-74.773598,2.878532,213.255397,247.177696,56.62022,-72.201576,3.22805,218.618937,246.396077,57.129696,-69.758446,3.120043,223.732409,246.555369,57.763538,-66.842155,2.388001,229.861857,247.981573,58.364361,-64.108673,1.544286,235.613805,249.641259,58.93866,-61.430592,1.054336,241.23483,250.577369,59.515701,-58.747482,0.52449,246.868072,251.595088,60.203564,-55.503231,0.115252,253.669599,252.351395,60.758774,-52.810635,0.143853,259.298915,252.224398,61.352242,-49.910015,0.283373,265.358536,251.864792,61.931137,-47.09288,0.360046,271.246209,251.636111,62.532616,-44.183533,0.354019,277.33027,251.574577,62.983437,-42.044838,0.146085,281.811377,251.946402,63.510654,-39.607162,-0.404783,286.932269,253.013437,64.063026,-36.954525,-0.503451,292.483466,253.148289,64.5821,-34.669304,-1.602677,297.308906,255.34302,,,,,,,,,,
45,0,1710.844116,610.96875,2110.619141,236096.4844,229.90976,MACS,59.264755,-52.615467,0.175007,4.187708,174.273651,107.269203,0.25575,0,0,0,0,11,1.3.46.670589.11.17366.5.0.13324.2021061512245399138,1.3.46.670589.11.17366.5.0.13324.2021061512145040121,1.2.840.114350.2.215.2.798268.2.211441368.1,17,54.800705,-73.787018,2.262393,214.707786,248.294919,55.279964,-71.389008,2.644729,219.706046,247.450456,55.806286,-68.866112,2.528288,224.986667,247.625022,56.345272,-66.365448,2.006666,230.238046,248.630522,56.981117,-63.44212,1.261753,236.382768,250.08291,57.663319,-60.306244,0.459697,242.97438,251.647021,58.315018,-57.272762,-0.123035,249.342545,252.764244,58.867725,-54.661041,-0.427978,254.816934,253.322855,59.451248,-51.843822,-0.45948,260.709408,253.315872,60.002312,-49.140476,-0.281524,266.354871,252.882512,60.53241,-46.526035,-0.042635,271.811803,252.32652,61.074009,-43.924183,-0.134717,277.256515,252.449152,61.525215,-41.78569,-0.352655,281.737624,252.841489,62.084835,-39.178085,-0.839819,287.211139,253.773671,62.53186,-37.028587,-0.906283,291.708831,253.855281,62.955189,-35.153889,-1.749354,295.664931,255.535478,63.284325,-33.792408,-2.870986,298.559672,257.799599,,,,,
46,0,1839.63855,1257.282715,2100.520508,198680.9688,124.337631,MACS,57.553391,-53.564396,-0.241753,3.898885,162.702866,35.844959,0.085461,0,0,0,0,11,1.3.46.670589.11.17366.5.0.13324.2021061512245399139,1.3.46.670589.11.17366.5.0.13324.2021061512145040121,1.2.840.114350.2.215.2.798268.2.211441368.1,18,53.635391,-72.10273,1.801148,217.612563,249.076974,54.029587,-70.17762,1.886321,221.634562,248.85353,54.514931,-67.83609,1.85198,226.532447,248.86444,55.001801,-65.568542,1.422906,231.292424,249.686209,55.485004,-63.349056,0.846851,235.958137,250.810414,55.958858,-61.174633,0.271563,240.529582,251.934183,56.410896,-59.101887,-0.284781,244.887622,253.021729,56.855,-57.046463,-0.738917,249.205074,253.900232,57.306786,-54.91708,-1.01466,253.669599,254.411274,57.756859,-52.734455,-0.991884,258.232753,254.309152,58.241699,-50.383163,-0.967147,263.14853,254.198739,58.682934,-48.213226,-0.798551,267.678953,253.798111,59.145538,-45.941376,-0.637181,272.422784,253.409701,59.580982,-43.844551,-0.68723,276.809627,253.459016,60.104858,-41.344219,-0.855777,282.045297,253.74094,60.593155,-39.04269,-1.153466,286.870736,254.292569,61.084324,-36.753563,-1.578765,291.675664,255.106046,61.572388,-34.627884,-2.723918,296.169429,257.39897
47,0,1838.390869,1343.121338,2211.605713,213253.3438,169.240936,MACS,56.2575,-52.493484,-0.613268,3.888536,162.162735,90.047997,0.214691,0,0,0,0,11,1.3.46.670589.11.17366.5.0.13324.2021061512245401140,1.3.46.670589.11.17366.5.0.13324.2021061512145040121,1.2.840.114350.2.215.2.798268.2.211441368.1,16,52.333153,-71.056984,1.456637,219.177112,249.636022,52.861084,-68.484695,1.541877,224.552432,249.395993,53.318039,-66.303169,1.397725,229.120387,249.636022,53.865337,-63.761295,0.880917,234.457742,250.630611,54.320747,-61.698898,0.195232,238.799634,251.983497,54.887745,-59.095455,-0.485246,244.272713,253.311944,55.427982,-56.569054,-0.911356,249.573845,254.121058,56.057232,-53.558872,-1.080258,255.875676,254.390762,56.598583,-50.922134,-0.997306,261.385851,254.153789,57.065678,-48.637627,-0.879962,266.158048,253.855281,57.565437,-46.196297,-0.768604,271.258429,253.565065,58.049236,-43.898861,-0.980635,276.071649,253.941255,58.620415,-41.203854,-1.315141,281.721477,254.558345,59.172668,-38.603466,-1.664438,287.174045,255.208167,59.727139,-36.078125,-2.429764,292.487395,256.712489,60.249504,-33.827065,-3.771957,297.251739,259.406042,,,,,,,,,,
48,0,1823.411987,1242.134766,2145.9646,258924.5,166.509781,MACS,54.833717,-52.003113,-0.798763,3.743088,156.422607,82.535477,0.19678,0,0,0,0,11,1.3.46.670589.11.17366.5.0.13324.2021061512245401141,1.3.46.670589.11.17366.5.0.13324.2021061512145040121,1.2.840.114350.2.215.2.798268.2.211441368.1,16,50.950703,-70.443184,0.899626,219.847445,250.641522,51.429241,-68.088554,1.088508,224.763221,250.194633,51.880859,-65.897484,1.115863,229.343833,250.08291,52.416958,-63.372593,0.779638,234.63798,250.707857,53.016125,-60.630814,0.015041,240.403895,252.205196,53.557213,-58.131268,-0.561291,245.655275,253.322855,54.092014,-55.62838,-0.973901,250.906656,254.10491,54.625282,-53.065643,-1.060175,256.269322,254.216632,55.178589,-50.394962,-1.093272,261.855433,254.216632,55.718739,-47.776585,-1.071205,267.329822,254.10491,56.198765,-45.472309,-1.161521,272.152206,254.231471,56.693127,-43.11076,-1.310457,277.096787,254.476736,57.139233,-41.002228,-1.554008,281.51636,254.922315,57.691555,-38.403969,-1.915206,286.965001,255.596576,58.159966,-36.270191,-2.559836,291.454402,256.863489,58.591076,-34.36095,-3.418025,295.483382,258.573799,,,,,,,,,,
49,0,1771.263428,1014.914978,2186.359131,348938.9063,182.625519,MACS,52.863876,-54.126339,-0.844558,3.622463,151.222137,145.987,0.34806,0,0,0,0,11,1.3.46.670589.11.17366.5.0.13324.2021061512245401142,1.3.46.670589.11.17366.5.0.13324.2021061512145040121,1.2.840.114350.2.215.2.798268.2.211441368.1,17,49.377125,-70.850441,-0.123852,218.402472,252.628955,49.663708,-69.346237,0.445659,221.523715,251.423577,50.040512,-67.471428,0.695003,225.433555,250.864966,50.405643,-65.708984,0.67337,229.119952,250.86453,50.90995,-63.308491,0.479867,234.147887,251.200133,51.389423,-61.072681,0.070559,238.840657,251.982188,51.86462,-58.835064,-0.229741,243.532554,252.540799,52.364132,-56.491314,-0.585871,248.448768,253.211133,52.852535,-54.201183,-0.941337,253.252822,253.881466,53.331093,-51.919029,-1.104411,258.032002,254.157717,53.756905,-49.871521,-1.167689,262.316287,254.235398,54.219173,-47.658306,-1.282854,266.949268,254.415201,54.660122,-45.544724,-1.380805,271.373206,254.562273,55.153965,-43.206997,-1.633154,276.272399,255.020072,55.732876,-40.507504,-2.127427,281.938374,255.964474,56.223011,-38.237293,-2.620201,286.706643,256.916731,56.741119,-35.916584,-3.524603,291.597981,258.711269,,,,,
50,0,1844.399048,1484.502563,2176.260498,247149.4688,137.929398,MACS,51.843132,-51.724205,-1.217165,3.278042,136.974442,122.845825,0.292887,0,0,0,0,11,1.3.46.670589.11.17366.5.0.13324.2021061512245404143,1.3.46.670589.11.17366.5.0.13324.2021061512145040121,1.2.840.114350.2.215.2.798268.2.211441368.1,14,48.509365,-67.608948,-0.016028,224.53934,252.205196,48.983719,-65.25209,0.28185,229.455117,251.534863,49.411163,-63.166546,0.36482,233.81272,251.311855,49.880173,-60.925182,0.22802,238.50549,251.535299,50.412796,-58.421608,-0.130091,243.755998,252.205633,50.923328,-56.024654,-0.48688,248.783498,252.875966,51.487099,-53.359516,-0.792478,254.369608,253.434577,52.052963,-50.695496,-1.152577,259.955719,254.10491,52.700428,-47.659996,-1.626095,266.323449,254.998251,53.330647,-44.674183,-1.935883,272.580329,255.557299,53.847992,-42.225723,-2.202804,277.711696,256.042156,54.283569,-40.17458,-2.477585,282.012565,256.553198,54.777313,-37.902103,-3.044082,286.78869,257.656455,55.203289,-36.048256,-4.050433,290.708131,259.671819,,,,,,,,,,,,,,,,,,,,
51,0,1890.582275,1378.466675,2262.099121,134231.3438,176.287369,MACS,50.447487,-51.075733,-1.296311,2.817325,117.992104,63.929672,0.15242,0,0,0,0,11,1.3.46.670589.11.17366.5.0.13324.2021061512245404144,1.3.46.670589.11.17366.5.0.13324.2021061512145040121,1.2.840.114350.2.215.2.798268.2.211441368.1,13,47.506462,-65.062279,-0.10636,229.231673,252.205196,48.007187,-62.600609,0.08098,234.371331,251.758744,48.449875,-60.463863,0.0545,238.840657,251.758744,48.954128,-58.063583,-0.138792,243.868156,252.09391,49.431866,-55.802765,-0.386137,248.606313,252.543418,49.937447,-53.436291,-0.774497,253.571405,253.279213,50.465492,-50.968727,-1.199878,258.749468,254.088326,50.927731,-48.795341,-1.507475,263.307385,254.663521,51.467648,-46.261593,-1.890448,268.622046,255.384042,51.927189,-44.101349,-2.198515,273.15247,255.960547,52.530518,-41.249481,-2.526879,279.130044,256.561053,52.92963,-39.387875,-2.865099,283.037267,257.206947,53.282177,-37.790802,-3.393414,286.399407,258.249106,,,,,,,,,,,,,,,,,,,,,,,,,
52,0,1910.495361,1625.883667,2145.9646,135645.1719,105.936745,MACS,48.919254,-51.116604,-1.60694,2.384238,99.822922,57.513035,0.137122,0,0,0,0,11,1.3.46.670589.11.17366.5.0.13324.2021061512245404145,1.3.46.670589.11.17366.5.0.13324.2021061512145040121,1.2.840.114350.2.215.2.798268.2.211441368.1,10,46.489849,-62.626663,-0.413586,233.700999,252.652521,46.996799,-60.168533,-0.389533,238.84022,252.540799,47.452602,-57.979683,-0.471174,243.420831,252.652521,48.023254,-55.258923,-0.66843,249.118664,252.987688,48.645355,-52.340813,-1.116005,255.239819,253.830842,49.198635,-49.764587,-1.606615,260.647873,254.770879,49.770489,-47.083134,-2.022726,266.272825,255.555553,50.371857,-44.28672,-2.573982,272.143914,256.614296,50.860065,-42.008991,-2.985083,276.924403,257.39897,51.383652,-39.647907,-3.822261,281.897351,259.054728,,,,,,,,,,,,,,,,,,,,,,,,,,,,,,,,,,,,,,,,
53,0,1841.482056,1302.726685,2145.9646,116013.3672,187.12413,MACS,47.472218,-50.761696,-1.903726,2.043757,85.538857,46.423592,0.110682,0,0,0,0,11,1.3.46.670589.11.17366.5.0.13324.2021061512245406146,1.3.46.670589.11.17366.5.0.13324.2021061512145040121,1.2.840.114350.2.215.2.798268.2.211441368.1,8,45.331364,-60.886955,-0.766272,236.717061,253.210696,45.951801,-57.879044,-0.739242,243.005801,253.078899,46.561161,-54.975948,-0.960692,249.085933,253.459016,47.180195,-52.071266,-1.401496,255.178721,254.288641,47.808689,-49.150063,-1.984118,261.312097,255.408482,48.427532,-46.245514,-2.421094,267.404448,256.230251,48.991245,-43.648888,-3.057618,272.861381,257.468796,49.525745,-41.235924,-3.899266,277.942996,259.13241,,,,,,,,,,,,,,,,,,,,,,,,,,,,,,,,,,,,,,,,,,,,,,,,,,
54,0,1837.213013,1428.959961,2044.978027,62465.24219,128.190994,MACS,46.097912,-50.04752,-2.165049,1.859155,77.841476,33.771751,0.080518,0,0,0,0,11,1.3.46.670589.11.17366.5.0.13324.2021061512245406147,1.3.46.670589.11.17366.5.0.13324.2021061512145040121,1.2.840.114350.2.215.2.798268.2.211441368.1,8,44.133507,-59.303738,-0.953904,239.398831,253.434577,44.684071,-56.691116,-1.204127,244.872784,253.881029,45.223003,-54.116791,-1.367203,250.262944,254.149861,45.864578,-51.102493,-1.805323,256.58485,254.971194,46.450157,-48.332668,-2.114988,262.390041,255.535478,46.945354,-46.021599,-2.528416,267.240356,256.32408,47.529106,-43.361492,-3.327352,272.836942,257.893864,47.953522,-41.450325,-4.019055,276.862868,259.262898,,,,,,,,,,,,,,,,,,,,,,,,,,,,,,,,,,,,,,,,,,,,,,,,,,
