ImageNo,RoiNo,RoiMean,RoiMedian,RoiMin,RoiMax,RoiTotal,RoiDev,RoiName,RoiCenterX,RoiCenterY,RoiCenterZ,LengthCm,LengthPix,AreaPix2,AreaCm2,RadiusWidthCM,RadiusHeightCM,RadiusWidthPIX,RadiusHeightPIX,RoiType,SOPInstanceUID,SeriesInstanceUID,StudyInstanceUID,NumOfPoints,mmX,mmY,mmZ,pxX,pxY,...,,,,,,,,,,,,,,,,,,,,,,,,,,,,,,,,,,,,,,,,,,,,,,,,,,,,,,,,,,,,,,,,,,,,,
7,0,15952.35645,16233.31348,7505.127441,19439.20703,989046.125,2028.946899,MACS,-48.482346,-51.20187,-3.581912,2.191003,102.025452,68.013405,0.130182,0,0,0,0,11,1.3.6.1.4.1.19291.2.1.3.16012510615619648499859562490,1.3.6.1.4.1.19291.2.1.2.16012510615619648499859492482,1.3.6.1.4.1.19291.2.1.1.16012510615619648499856002234,7,-45.990948,-62.529152,-1.633439,141.298333,194.302909,-46.869083,-58.52784,-2.161219,150.670262,195.442148,-47.750381,-54.513866,-2.722697,160.072545,196.658222,-48.711231,-50.138893,-3.358207,170.320957,198.037451,-49.452694,-46.775158,-4.070952,178.205519,199.61019,-50.025822,-44.193176,-4.947693,184.26502,201.570896,-50.576263,-41.734993,-6.179171,190.042795,204.344532,,,,,,,,,,,,,,,,,,,,,,,,,,,,,,,,,,,,,,,,
8,0,19244.14258,19643.05078,13620.41699,23497.53516,1828193.5,2179.83252,MACS,-50.244068,-52.497711,-3.332232,2.438078,113.620995,80.075928,0.15327,0,0,0,0,11,1.3.6.1.4.1.19291.2.1.3.16012510615619648499859572491,1.3.6.1.4.1.19291.2.1.2.16012510615619648499859492482,1.3.6.1.4.1.19291.2.1.1.16012510615619648499856002234,8,-47.574314,-64.642685,-1.366701,137.344669,193.775501,-48.263165,-61.495712,-1.633819,144.712257,194.333263,-49.072346,-57.80476,-2.051004,153.35568,195.224924,-49.843807,-54.296268,-2.636161,161.576037,196.503604,-50.789051,-50.003387,-3.46072,171.636631,198.316333,-51.540699,-46.597443,-4.255117,179.621744,200.074992,-52.175491,-43.730465,-5.0966,186.347143,201.950327,-52.693657,-41.410969,-6.157742,191.796713,204.336943,,,,,,,,,,,,,,,,,,,,,,,,,,,,,,,,,,,
9,0,19072.61719,19272.42578,11452.26856,24609.40625,2365004.5,2373.266113,MACS,-51.905491,-54.232231,-2.692454,2.9083,135.52832,116.647537,0.223271,0,0,0,0,11,1.3.6.1.4.1.19291.2.1.3.16012510615619648499859582492,1.3.6.1.4.1.19291.2.1.2.16012510615619648499859492482,1.3.6.1.4.1.19291.2.1.1.16012510615619648499856002234,9,-48.834503,-68.234642,-1.011507,129.930601,193.070709,-49.463852,-65.338493,-0.876731,136.702483,192.714044,-50.117233,-62.34771,-1.024425,143.702024,193.001463,-50.949505,-58.553406,-1.489257,152.588282,194.000313,-51.857273,-54.427052,-2.214657,162.257114,195.589177,-52.924026,-49.587402,-3.23662,173.601132,197.843942,-53.667702,-46.213531,-3.94944,181.509409,199.416681,-54.365707,-43.055191,-4.76899,188.915888,201.236997,-54.969635,-40.332634,-5.660453,195.304545,203.229007,,,,,,,,,,,,,,,,,,,,,,,,,,,,,,
10,0,19456.79883,19661.58203,11878.48633,23923.75195,3074174.25,2245.9646,MACS,-54.10041,-53.538078,-2.412941,3.441588,160.27182,153.520462,0.293848,0,0,0,0,11,1.3.6.1.4.1.19291.2.1.3.16012510615619648499859592493,1.3.6.1.4.1.19291.2.1.2.16012510615619648499859492482,1.3.6.1.4.1.19291.2.1.1.16012510615619648499856002234,11,-50.453506,-70.180374,-0.668398,126.36775,192.365917,-51.063835,-67.366982,-0.451673,132.944226,191.823332,-51.718098,-64.364799,-0.467067,139.967481,191.808154,-52.385242,-61.322491,-0.824711,147.092234,192.574603,-53.189186,-57.667202,-1.45162,155.656924,193.946244,-54.048538,-53.761093,-2.141371,164.809733,195.457325,-54.954399,-49.645164,-2.896989,174.454851,197.115436,-55.846359,-45.584545,-3.499483,183.967169,198.42447,-56.57938,-42.24509,-3.951437,191.789126,199.401503,-57.151001,-39.653839,-4.536504,197.863802,200.695361,-57.714958,-37.127254,-5.653118,203.799044,203.205292,,,,,,,,,,,,,,,,,,,,
11,0,18675.01758,19402.14453,7227.160156,24609.40625,5882630.5,3130.925049,MACS,-56.374039,-52.496571,-2.385207,3.909292,180.275421,289.753387,0.554606,0,0,0,0,11,1.3.6.1.4.1.19291.2.1.3.16012510615619648499859602494,1.3.6.1.4.1.19291.2.1.2.16012510615619648499859492482,1.3.6.1.4.1.19291.2.1.1.16012510615619648499856002234,12,-52.132408,-71.847282,-0.255952,123.455622,191.49797,-52.623295,-69.562538,0.313658,128.787567,190.157633,-53.310413,-66.409996,0.290518,136.162744,190.157633,-54.068092,-62.961334,-0.232786,144.241764,191.295924,-55.035183,-58.576141,-1.200779,154.521479,193.434962,-56.033382,-54.038437,-1.993517,165.154064,195.170855,-56.934231,-49.941727,-2.680936,174.752703,196.673399,-57.965961,-45.238144,-3.257856,185.768515,197.913188,-58.76302,-41.604691,-3.70823,194.278189,198.881684,-59.477577,-38.349003,-4.142554,201.903788,199.819825,-59.943436,-36.258789,-5.008628,206.812666,201.764406,-60.201473,-35.170742,-6.745469,209.396589,205.716172,,,,,,,,,,,,,,,
12,0,19751.4082,19921.01758,11507.86231,27741.17578,4009535.75,2371.60376,MACS,-58.318573,-52.944996,-1.985446,3.928483,182.416504,204.452667,0.391335,0,0,0,0,11,1.3.6.1.4.1.19291.2.1.3.16012510615619648499859612495,1.3.6.1.4.1.19291.2.1.2.16012510615619648499859492482,1.3.6.1.4.1.19291.2.1.1.16012510615619648499856002234,12,-54.060047,-72.344826,0.656272,123.267805,189.468017,-54.632923,-69.71022,0.748982,129.428804,189.211902,-55.308308,-66.627289,0.441668,136.647466,189.862625,-56.212009,-62.517139,-0.239621,146.277407,191.350941,-57.083744,-58.562111,-1.072074,155.547838,193.187383,-57.965229,-54.556141,-1.792859,164.934944,194.767711,-58.827713,-50.625118,-2.292727,174.141821,195.844344,-59.723228,-46.531654,-2.597499,183.724333,196.472301,-60.497643,-42.997574,-2.965809,191.999708,197.254876,-61.315746,-39.28672,-3.762438,200.698149,199.013536,-61.921638,-36.562119,-4.779243,207.094393,201.292015,-62.274632,-35.019047,-6.170005,210.735029,204.445081,,,,,,,,,,,,,,,
13,0,16786.34766,17530.49609,2724.083496,24090.5332,4716963.5,4308.294922,MACS,-60.333363,-53.077038,-1.696095,4.164227,192.556747,254.640381,0.487398,0,0,0,0,11,1.3.6.1.4.1.19291.2.1.3.16012510615619648499859622496,1.3.6.1.4.1.19291.2.1.2.16012510615619648499859492482,1.3.6.1.4.1.19291.2.1.1.16012510615619648499856002234,13,-55.717377,-74.10038,1.255696,120.144144,188.174161,-56.4095,-70.92469,1.235711,127.573391,188.166571,-57.084141,-67.844963,0.932151,134.784463,188.808758,-57.896816,-64.157341,0.165986,143.427886,190.498171,-58.738232,-60.342609,-0.687166,152.370586,192.384285,-59.578796,-56.520157,-1.330382,161.326676,193.790396,-60.472527,-52.445019,-1.817536,170.870395,194.835536,-61.410076,-48.161564,-2.175365,180.898527,195.581589,-62.18055,-44.639896,-2.441494,189.142599,196.130814,-62.940731,-41.176964,-2.914689,197.25387,197.154327,-63.55621,-38.380711,-3.433203,203.806631,198.292618,-64.007721,-36.365932,-4.471775,208.542872,200.632755,-64.341026,-34.941212,-6.367127,211.917906,204.941186,,,,,,,,,,
14,0,15682.43848,17271.05859,908.027771,24275.8457,4594954.5,4974.253418,MACS,-62.087627,-54.388699,-1.114797,4.31703,199.773941,256.187836,0.49036,0,0,0,0,11,1.3.6.1.4.1.19291.2.1.3.16012510615619648499859632497,1.3.6.1.4.1.19291.2.1.2.16012510615619648499859492482,1.3.6.1.4.1.19291.2.1.1.16012510615619648499856002234,13,-57.40144,-75.735954,1.806935,117.302212,186.98844,-58.108448,-72.481415,1.976431,124.911686,186.546405,-58.813244,-69.268829,1.573131,132.435789,187.414351,-59.676891,-65.358978,0.595349,141.603774,189.583744,-60.521004,-61.534714,-0.309035,150.569923,191.586788,-61.346901,-57.779541,-0.951757,159.368613,192.9929,-62.110889,-54.290936,-1.277136,167.536652,193.678117,-62.947411,-50.460842,-1.44802,176.500087,194.004461,-63.745087,-46.808456,-1.60872,185.047598,194.310497,-64.671204,-42.590385,-2.199086,194.927961,195.589177,-65.439316,-39.102692,-2.882035,203.101839,197.091721,-65.994026,-36.616276,-3.9581,208.942221,199.509641,-66.363304,-35.024071,-5.810269,212.708067,203.716575,,,,,,,,,,
15,0,11585.53027,12730.91992,240.905334,23145.44336,7936088.5,6943.161133,MACS,-64.058022,-54.735085,-1.016042,4.738649,215.69725,657.76532,1.259004,0,0,0,0,11,1.3.6.1.4.1.19291.2.1.3.16012510615619648499859642498,1.3.6.1.4.1.19291.2.1.2.16012510615619648499859492482,1.3.6.1.4.1.19291.2.1.1.16012510615619648499856002234,15,-59.103767,-77.34877,1.256203,114.538061,188.32119,-59.460239,-75.66362,2.138965,118.460423,186.275112,-60.055138,-72.916321,2.440835,124.880383,185.539017,-60.739716,-69.793671,2.088823,132.192954,186.291238,-61.605026,-65.869247,1.23626,141.392242,188.174161,-62.452389,-62.037464,0.198551,150.378944,190.481837,-63.265106,-58.340687,-0.406093,159.040171,191.801902,-64.126396,-54.404194,-0.708598,168.255448,192.427307,-65.008507,-50.35807,-0.757122,177.721515,192.47033,-65.800682,-46.740326,-1.087121,186.191764,193.163942,-66.69062,-42.690113,-1.709753,195.680182,194.519184,-67.495293,-39.043343,-2.550317,204.229696,196.379341,-68.078194,-36.442257,-3.891575,210.344214,199.401503,-68.394005,-35.094395,-5.724942,213.538069,203.569545,-68.595268,-34.28376,-7.764765,215.479803,208.218515
16,0,14543.53809,16881.9043,389.154755,25535.96484,5017520.5,6245.581543,MACS,-65.940887,-55.437344,-0.089898,4.359636,201.759674,334.875702,0.640973,0,0,0,0,11,1.3.6.1.4.1.19291.2.1.3.16012510615619648499859652499,1.3.6.1.4.1.19291.2.1.2.16012510615619648499859492482,1.3.6.1.4.1.19291.2.1.1.16012510615619648499856002234,13,-61.371052,-76.266571,2.543185,118.037357,185.408113,-61.921661,-73.715874,2.965557,123.994717,184.399871,-62.691734,-70.193535,2.744596,132.239357,184.84584,-63.455292,-66.740807,1.807993,140.33709,186.928773,-64.307442,-62.882961,0.844077,149.383124,189.067331,-65.220398,-58.73188,0.135098,159.109427,190.618251,-65.990334,-55.200195,0.094028,167.371906,190.652879,-66.818031,-51.397457,0.159766,176.266086,190.438814,-67.51564,-48.208004,-0.066094,183.732118,190.901571,-68.43644,-44.034985,-1.028645,193.515387,193.031717,-69.240227,-40.43261,-2.596191,201.97724,196.554341,-69.846153,-37.697479,-3.426072,208.393934,198.405371,-70.41716,-35.183117,-5.346011,214.318487,202.751725,,,,,,,,,,
17,0,12283.5791,13861.32227,74.124718,29038.35742,8426535,7168.705566,MACS,-68.008781,-55.319199,0.315473,4.835051,220.398926,643.549011,1.231793,0,0,0,0,11,1.3.6.1.4.1.19291.2.1.3.16012510615619648499859662500,1.3.6.1.4.1.19291.2.1.2.16012510615619648499859492482,1.3.6.1.4.1.19291.2.1.1.16012510615619648499856002234,14,-62.992226,-78.209976,2.747675,114.483046,185.020146,-63.573166,-75.477303,3.941051,120.848936,182.246511,-64.237495,-72.41169,4.236172,128.013678,181.52049,-65.158722,-68.251144,3.01342,137.773561,184.245619,-66.000671,-64.45507,1.780025,146.681081,187.001186,-66.911827,-60.315815,1.00686,156.381151,188.699013,-67.753441,-56.454823,0.971177,165.413843,188.715803,-68.485931,-53.079773,1.205321,173.303807,188.123977,-69.243423,-49.612068,1.040769,181.419379,188.441926,-69.925491,-46.542137,-0.054159,188.625175,190.893177,-70.988853,-41.776352,-2.126965,199.819803,195.551175,-71.757423,-38.276386,-2.6266,208.018309,196.634508,-72.394737,-35.43187,-4.081687,214.704817,199.912786,-72.69957,-34.174412,-6.636478,217.703268,205.731349,,,,,
18,0,13904.22754,15492.06641,18.531179,27500.26953,9788576,6919.715332,MACS,-70.117439,-54.995171,1.060592,4.717063,214.66452,676.557068,1.294973,0,0,0,0,11,1.3.6.1.4.1.19291.2.1.3.16012510615619648499859672501,1.3.6.1.4.1.19291.2.1.2.16012510615619648499859492482,1.3.6.1.4.1.19291.2.1.1.16012510615619648499856002234,15,-65.160263,-77.622734,3.323973,116.840338,183.739839,-65.707161,-75.045357,4.534911,122.842545,180.928665,-66.333405,-72.15464,4.828619,129.598177,180.20882,-67.18438,-68.29335,4.023983,138.648708,181.983249,-68.061775,-64.316544,3.115663,147.971765,183.992737,-68.882431,-60.582924,2.518085,156.719038,185.296014,-69.646385,-57.072639,2.58597,164.92905,185.081949,-70.334,-53.882877,3.192869,172.377242,183.64121,-70.976753,-50.954258,2.80365,179.236758,184.481728,-71.643387,-47.985527,1.16179,186.217998,188.184838,-72.382454,-44.725956,-1.230027,193.896296,193.59731,-72.997169,-41.972115,-2.450258,200.365458,196.340276,-73.632156,-39.071846,-2.707514,207.155714,196.879635,-74.227081,-36.401535,-3.795836,213.42655,199.322492,-74.592735,-34.84531,-5.99704,217.116018,204.327828
19,0,13040.01953,13379.51172,389.154755,24405.5625,8476013,5858.375977,MACS,-71.328743,-58.733807,2.816178,3.839202,173.261108,618.171814,1.183219,0,0,0,0,11,1.3.6.1.4.1.19291.2.1.3.16012510615619648499859682502,1.3.6.1.4.1.19291.2.1.2.16012510615619648499859492482,1.3.6.1.4.1.19291.2.1.1.16012510615619648499856002234,13,-67.200027,-77.63343,3.734296,117.80258,182.848952,-67.648232,-75.512375,4.885232,122.738661,180.182586,-68.291733,-72.535187,5.309599,129.693667,179.162632,-69.170395,-68.521523,4.961081,139.090478,179.89192,-70.058441,-64.47184,4.485135,148.574385,180.911876,-70.894478,-60.649963,4.205974,157.521032,181.485862,-71.644295,-57.191353,4.512489,165.604822,180.727201,-72.340958,-53.978802,4.781337,173.113878,180.058773,-72.972336,-51.120041,4.07404,179.817041,181.627532,-73.535896,-48.649887,1.973097,185.64221,186.388365,-74.079353,-46.292892,-0.504377,191.211043,192.011761,-74.667969,-43.715141,-2.739241,197.290899,197.076911,-74.769577,-43.267029,-3.068363,198.346475,197.821688,,,,,,,,,,
20,0,8375.672852,7227.160156,92.655899,24683.53125,8509684,6275.807129,MACS,-73.477936,-58.205189,3.895088,4.2753,184.974915,983.456665,1.882397,0,0,0,0,11,1.3.6.1.4.1.19291.2.1.3.16012510615619648499859692503,1.3.6.1.4.1.19291.2.1.2.16012510615619648499859492482,1.3.6.1.4.1.19291.2.1.1.16012510615619648499856002234,15,-69.058128,-78.476768,4.166883,116.81654,181.921148,-69.673752,-75.579315,5.460718,123.565657,178.915111,-70.339241,-72.482307,6.225814,130.793371,177.114326,-71.099228,-68.99044,6.290156,138.960361,176.908655,-71.987694,-64.927612,6.01657,148.470501,177.465854,-72.728889,-61.518753,6.139825,156.442013,177.126926,-73.443092,-58.206997,6.745361,164.175626,175.687236,-74.094765,-55.175301,7.476911,171.251304,173.964225,-74.717125,-52.325294,7.358208,177.92089,174.187734,-75.21888,-50.103008,5.90224,183.151834,177.478454,-75.440216,-49.209358,3.698097,185.291433,182.50163,-75.604912,-48.581718,1.385278,186.811171,187.777687,-75.830963,-47.670349,-0.889697,188.993792,192.962461,-76.221687,-45.981453,-2.773277,192.986521,197.239558,-76.710449,-43.849174,-4.776713,198.01914,201.783186
21,0,6772.647461,2964.98877,426.217133,28649.20313,9820339,6969.544434,MACS,-75.478035,-58.359852,4.992054,4.590018,192.904984,1406.756958,2.692621,0,0,0,0,11,1.3.6.1.4.1.19291.2.1.3.16012510615619648499859702504,1.3.6.1.4.1.19291.2.1.2.16012510615619648499859492482,1.3.6.1.4.1.19291.2.1.1.16012510615619648499856002234,15,-71.031853,-78.812065,4.189836,117.028072,181.921148,-71.591164,-76.169014,5.557207,123.180432,178.751291,-72.221268,-73.214828,6.675406,130.066181,176.145788,-73.009789,-69.562737,7.26743,138.59624,174.731281,-73.875931,-65.585907,7.290568,147.898612,174.611658,-74.470543,-62.846664,7.471076,154.302415,174.153105,-75.086647,-59.995586,7.889026,160.962556,173.14994,-75.752235,-56.894115,8.726565,168.199083,171.183473,-76.330246,-54.237103,8.798871,174.412956,170.973615,-77.009697,-51.161816,8.016994,181.6243,172.709209,-77.778206,-47.727333,6.341876,189.695799,176.480526,-78.22168,-45.824898,3.943031,194.199553,181.931831,-78.459015,-44.9156,0.696672,196.398962,189.337001,-78.620789,-44.340565,-2.32228,197.811369,196.227997,-78.711487,-44.109497,-5.661438,198.426283,203.856676
22,0,5896.869141,2538.771484,0,26666.36719,7766176.5,6251.17627,MACS,-78.011757,-56.158131,4.414701,4.425563,189.153976,1290.891113,2.470846,0,0,0,0,11,1.3.6.1.4.1.19291.2.1.3.16012510615619648499859702505,1.3.6.1.4.1.19291.2.1.2.16012510615619648499859492482,1.3.6.1.4.1.19291.2.1.1.16012510615619648499856002234,12,-73.634117,-76.19194,5.48376,124.124836,178.966405,-74.225571,-73.424644,6.431169,130.577208,176.754404,-74.863998,-70.451828,7.196662,137.514374,174.95479,-75.535225,-67.340172,7.751338,144.781032,173.634725,-76.35981,-63.516598,8.4509,153.70984,171.971525,-77.006386,-60.520123,8.968777,160.707868,170.737505,-77.689621,-57.366276,9.290393,168.078409,169.949453,-78.41787,-54.040802,8.981358,175.864489,170.600042,-79.231689,-50.381367,7.611703,184.455412,173.669353,-79.918396,-47.34671,5.497431,191.601397,178.451181,-80.245941,-45.968681,3.237402,194.875326,183.593981,-80.442192,-45.226078,0.385697,196.675989,190.099869,,,,,,,,,,,,,,,
27,0,7269.850098,2890.864014,500.341858,22608.03906,8592963,6927.777344,LACS,-89.708344,-49.574352,2.188504,3.878845,153.147202,1146.601685,2.194667,0,0,0,0,11,1.3.6.1.4.1.19291.2.1.3.16012510615619648499859752510,1.3.6.1.4.1.19291.2.1.2.16012510615619648499859492482,1.3.6.1.4.1.19291.2.1.1.16012510615619648499856002234,15,-86.737221,-63.204987,2.308128,159.557619,186.241476,-87.041893,-61.676662,4.649493,163.08063,180.864,-87.403358,-59.919403,6.419394,167.151917,176.788919,-87.829361,-57.875961,8.007921,171.896693,173.123621,-88.222328,-56.026234,8.837626,176.205224,171.196075,-88.732048,-53.69944,8.606623,181.653381,171.685064,-89.311638,-51.135292,6.874081,187.690215,175.60224,-89.829567,-48.861252,5.012828,193.051276,179.818475,-90.378838,-46.42477,3.487351,198.784854,183.264497,-90.944191,-43.914234,1.965456,204.691573,186.701076,-91.493347,-41.474297,0.511475,210.431636,189.983608,-91.793007,-40.20359,-1.376098,213.446208,194.276862,-91.928589,-39.734344,-4.135089,214.605369,200.575405,-92.020302,-39.522961,-7.913059,215.184001,209.207445,-91.959435,-39.941872,-10.428569,214.260085,214.964351
28,0,9041.493164,7690.439453,129.718262,23719.91016,9439319,7459.304688,LACS,-91.637863,-50.079636,2.805224,3.626698,147.795547,988.320251,1.891707,0,0,0,0,11,1.3.6.1.4.1.19291.2.1.3.16012510615619648499859762511,1.3.6.1.4.1.19291.2.1.2.16012510615619648499859492482,1.3.6.1.4.1.19291.2.1.1.16012510615619648499856002234,13,-88.653297,-63.788467,2.62796,159.181983,185.567039,-89.138954,-61.405739,5.396718,164.694157,179.198301,-89.585754,-59.255825,7.183255,169.683595,175.07862,-90.076103,-56.937672,8.399768,175.079286,172.259052,-90.626907,-54.399754,8.576245,181.012237,171.813084,-91.212036,-51.755863,7.82186,187.213817,173.493073,-91.759163,-49.348751,5.94403,192.886531,177.744986,-92.250954,-47.206345,3.87349,197.944335,182.441817,-92.809326,-44.756325,1.838342,203.720935,187.052604,-93.348763,-42.383865,-0.027405,209.312316,191.277465,-93.770065,-40.574364,-2.267944,213.595134,196.368472,-93.988876,-39.692356,-4.472523,215.707511,201.392842,-94.072037,-39.52993,-8.425881,216.175517,210.426583,,,,,,,,,,
29,0,10181.35742,11137.23926,74.124718,22904.53711,9091952,7559.86377,LACS,-93.519249,-50.874519,2.183882,3.471258,148.207199,842.308105,1.61223,0,0,0,0,11,1.3.6.1.4.1.19291.2.1.3.16012510615619648499859772512,1.3.6.1.4.1.19291.2.1.2.16012510615619648499859492482,1.3.6.1.4.1.19291.2.1.1.16012510615619648499856002234,12,-90.20031,-66.081345,2.6686,154.813792,185.55945,-90.827621,-63.090252,4.683836,161.765904,180.902892,-91.380112,-60.472481,6.159423,167.856709,177.486122,-92.024353,-57.469093,6.995159,174.863837,175.525416,-92.648735,-54.599174,7.068105,181.575731,175.310524,-93.341263,-51.476906,6.051758,188.902202,177.581289,-93.925232,-48.89473,4.281441,194.982059,181.584509,-94.631432,-45.77626,2.065099,202.326366,186.598241,-95.315155,-42.768978,-0.295828,209.413814,191.944314,-95.77536,-40.774227,-2.415304,214.127288,196.75549,-96.041237,-39.661327,-4.352353,216.773814,201.16447,-96.120163,-39.429462,-6.703321,217.368571,206.534358,,,,,,,,,,,,,,,
30,0,10753.86621,12360.29688,426.217133,24479.6875,10269942,7685.304199,LACS,-95.128899,-52.910381,1.675853,3.78763,165.48407,915.495544,1.752316,0,0,0,0,11,1.3.6.1.4.1.19291.2.1.3.16012510615619648499859782513,1.3.6.1.4.1.19291.2.1.2.16012510615619648499859492482,1.3.6.1.4.1.19291.2.1.1.16012510615619648499856002234,12,-91.437752,-69.825447,2.163803,147.062979,186.822953,-91.962845,-67.322075,3.844522,152.881613,182.939203,-92.541672,-64.605026,4.930944,159.213311,180.410301,-93.257202,-61.285324,5.5704,166.964763,178.89296,-94.034752,-57.707275,5.735111,175.331126,178.456436,-94.807312,-54.195965,5.109786,183.558976,179.82687,-95.615074,-50.557293,3.867914,192.098479,182.604465,-96.369476,-47.185215,2.234568,200.023074,186.281341,-97.216034,-43.426949,-0.061757,208.865836,191.467164,-97.819016,-40.769165,-2.042429,215.127227,195.949931,-98.175301,-39.257633,-4.273598,218.712814,201.024525,-98.310371,-38.787174,-6.96906,219.873382,207.177837,,,,,,,,,,,,,,,
31,0,8655.892578,4836.637695,0,26128.96289,11564272,7559.841797,LACS,-97.336662,-52.255508,0.183531,4.309023,184.779709,1265.740845,2.422707,0,0,0,0,11,1.3.6.1.4.1.19291.2.1.3.16012510615619648499859792514,1.3.6.1.4.1.19291.2.1.2.16012510615619648499859492482,1.3.6.1.4.1.19291.2.1.1.16012510615619648499856002234,13,-93.253456,-70.903824,1.866858,145.543361,187.566637,-93.649345,-68.993294,3.55098,149.975106,183.685064,-94.26194,-66.133591,4.414747,156.645492,181.662701,-94.999275,-62.721874,4.908448,164.615425,180.476981,-95.776466,-59.151131,4.971543,172.96697,180.272838,-96.649948,-55.160709,4.632581,182.309209,180.980675,-97.482361,-51.394932,3.642165,191.140449,183.181371,-98.423439,-47.17886,1.777371,201.044528,187.373127,-99.347198,-43.059383,-0.39505,210.729488,192.269675,-99.993896,-40.215965,-2.646503,217.431174,197.36827,-100.396576,-38.510151,-5.214952,221.478751,203.210548,-100.552948,-37.947594,-8.011977,222.857032,209.594463,-100.589798,-37.950333,-11.11028,222.919639,216.67653,,,,,,,,,,
32,0,9941.824219,11507.86231,37.062359,23923.75195,10130719,7330.577637,LACS,-99.012291,-53.924149,0.836842,4.055665,178.492004,971.622864,1.859747,0,0,0,0,11,1.3.6.1.4.1.19291.2.1.3.16012510615619648499859802515,1.3.6.1.4.1.19291.2.1.2.16012510615619648499859492482,1.3.6.1.4.1.19291.2.1.1.16012510615619648499856002234,13,-95.086067,-71.900879,1.636957,144.212508,188.155702,-95.490021,-69.977943,2.877358,148.683146,185.288158,-96.043472,-67.385651,3.814816,154.726347,183.10185,-96.67363,-64.475922,4.127202,161.52605,182.338982,-97.420639,-61.04319,4.199789,169.554527,182.115474,-98.202087,-57.464508,4.053247,177.929284,182.3904,-98.990356,-53.874458,3.547164,186.338672,183.486957,-99.832008,-50.066578,2.551486,195.268527,185.698959,-100.798698,-45.730385,0.733147,205.45256,189.78251,-101.550232,-42.384552,-1.135633,213.320998,193.997981,-102.091248,-39.98595,-2.661313,218.965972,197.445105,-102.414131,-38.620338,-4.759575,222.207252,202.218338,-102.567162,-38.103558,-8.10571,223.490676,209.858167,,,,,,,,,,
33,0,9927.581055,11081.64551,166.780609,26406.93164,10036784,7504.615723,LACS,-100.742447,-55.389961,0.63318,4.213889,186.655167,995.628662,1.905695,0,0,0,0,11,1.3.6.1.4.1.19291.2.1.3.16012510615619648499859812516,1.3.6.1.4.1.19291.2.1.2.16012510615619648499859492482,1.3.6.1.4.1.19291.2.1.1.16012510615619648499856002234,14,-96.633453,-74.222511,1.128777,139.7893,189.403079,-97.062073,-72.213875,1.873464,144.47147,187.667186,-97.487297,-70.204338,2.914899,149.149122,185.252991,-98.069275,-67.50383,3.442752,155.454587,184.001132,-98.840553,-63.958218,3.541719,163.74653,183.715419,-99.557823,-60.673248,3.410979,171.433889,183.959159,-100.351913,-57.025913,3.455822,179.964998,183.795462,-101.058891,-53.796631,3.1732,187.52547,184.387288,-101.840454,-50.258144,2.29243,195.822578,186.341153,-102.819099,-45.85944,0.61225,206.149764,190.107871,-103.594193,-42.402866,-1.209619,214.276214,194.214256,-104.095436,-40.192593,-2.83933,219.482948,197.902318,-104.416687,-38.841587,-5.06613,222.692924,202.96961,-104.567169,-38.306229,-7.866688,224.007652,209.362062,,,,,
34,0,9032.407227,7931.344727,0,23590.19141,9321444,7301.341309,LACS,-102.517715,-56.629612,0.775059,4.255218,189.203156,965.338196,1.847718,0,0,0,0,11,1.3.6.1.4.1.19291.2.1.3.16012510615619648499859822517,1.3.6.1.4.1.19291.2.1.2.16012510615619648499859492482,1.3.6.1.4.1.19291.2.1.1.16012510615619648499856002234,14,-98.526184,-74.917427,1.37141,139.154702,188.906974,-98.957924,-72.895599,2.095666,143.868176,187.217561,-99.371849,-70.945923,2.993088,148.409008,185.13354,-99.801117,-68.941818,3.602114,153.083589,183.70783,-100.377907,-66.291344,3.656791,159.282568,183.538375,-101.12146,-62.900269,3.264184,167.22395,184.378893,-101.961716,-59.055313,3.052331,176.223062,184.798628,-102.721962,-55.581573,2.767915,184.355424,185.390454,-103.544205,-51.840256,2.178091,193.120536,186.675892,-104.648277,-46.845387,0.866972,204.83409,189.589,-105.318848,-43.83865,-0.415842,211.896236,192.470773,-105.944443,-41.064251,-2.165061,218.425285,196.42254,-106.356606,-39.302349,-4.506919,222.599014,201.745947,-106.595543,-38.394394,-7.909876,224.798766,209.509092,,,,,
35,0,8893.757812,7227.160156,166.780609,23404.87891,8315663.5,7179.681641,LACS,-104.627144,-56.343025,0.780483,4.248836,189.385269,926.68335,1.77373,0,0,0,0,11,1.3.6.1.4.1.19291.2.1.3.16012510615619648499859832518,1.3.6.1.4.1.19291.2.1.2.16012510615619648499859492482,1.3.6.1.4.1.19291.2.1.1.16012510615619648499856002234,14,-100.429581,-75.561302,1.651013,138.638678,188.325497,-100.902695,-73.33651,2.610742,143.821696,186.094447,-101.401947,-71.007347,3.288757,149.255138,184.505582,-101.94529,-68.493965,3.639653,155.126822,183.66135,-102.658882,-65.22953,3.442641,162.767599,184.056906,-103.445717,-61.634327,3.148582,171.184312,184.668738,-104.23587,-58.022205,2.884692,179.639917,185.211323,-105.058235,-54.271351,2.457108,188.423728,186.12575,-105.880646,-50.536201,1.741636,197.177184,187.698489,-106.595284,-47.304585,0.867183,204.756305,189.643069,-107.382416,-43.766449,-0.480953,213.062984,192.665232,-107.968262,-41.176487,-2.265747,219.161376,196.701421,-108.34462,-39.570961,-4.464122,222.966117,201.699467,-108.530563,-38.891144,-7.59441,224.626121,208.843191,,,,,
36,0,8787.990234,7616.314941,222.374146,23905.2207,7540096,7059.203125,LACS,-106.799606,-55.76442,0.834784,4.130424,184.858246,837.322388,1.602687,0,0,0,0,11,1.3.6.1.4.1.19291.2.1.3.16012510615619648499859842519,1.3.6.1.4.1.19291.2.1.2.16012510615619648499859492482,1.3.6.1.4.1.19291.2.1.1.16012510615619648499856002234,13,-102.58255,-75.028786,2.487619,140.862139,186.451111,-103.152374,-72.366806,3.325868,147.070568,184.490405,-103.712173,-69.763817,3.930491,153.146195,183.064696,-104.300568,-67.058792,4.008986,159.472247,182.839884,-105.1343,-63.261963,3.469023,168.366094,184.010426,-106.087143,-58.911682,3.05073,178.5519,184.89355,-106.917542,-55.127842,2.551942,187.414443,185.970184,-107.771652,-51.24955,1.794752,196.503696,187.635883,-108.672684,-47.173077,0.727349,206.063445,190.007322,-109.41832,-43.825554,-0.622706,213.924293,193.037073,-109.907631,-41.665123,-2.163653,219.01245,196.523089,-110.25296,-40.195545,-4.245663,222.496574,201.25743,-110.485008,-39.308937,-7.462543,224.642249,208.595613,,,,,,,,,,
37,0,8940.104492,8561.405273,352.092407,22478.32031,6687198.5,6869.554199,LACS,-108.616928,-56.79393,1.284467,4.047403,182.695801,730.875488,1.398941,0,0,0,0,11,1.3.6.1.4.1.19291.2.1.3.16012510615619648499859852520,1.3.6.1.4.1.19291.2.1.2.16012510615619648499859492482,1.3.6.1.4.1.19291.2.1.1.16012510615619648499856002234,13,-104.410873,-76.005615,2.976335,139.562591,185.397244,-104.943863,-73.523003,3.629572,145.355542,183.862448,-105.601212,-70.475296,4.179883,152.472707,182.553414,-106.20713,-67.690018,4.254472,158.986576,182.33619,-106.948555,-64.306168,3.907605,166.91003,183.072285,-107.780792,-60.507919,3.517023,175.803876,183.90134,-108.685028,-56.394363,2.852718,185.441405,185.350763,-109.63961,-52.065811,1.898839,195.588321,187.458499,-110.477409,-48.27285,0.952622,204.482169,189.557697,-111.161842,-45.186775,-0.04651,211.723594,191.789696,-111.736877,-42.630589,-1.54637,217.736617,195.175163,-112.102699,-41.071335,-3.707055,221.432265,200.087837,-112.324203,-40.191345,-6.171098,223.545692,205.705303,,,,,,,,,,
38,0,9111.59668,8542.874023,296.498871,22886.00586,6350783,7169.436523,LACS,-110.504829,-57.515076,1.453661,3.972016,180.226196,672.447876,1.287107,0,0,0,0,11,1.3.6.1.4.1.19291.2.1.3.16012510615619648499859862521,1.3.6.1.4.1.19291.2.1.2.16012510615619648499859492482,1.3.6.1.4.1.19291.2.1.1.16012510615619648499856002234,12,-106.310623,-76.674896,3.100095,138.990599,185.172431,-106.94825,-73.709763,3.793769,145.911408,183.537087,-107.578941,-70.782089,4.385642,152.746845,182.135092,-108.317467,-67.383736,4.540383,160.693064,181.724358,-109.098969,-63.811859,4.266836,169.05476,182.289709,-110.168037,-58.953861,3.383763,180.438617,184.226701,-111.133499,-54.579361,2.358165,190.694617,186.497592,-112.091797,-50.24651,1.173927,200.856712,189.131787,-112.850853,-46.827053,0.010092,208.881664,191.734679,-113.491249,-43.957085,-1.241424,215.623191,194.547206,-113.889503,-42.219158,-2.864344,219.72483,198.22768,-114.178787,-41.035507,-5.462992,222.551589,204.147741,,,,,,,,,,,,,,,
39,0,9641.451172,9154.402344,0,22367.13281,5833078,7116.90918,LACS,-112.568649,-57.436054,1.491243,3.749525,171.239838,551.278809,1.055182,0,0,0,0,11,1.3.6.1.4.1.19291.2.1.3.16012510615619648499859872522,1.3.6.1.4.1.19291.2.1.2.16012510615619648499859492482,1.3.6.1.4.1.19291.2.1.1.16012510615619648499856002234,11,-108.556541,-75.750076,3.317142,142.145562,184.707629,-109.156677,-72.954887,4.04942,148.667969,182.986913,-109.892487,-69.553963,4.475136,156.614188,181.956759,-110.764374,-65.558937,4.350779,165.962403,182.173983,-111.798332,-60.84964,3.692482,176.99339,183.599693,-112.735481,-56.601437,2.732543,186.952487,185.722605,-113.733871,-52.084473,1.550279,197.545234,188.349212,-114.510902,-48.572952,0.558405,205.781718,190.557496,-115.245163,-45.28363,-0.899534,213.508815,193.834825,-115.774857,-42.951118,-2.679541,219.004859,197.864375,-116.086441,-41.635452,-4.743405,222.128524,202.559825,,,,,,,,,,,,,,,,,,,,
40,0,12080.47168,14139.29004,0,21347.91797,5303327,6570.181641,LACS,-114.766502,-56.744129,1.487569,3.371265,154.359116,399.876312,0.765388,0,0,0,0,11,1.3.6.1.4.1.19291.2.1.3.16012510615619648499859882523,1.3.6.1.4.1.19291.2.1.2.16012510615619648499859492482,1.3.6.1.4.1.19291.2.1.1.16012510615619648499856002234,10,-111.213654,-72.925369,3.760936,149.73986,183.692653,-111.847427,-69.996704,4.11584,156.582885,182.832295,-112.526581,-66.87281,4.235252,163.887867,182.506934,-113.303078,-63.328972,3.870189,172.186008,183.28192,-114.27964,-58.896,2.980276,182.575759,185.241677,-115.45974,-53.545891,1.781522,195.117828,187.891998,-116.344833,-49.535034,0.850308,204.52106,189.953253,-117.092422,-46.1693,-0.333472,212.420798,192.602625,-117.61377,-43.869156,-2.006199,217.838714,196.387505,-117.983871,-42.30204,-4.378971,221.557479,201.784839,,,,,,,,,,,,,,,,,,,,,,,,,
41,0,16604.68945,17030.1543,11711.70508,19105.64648,1228747,1647.415161,LACS,-116.139137,-59.774429,2.663725,2.248066,104.814873,62.613205,0.119846,0,0,0,0,11,1.3.6.1.4.1.19291.2.1.3.16012510615619648499859892524,1.3.6.1.4.1.19291.2.1.2.16012510615619648499859492482,1.3.6.1.4.1.19291.2.1.1.16012510615619648499856002234,7,-113.809387,-70.413826,3.637666,156.614188,183.979123,-114.372635,-67.822441,3.747296,162.673691,183.685064,-115.236382,-63.868141,3.562643,171.927995,184.04078,-116.156326,-59.676506,3.006497,181.745755,185.241677,-117.03476,-55.683792,2.299094,191.101558,186.79165,-117.793922,-52.236057,1.636365,199.181525,188.248663,-118.570541,-48.720226,0.756502,207.425597,190.200832,,,,,,,,,,,,,,,,,,,,,,,,,,,,,,,,,,,,,,,,
