ImageNo,RoiNo,RoiMean,RoiMedian,RoiMin,RoiMax,RoiTotal,RoiDev,RoiName,RoiCenterX,RoiCenterY,RoiCenterZ,LengthCm,LengthPix,AreaPix2,AreaCm2,RadiusWidthCM,RadiusHeightCM,RadiusWidthPIX,RadiusHeightPIX,RoiType,SOPInstanceUID,SeriesInstanceUID,StudyInstanceUID,NumOfPoints,mmX,mmY,mmZ,pxX,pxY,...
19,0,1221.715698,1444.187988,18.940170,2391.196533,1006693.750000,760.186584,"LATCONDYLECART",122.637939,-60.526478,0.132228,2.597655,160.423340,779.748291,0.761473,0.000000,0.000000,0.000000,0.000000,11,1.3.6.1.4.1.19291.2.1.3.1601251010784664970738511886,1.3.6.1.4.1.19291.2.1.2.1601251010784664970738485866,1.3.6.1.4.1.19291.2.1.1.16012510107846649707373522,12,122.118835,-72.763901,-2.919848,382.731865,384.484040,122.295929,-70.221024,-3.452060,390.928620,385.983765,122.437912,-67.720619,-3.433528,398.938740,385.722165,122.548920,-65.534309,-3.196019,405.922362,384.784298,122.662971,-63.024441,-2.697874,413.918815,382.985096,122.755501,-60.439743,-1.764900,422.115181,379.786515,122.823082,-58.174744,-0.719914,429.276848,376.254878,122.864044,-56.194920,0.498719,435.508851,372.189885,122.860062,-54.749321,1.959552,440.006855,367.392012,122.827248,-53.321632,3.888859,444.404515,361.094413,122.774246,-52.300846,5.765931,447.503142,354.997118,122.686485,-51.872223,7.657834,448.703000,348.900212
20,0,988.016602,733.931580,14.205128,2348.581055,1184631.875000,827.951599,"LATCONDYLECART",121.402657,-61.537373,-0.316498,3.048674,186.742737,1138.304443,1.111625,0.000000,0.000000,0.000000,0.000000,11,1.3.6.1.4.1.19291.2.1.3.1601251010784664970738512887,1.3.6.1.4.1.19291.2.1.2.1601251010784664970738485866,1.3.6.1.4.1.19291.2.1.1.16012510107846649707373522,13,120.741959,-75.945847,-3.075978,372.324761,385.019742,120.943222,-73.170959,-3.791704,381.281727,387.088746,121.103012,-70.638680,-4.042541,389.418744,387.687699,121.256851,-68.048798,-4.137630,397.725996,387.782967,121.382111,-65.550743,-3.839636,405.702927,386.626061,121.495697,-63.098549,-3.389141,413.518993,384.984211,121.588127,-60.610035,-2.547321,421.415491,382.085496,121.662697,-57.984341,-1.272246,429.711812,377.787402,121.697861,-55.452641,0.576083,437.654383,371.660040,121.679390,-53.648098,2.627119,443.248387,364.941926,121.633720,-52.644730,4.363895,446.304062,359.295602,121.569748,-51.810867,6.245685,448.803345,353.198306,121.480164,-51.381592,8.168877,450.002423,347.001054
21,0,697.848267,217.811951,0.000000,2334.375977,1873722.625000,769.346069,"LATCONDYLECART",120.160492,-60.335251,1.484332,4.220714,247.230331,2597.066162,2.536197,0.000000,0.000000,0.000000,0.000000,11,1.3.6.1.4.1.19291.2.1.3.1601251010784664970738513888,1.3.6.1.4.1.19291.2.1.2.1601251010784664970738485866,1.3.6.1.4.1.19291.2.1.1.16012510107846649707373522,19,119.419128,-78.184669,-3.233492,364.939755,385.483597,119.566658,-76.242157,-3.846323,371.220173,387.290219,119.722069,-74.076370,-4.376693,378.208481,388.814541,119.872047,-71.702499,-4.614998,385.836739,389.386166,120.001892,-69.523903,-4.702270,392.825434,389.489632,120.130409,-67.220215,-4.646601,400.201851,389.124951,120.234924,-65.067650,-4.332211,407.070290,387.943444,120.334213,-62.852959,-3.869874,414.124193,386.282853,120.414413,-60.618168,-3.066613,421.211285,383.528214,120.497124,-58.096886,-2.029314,429.194854,380.000481,120.537895,-55.868973,-0.568369,436.199560,375.138966,120.546677,-53.988350,1.096800,442.072737,369.651166,120.518044,-52.633278,2.885615,446.250571,363.809617,120.462875,-51.402020,5.002187,450.001643,356.927902,120.401390,-50.299206,7.101390,453.342740,350.112175,120.293114,-49.585220,9.613992,455.400029,342.003270,120.177704,-49.298397,11.835057,456.115338,334.863078,120.047264,-49.479435,13.858100,455.349661,328.395243,119.871529,-50.229366,16.095942,452.741442,321.285115
22,0,638.828369,213.076920,0.000000,2334.375977,2180321.250000,747.288086,"LATCONDYLECART",118.933868,-59.165234,2.992455,4.699151,270.765533,3335.394531,3.257221,0.000000,0.000000,0.000000,0.000000,11,1.3.6.1.4.1.19291.2.1.3.1601251010784664970738515889,1.3.6.1.4.1.19291.2.1.2.1601251010784664970738485866,1.3.6.1.4.1.19291.2.1.1.16012510107846649707373522,21,118.107872,-79.914940,-3.095668,359.157166,384.960003,118.314575,-77.334114,-4.090174,367.517907,387.937977,118.496384,-74.835548,-4.744459,375.583863,389.832451,118.659462,-72.334831,-5.081128,383.627560,390.709015,118.820000,-69.516823,-5.069031,392.655980,390.442338,118.944862,-67.213699,-4.952300,400.024977,389.882039,119.061882,-64.798279,-4.595182,407.731715,388.542397,119.171036,-62.321449,-4.046365,415.617671,386.583500,119.267105,-59.802544,-3.236503,423.614516,383.784741,119.326706,-57.747002,-2.258983,430.111244,380.486207,119.374237,-55.309269,-0.709504,437.780109,375.324040,119.378006,-53.152855,1.305964,444.504860,368.691435,119.316483,-51.646637,3.794666,449.102822,360.595026,119.251152,-50.362957,6.133020,453.001484,352.998395,119.188927,-49.562294,7.953257,455.400029,347.101010,119.097443,-49.228313,9.816596,456.299241,341.103279,118.993332,-48.951984,11.837115,456.999321,334.606551,118.887016,-49.059780,13.524430,456.499150,329.208554,118.774269,-49.249969,15.240760,455.732304,323.724267,118.653450,-49.746315,16.797756,453.999089,318.775290,118.526985,-50.380329,18.317286,451.828177,313.957505
23,0,625.826355,198.871796,4.735043,2395.931641,2564636.500000,744.343628,"LATCONDYLECART",117.721687,-58.962177,3.324812,5.111975,291.514648,4016.112305,3.921985,0.000000,0.000000,0.000000,0.000000,11,1.3.6.1.4.1.19291.2.1.3.1601251010784664970738516890,1.3.6.1.4.1.19291.2.1.2.1601251010784664970738485866,1.3.6.1.4.1.19291.2.1.1.16012510107846649707373522,22,116.872795,-80.815193,-3.441232,356.078446,385.918171,117.059212,-78.512527,-4.362061,363.541157,388.682572,117.262329,-75.624031,-4.999377,372.854992,390.491143,117.427795,-73.103317,-5.357027,380.964680,391.433304,117.578545,-70.577194,-5.461479,389.068509,391.563714,117.737831,-67.660309,-5.332943,398.403040,390.915955,117.871109,-64.992065,-5.006092,406.922699,389.652844,117.990067,-62.334377,-4.447954,415.387305,387.649434,118.067383,-60.213936,-3.706388,422.113619,385.101735,118.139481,-57.862961,-2.654552,429.550165,381.541207,118.192146,-55.655861,-1.413998,436.508407,377.387579,118.210655,-53.310635,0.535171,443.844216,370.952151,118.179703,-51.831974,2.482326,448.403523,364.593253,118.126823,-50.683056,4.480946,451.901581,358.096134,118.058434,-49.689850,6.590715,454.890490,351.255417,117.965843,-49.071865,8.746517,456.672902,344.297566,117.865822,-48.846684,10.648793,457.219925,338.183870,117.749229,-48.442616,13.002758,458.298745,330.608324,117.603302,-48.562843,15.345469,457.698620,323.111258,117.446205,-49.094200,17.479954,455.800242,316.314662,117.307350,-49.719315,19.216764,453.637921,310.799920,117.165131,-50.563061,20.799473,450.789183,305.796670
24,0,609.702942,203.606827,0.000000,2448.017090,2913770.250000,739.222290,"LATCONDYLECART",116.482849,-58.112144,4.730171,5.469699,308.538147,4663.347656,4.554050,0.000000,0.000000,0.000000,0.000000,11,1.3.6.1.4.1.19291.2.1.3.1601251010784664970738518891,1.3.6.1.4.1.19291.2.1.2.1601251010784664970738485866,1.3.6.1.4.1.19291.2.1.1.16012510107846649707373522,22,115.691505,-81.053902,-4.055107,355.144097,387.682622,115.910309,-78.108902,-4.902346,364.658238,390.159260,116.109436,-75.197868,-5.450792,374.036110,391.681241,116.305061,-72.086983,-5.747547,384.031289,392.380539,116.480934,-68.965912,-5.701660,394.027636,391.981106,116.627464,-66.375923,-5.673446,402.323958,391.681241,116.735992,-64.018448,-5.229084,409.837032,390.066723,116.852135,-61.194073,-4.462885,418.816643,387.383145,116.941086,-58.575642,-3.437180,427.112574,383.884697,116.995804,-56.004265,-1.879989,435.208984,378.687005,117.023193,-53.772091,-0.189454,442.206271,373.089486,117.003761,-51.549030,2.281155,449.102822,364.993075,116.940506,-49.977783,4.861797,453.900694,356.596798,116.830910,-48.831814,7.813128,457.301922,347.047127,116.720642,-48.424984,10.063204,458.399090,339.804246,116.602425,-48.218342,12.254245,458.860215,332.766741,116.483223,-48.243183,14.238622,458.598610,326.410185,116.357162,-48.308971,16.299089,458.198788,319.813111,116.231560,-48.657455,18.079243,456.918889,314.137112,116.082527,-49.359856,19.913052,454.500039,308.317818,115.933060,-50.216923,21.605022,451.598591,302.965504,115.764038,-51.324825,23.384607,447.885394,297.352757
25,0,511.063202,175.196579,9.470085,2381.726318,3388349.000000,679.858154,"LATCONDYLECART",115.198975,-59.534157,4.703845,6.428879,352.809875,6513.762695,6.361096,0.000000,0.000000,0.000000,0.000000,11,1.3.6.1.4.1.19291.2.1.3.1601251010784664970738519892,1.3.6.1.4.1.19291.2.1.2.1601251010784664970738485866,1.3.6.1.4.1.19291.2.1.1.16012510107846649707373522,24,114.060265,-87.007072,-2.597309,335.709361,383.270907,114.329895,-83.567596,-3.824165,346.842700,386.923975,114.579918,-80.128807,-4.721391,357.943637,389.520869,114.829712,-76.475975,-5.408217,369.711077,391.426276,115.040672,-73.068810,-5.677716,380.653098,392.014296,115.239563,-69.669685,-5.751572,391.551390,391.976031,115.425438,-66.427391,-5.757364,401.940924,391.732388,115.554420,-63.665779,-5.268126,410.744832,389.941388,115.653694,-61.228161,-4.590622,418.493349,387.573296,115.728043,-58.971161,-3.667283,425.640570,384.432110,115.781410,-56.784580,-2.458382,432.535950,380.381566,115.815613,-54.564053,-0.893802,439.507468,375.188553,115.828293,-52.645512,0.742257,445.504809,369.790947,115.812050,-50.841080,2.755523,451.101935,363.193873,115.744240,-49.681114,5.016333,454.611317,355.855721,115.648430,-48.834961,7.446389,457.099667,348.000611,115.536812,-48.212795,9.926822,458.865681,340.002204,115.386375,-48.063622,12.605250,459.098000,331.407579,115.238464,-47.966446,15.190934,459.172184,323.114380,115.071198,-48.260174,17.726034,457.998486,315.014847,114.888748,-48.939476,20.145000,455.599942,307.318650,114.709572,-49.989204,22.151834,452.052296,300.973027,114.548065,-51.048080,23.852068,448.503479,295.610562,114.324547,-52.778332,25.949793,442.766961,289.028714
26,0,435.454041,165.726486,0.000000,2443.281982,4054077.250000,623.550232,"LATCONDYLECART",113.723343,-66.330780,2.726708,7.649869,414.004272,9204.994141,8.989252,0.000000,0.000000,0.000000,0.000000,11,1.3.6.1.4.1.19291.2.1.3.1601251010784664970738521893,1.3.6.1.4.1.19291.2.1.2.1601251010784664970738485866,1.3.6.1.4.1.19291.2.1.1.16012510107846649707373522,27,111.877373,-97.819862,3.469593,300.280543,364.483145,112.156845,-95.308472,1.182171,308.537425,371.609671,112.414848,-92.716110,-0.665462,317.013354,377.320422,112.640144,-90.412933,-2.240890,324.537753,382.182330,112.860291,-87.833382,-3.462975,332.915286,385.889670,113.053459,-85.179169,-4.158598,341.483752,387.904009,113.248199,-82.448425,-4.806923,350.293124,389.760607,113.450958,-79.405739,-5.289720,360.086825,391.061594,113.641830,-76.472946,-5.677999,369.519755,392.068568,113.829628,-73.338997,-5.820697,379.574671,392.272383,114.008972,-70.316277,-5.928186,389.269980,392.372340,114.166550,-67.475121,-5.843921,398.365946,391.872561,114.318733,-64.631271,-5.666141,407.461913,391.072916,114.419968,-62.339619,-5.162489,414.758677,389.273714,114.508469,-60.084366,-4.479279,421.922297,386.902109,114.585022,-57.384720,-3.166345,430.452109,382.476729,114.627998,-54.804882,-1.403194,438.556718,376.618388,114.640419,-52.279442,0.822410,446.444627,369.282580,114.590988,-50.207546,3.652647,452.823828,360.046051,114.501564,-48.874081,6.444978,456.840407,350.990691,114.378143,-48.075127,9.294666,459.138997,341.794769,114.245346,-47.656498,11.935714,460.238118,333.298147,114.092392,-47.612717,14.554916,460.138163,324.901870,113.888458,-47.995274,17.622074,458.631018,315.104652,113.693542,-48.716393,20.210857,456.082930,306.867680,113.461830,-50.058743,22.820559,451.542365,298.613919,113.228233,-51.482857,25.383341,446.744103,290.517119
27,0,421.321869,156.256409,0.000000,2448.017090,4961907.500000,615.295898,"LATCONDYLECART",112.352898,-68.362160,3.571416,8.671181,460.727448,11715.680664,11.441095,0.000000,0.000000,0.000000,0.000000,11,1.3.6.1.4.1.19291.2.1.3.1601251010784664970738522894,1.3.6.1.4.1.19291.2.1.2.1601251010784664970738485866,1.3.6.1.4.1.19291.2.1.1.16012510107846649707373522,28,110.088951,-104.121147,7.239910,279.518260,352.689547,110.357521,-101.912361,4.844487,286.815409,360.186613,110.611069,-99.557648,2.842745,294.544017,366.410414,110.878105,-97.038200,0.772617,302.806758,372.839987,111.137634,-94.404503,-1.060821,311.413882,378.501929,111.409996,-91.366753,-2.720951,321.299731,383.575850,111.717751,-87.733795,-4.403665,333.094889,388.673979,111.938766,-84.442894,-4.954632,343.690196,390.173315,112.192917,-80.398491,-5.337452,356.684428,391.072916,112.426941,-76.589844,-5.608436,368.912993,391.633215,112.606323,-73.642075,-5.788721,378.374812,391.972517,112.800285,-70.401917,-5.932889,388.770201,392.172430,112.974243,-67.376396,-5.946858,398.465903,391.972517,113.137497,-64.249329,-5.682654,408.461470,390.873003,113.255432,-61.452667,-4.973384,417.357525,388.374113,113.344269,-58.962364,-4.069218,425.254023,385.275488,113.403465,-56.545723,-2.736714,432.875253,380.810278,113.441025,-53.909435,-0.827796,441.147365,374.480273,113.442177,-50.894436,2.059544,450.543198,364.984484,113.377808,-49.333801,4.648626,455.306321,356.562048,113.280930,-48.280231,7.296553,458.439307,347.992020,113.137543,-47.663738,10.306819,460.138552,338.296320,112.995758,-47.240524,13.103600,461.238066,329.300310,112.851791,-47.201317,15.567068,461.137719,321.403421,112.655045,-47.777298,18.326551,459.039040,312.607712,112.391037,-49.025803,21.571053,454.740946,302.312277,112.149132,-50.332016,24.387356,450.297215,293.393576,111.877693,-52.285866,27.076958,443.789943,284.933268
28,0,417.083160,156.256409,0.000000,2448.017090,5779938.500000,622.639648,"LATCONDYLECART",110.925613,-73.042664,2.819758,9.387394,497.606812,13705.346680,13.384128,0.000000,0.000000,0.000000,0.000000,11,1.3.6.1.4.1.19291.2.1.3.1601251010784664970738523895,1.3.6.1.4.1.19291.2.1.2.1601251010784664970738485866,1.3.6.1.4.1.19291.2.1.1.16012510107846649707373522,31,108.209084,-109.520035,13.420947,261.426280,333.098235,108.477089,-107.888420,10.478600,266.924235,342.394503,108.730965,-105.961189,8.059206,273.321406,349.991135,108.983154,-103.904938,5.792662,280.117991,357.087597,109.273613,-101.386330,3.327151,288.414317,364.784182,109.540588,-98.952309,1.175721,296.410762,371.481215,109.833000,-95.986298,-0.891420,306.104129,377.865103,110.084312,-93.162560,-2.403338,315.290675,382.481413,110.319221,-90.302483,-3.603751,324.565081,386.096606,110.569061,-87.207581,-4.829339,334.594226,389.773493,110.776718,-84.218330,-5.446045,344.229014,391.507880,110.969070,-81.031883,-5.614810,354.454562,391.790957,111.133499,-78.240349,-5.693799,363.406451,391.818289,111.318924,-75.068146,-5.759604,373.576941,391.772604,111.485405,-72.144302,-5.745664,382.944270,391.491480,111.640335,-69.574509,-5.878512,391.190612,391.709353,111.796707,-66.900047,-5.934556,399.765326,391.672652,111.932419,-64.336632,-5.749708,407.962083,390.873003,112.038948,-62.020279,-5.311375,415.343964,389.281134,112.113152,-59.902927,-4.520264,422.055832,386.574911,112.165619,-57.779690,-3.357279,428.752472,382.676638,112.216461,-55.494987,-2.011207,435.949671,378.178633,112.242012,-53.294235,-0.319888,442.846222,372.581118,112.233978,-50.467163,2.541004,451.642321,363.185282,112.133743,-48.767681,5.868282,456.782620,352.386166,111.957222,-47.365578,10.194218,460.878459,338.411113,111.768478,-47.050781,13.677683,461.567607,327.223497,111.542183,-47.429256,17.125530,460.038598,316.206117,111.316391,-48.247593,20.140810,457.139884,306.610373,111.075653,-49.604015,22.889048,452.541531,297.913838,110.817047,-51.112091,25.792210,447.443011,288.733145
29,0,382.375183,146.786316,0.000000,2372.256348,6663270.000000,593.202637,"LATCONDYLECART",109.486580,-74.700417,5.180334,10.576335,535.338318,17280.917969,16.875896,0.000000,0.000000,0.000000,0.000000,11,1.3.6.1.4.1.19291.2.1.3.1601251010784664970738525896,1.3.6.1.4.1.19291.2.1.2.1601251010784664970738485866,1.3.6.1.4.1.19291.2.1.1.16012510107846649707373522,38,106.348694,-111.592087,22.481331,253.730082,304.011525,106.498138,-111.537888,20.015638,254.129908,311.908022,106.660583,-111.073097,17.726746,255.829158,319.204787,106.853745,-110.495224,15.029470,257.928218,327.800975,107.076157,-109.420815,12.318074,261.619563,336.402239,107.344261,-107.691010,9.468659,267.423625,345.392783,107.658669,-105.257210,6.517885,275.492701,354.651177,107.971275,-102.588432,3.823898,284.291148,363.067759,108.238541,-100.114838,1.705707,292.411372,369.655070,108.482445,-97.748833,-0.122689,300.160273,375.322478,108.759087,-94.758453,-1.900558,309.905177,380.777483,109.039925,-91.528297,-3.518019,320.403643,385.699126,109.315407,-88.028580,-4.785386,331.733775,389.477141,109.538536,-85.017036,-5.641248,341.461886,391.976031,109.721527,-82.027702,-5.842438,351.058802,392.378977,109.858231,-79.613907,-5.818435,358.790919,392.106833,109.998642,-77.133415,-5.792696,366.736613,391.823756,110.135895,-74.685295,-5.744939,374.576495,391.472739,110.282608,-72.154922,-5.777364,382.687354,391.372004,110.428833,-69.633438,-5.810050,390.769705,391.272829,110.564354,-67.262550,-5.807498,398.366337,391.072916,110.698196,-64.762497,-5.652241,406.362792,390.373228,110.799187,-62.727352,-5.391660,412.859910,389.373671,110.895042,-60.220867,-4.590142,420.817709,386.602633,110.964066,-57.933029,-3.547446,428.052782,383.076464,111.026329,-54.945473,-1.716108,437.457596,376.966673,111.048470,-52.617455,0.155266,444.745379,370.781916,111.021042,-50.386787,2.768009,451.653254,362.229456,110.942284,-48.939564,5.490211,456.040761,353.389628,110.863869,-48.130867,7.590990,458.439307,346.592642,110.772682,-47.508190,9.727664,460.238509,339.695700,110.630867,-47.117039,12.494062,461.238066,330.799645,110.499603,-46.987762,14.830353,461.437978,323.302969,110.346367,-47.232567,17.176085,460.438420,315.806294,110.115082,-48.073486,20.262125,457.460835,305.985649,109.913689,-49.196918,22.572155,453.649243,298.674439,109.723640,-50.260933,24.748350,450.040297,291.787257,109.454109,-52.211712,27.408751,443.545521,283.420264
30,0,375.965698,146.786316,0.000000,2471.692139,6896339.000000,586.945251,"LATCONDYLECART",108.176193,-75.854813,5.858686,10.909453,542.461182,18225.001953,17.797853,0.000000,0.000000,0.000000,0.000000,11,1.3.6.1.4.1.19291.2.1.3.1601251010784664970738526897,1.3.6.1.4.1.19291.2.1.2.1601251010784664970738485866,1.3.6.1.4.1.19291.2.1.1.16012510107846649707373522,36,104.999863,-111.415733,25.090313,253.830043,295.415335,105.179985,-111.658585,21.821434,253.351741,305.909510,105.356125,-111.528404,18.979248,254.029566,315.006258,105.551033,-111.015427,16.189907,255.929118,323.902704,105.809586,-109.828384,12.978158,260.027293,334.098182,106.061287,-108.285049,10.225327,265.224986,342.794326,106.338615,-106.305298,7.461471,271.822062,351.490469,106.616196,-104.069023,4.940704,279.218791,359.386967,106.861320,-101.880936,2.920378,286.415202,365.683783,107.159233,-99.109261,0.573138,295.511561,372.980940,107.446571,-96.107765,-1.374260,305.307605,378.978281,107.708351,-93.165161,-2.947911,314.880702,383.782790,108.021973,-89.335602,-4.539815,327.297465,388.574023,108.280525,-85.842636,-5.528333,338.580348,391.459074,108.526283,-82.033295,-5.996488,350.829219,392.651121,108.709618,-78.847641,-6.014013,361.038363,392.449648,108.878990,-75.777863,-5.908108,370.864859,391.862021,109.002197,-73.556877,-5.842676,377.975379,391.472739,109.156075,-70.810249,-5.787215,386.771090,391.072916,109.321007,-67.812210,-5.675718,396.367224,390.473181,109.473183,-64.968491,-5.497935,405.462800,389.673537,109.607277,-62.211914,-5.099599,414.258899,388.174200,109.708260,-59.565491,-4.249583,422.660642,385.236441,109.772293,-57.289211,-3.133843,429.851984,381.477171,109.815712,-54.611729,-1.284079,438.261536,375.333411,109.839355,-52.366417,0.482277,445.293964,369.491862,109.803017,-50.421432,2.969772,451.297942,361.363825,109.714638,-48.771698,6.049246,456.301583,351.362791,109.608177,-47.794071,8.785491,459.183118,342.515933,109.486809,-47.382862,11.226771,460.276772,334.660043,109.314163,-47.221661,14.291053,460.512215,324.828074,109.091225,-47.595551,17.686623,459.002728,313.977808,108.870461,-48.446072,20.586227,456.011477,304.755335,108.646408,-49.658134,23.192526,451.888695,296.501963,108.426964,-51.109573,25.490480,447.027180,289.255957,108.180153,-52.973763,27.851618,440.837347,281.840887
31,0,385.519318,146.786316,0.000000,2504.837402,6926240.000000,596.766663,"LATCONDYLECART",106.846588,-77.173508,6.702502,10.812592,538.690002,17887.775391,17.468531,0.000000,0.000000,0.000000,0.000000,11,1.3.6.1.4.1.19291.2.1.3.1601251010784664970738527898,1.3.6.1.4.1.19291.2.1.2.1601251010784664970738485866,1.3.6.1.4.1.19291.2.1.1.16012510107846649707373522,39,103.821678,-111.125397,24.934168,254.548867,295.670300,103.900169,-111.728874,23.029858,252.789879,301.821091,104.018814,-111.883965,20.881393,252.490014,308.718030,104.135605,-112.102165,18.703310,251.990624,315.714928,104.312027,-111.431778,16.377180,254.352074,323.114380,104.515259,-110.397743,13.949996,257.888009,330.808235,104.741486,-109.130623,11.360099,262.185708,339.004600,104.978828,-107.548073,8.887023,267.483361,346.801143,105.216324,-105.805214,6.565873,273.280785,354.097907,105.464928,-103.747047,4.361538,280.077782,360.994849,105.696617,-101.623482,2.505270,287.052422,366.771193,105.926353,-99.420494,0.758608,294.271477,372.189885,106.177979,-96.869217,-1.021217,302.609581,377.686665,106.477333,-93.498871,-2.815494,313.573471,383.163533,106.736893,-90.277214,-4.082662,324.012589,386.963410,106.980743,-87.153152,-5.179213,334.123345,390.224465,107.209915,-83.846245,-5.852194,344.781113,392.113469,107.429436,-80.336304,-6.166821,356.056588,392.837758,107.605537,-77.210220,-6.119966,366.068940,392.434811,107.796471,-73.500008,-5.759955,377.924229,390.981160,107.935875,-70.882164,-5.584757,386.296299,390.208066,108.085335,-68.139473,-5.458653,395.072876,389.582173,108.245857,-65.121956,-5.254066,404.722893,388.682572,108.372688,-62.426067,-4.791807,413.318691,386.983323,108.477875,-59.783356,-4.016261,421.715358,384.284520,108.556465,-57.253391,-2.901199,429.719621,380.506897,108.592567,-54.833557,-1.176534,437.315081,374.784827,108.602356,-52.212833,1.185219,445.495827,367.005074,108.558212,-50.313099,3.760495,451.346749,358.599427,108.487350,-48.851124,6.363876,455.792433,350.139116,108.392830,-48.137310,8.644593,457.870419,342.773242,108.275543,-47.653061,11.087564,459.197957,334.906027,108.120842,-47.576206,13.768189,459.198346,326.310229,107.969559,-47.661564,16.234678,458.698567,318.413731,107.833885,-47.882874,18.307234,457.799355,311.790497,107.648201,-48.657066,20.689356,455.100163,304.220025,107.450905,-49.730511,22.978506,451.450610,296.971676,107.242569,-51.150623,25.119459,446.703886,290.226231,107.025459,-52.864502,27.125019,441.028279,283.938393
32,0,392.139709,151.521362,0.000000,2504.837402,6990674.500000,601.118530,"LATCONDYLECART",105.583015,-78.064911,6.845668,10.741980,535.664307,17729.289062,17.313759,0.000000,0.000000,0.000000,0.000000,11,1.3.6.1.4.1.19291.2.1.3.1601251010784664970738529899,1.3.6.1.4.1.19291.2.1.2.1601251010784664970738485866,1.3.6.1.4.1.19291.2.1.1.16012510107846649707373522,37,102.595001,-110.302856,26.108114,256.850975,291.620144,102.671158,-111.039139,24.115166,254.674584,298.065724,102.783600,-111.475365,21.800146,253.489174,305.519059,102.932869,-111.613441,19.152018,253.289650,314.015681,103.093430,-111.243958,16.803141,254.689034,321.512358,103.290451,-110.379395,14.317108,257.687310,329.408465,103.516609,-109.208221,11.635937,261.685936,337.905088,103.746750,-107.622116,9.287543,266.983590,345.301808,104.013222,-105.701141,6.649962,273.380745,353.598128,104.265381,-103.676949,4.353018,280.077385,360.794547,104.510422,-101.584938,2.241410,286.974328,367.391621,104.750313,-99.230606,0.469366,294.680672,372.879422,104.999435,-96.662415,-1.251904,303.067582,378.187226,105.243149,-93.837906,-2.634925,312.244767,382.390439,105.549637,-90.069107,-4.165209,324.461222,386.989180,105.808044,-86.669670,-5.241549,335.452441,390.163164,106.062820,-82.950783,-5.948804,347.433451,392.128699,106.286926,-79.300873,-6.205667,359.152087,392.656592,106.490601,-75.614647,-6.083395,370.952321,391.966660,106.654831,-72.252853,-5.609305,381.680767,390.175660,106.821167,-68.886086,-5.165931,392.427954,388.482659,106.993523,-65.667152,-4.966427,402.723780,387.583058,107.131538,-62.982204,-4.703236,411.302788,386.522591,107.238037,-60.431122,-4.037978,419.415987,384.184563,107.327492,-57.821335,-3.029113,427.685757,380.740780,107.376099,-55.462849,-1.574263,435.109418,375.888243,107.388306,-52.760227,0.825633,443.549035,367.979641,107.358681,-51.187622,2.840969,448.403132,361.394671,107.265030,-49.408817,6.133845,453.800740,350.699414,107.139984,-48.342533,9.268618,456.929821,340.568360,106.987656,-47.763329,12.393512,458.499047,330.508368,106.816628,-47.774994,15.263783,458.198399,321.312056,106.659828,-47.985939,17.702242,457.298798,313.515511,106.471909,-48.726822,20.154076,454.699950,305.718972,106.292816,-49.664318,22.267611,451.502148,299.022332,106.115250,-50.859577,24.107031,447.503531,293.224900,105.922867,-52.240353,26.017181,442.904009,287.215848
33,0,397.639893,146.786316,0.000000,2438.546875,7008403.000000,606.588928,"LATCONDYLECART",104.418877,-77.529594,6.688978,10.708317,531.548401,17551.189453,17.139833,0.000000,0.000000,0.000000,0.000000,11,1.3.6.1.4.1.19291.2.1.3.1601251010784664970738530900,1.3.6.1.4.1.19291.2.1.2.1601251010784664970738485866,1.3.6.1.4.1.19291.2.1.1.16012510107846649707373522,36,101.401939,-109.903267,26.307938,257.887230,290.725621,101.505417,-110.852722,23.649088,255.088860,299.322197,101.641823,-111.241310,20.976330,254.088906,307.917996,101.787575,-111.281525,18.481819,254.188866,315.914448,101.948212,-110.847786,16.193586,255.788552,323.211604,102.174187,-109.837067,13.360616,259.286995,332.207614,102.418617,-108.354408,10.671821,264.284386,340.703456,102.672325,-106.619453,8.070002,270.082207,348.900212,102.980545,-104.334229,5.080082,277.678841,358.296045,103.281876,-101.724899,2.518824,286.274636,366.292109,103.543472,-99.288086,0.460782,294.271477,372.689662,103.821739,-96.346390,-1.391526,303.867226,378.387135,104.080315,-93.298676,-2.809790,313.762841,382.685231,104.324501,-90.243828,-3.978681,323.658448,386.183678,104.606056,-86.510643,-5.123263,335.725365,389.549374,104.862663,-82.907692,-5.973089,347.347947,391.981106,105.076019,-79.462112,-6.245871,358.413353,392.576546,105.217712,-76.924225,-6.186494,366.539826,392.181019,105.372406,-73.629753,-5.616637,377.043763,390.088585,105.524658,-70.435814,-5.102490,387.230652,388.182793,105.676231,-67.256966,-4.591496,397.369513,386.288319,105.831673,-64.108345,-4.174902,407.420134,384.698788,105.963860,-61.222134,-3.619360,416.617228,382.685231,106.069145,-58.483231,-2.752659,425.313762,379.686558,106.131149,-55.819218,-1.228996,433.710039,374.588820,106.145103,-53.656448,0.620958,440.470322,368.486058,106.120483,-51.589088,3.028963,446.873732,360.602835,106.056030,-49.814995,5.825288,452.301794,351.499059,105.936684,-48.536854,9.068399,456.099719,341.003714,105.816231,-47.926353,11.686328,457.815754,332.565659,105.659897,-47.803196,14.439023,457.957879,323.735199,105.473114,-48.128223,17.272726,456.656502,314.681403,105.287857,-48.806763,19.739796,454.256005,306.830979,105.085732,-49.943359,22.049425,450.402245,299.522111,104.897331,-51.165333,24.045616,446.303673,293.224511,104.686989,-52.761143,26.050995,441.006413,286.927693
34,0,397.900360,146.786316,0.000000,2448.017090,6861394.000000,603.621643,"LATCONDYLECART",103.343964,-74.505188,7.428816,10.614147,525.092041,17127.148438,16.725731,0.000000,0.000000,0.000000,0.000000,11,1.3.6.1.4.1.19291.2.1.3.1601251010784664970738532901,1.3.6.1.4.1.19291.2.1.2.1601251010784664970738485866,1.3.6.1.4.1.19291.2.1.1.16012510107846649707373522,38,100.191689,-109.491638,26.808916,258.934426,288.865117,100.325974,-110.471794,23.601532,256.088021,299.221852,100.462311,-110.956329,20.837376,254.788994,308.118298,100.655045,-110.795418,17.745222,255.588250,318.013518,100.862640,-110.192497,14.828838,257.787667,327.309786,101.108597,-108.999199,11.835286,261.885842,336.805575,101.377419,-107.217354,9.024035,267.853127,345.669613,101.670349,-104.924911,6.298725,275.448586,354.216995,101.973747,-102.419991,3.602044,283.722252,362.655440,102.299866,-99.443748,0.976811,293.499566,370.826817,102.658203,-95.630600,-1.384285,305.934281,378.084145,102.959724,-92.094543,-3.055287,317.417862,383.152600,103.247261,-88.437637,-4.374269,329.256363,387.083279,103.509972,-84.812149,-5.305083,340.958596,389.772713,103.747421,-81.305840,-5.925344,352.250458,391.476643,103.941490,-78.167488,-6.169410,362.328804,392.004925,104.080879,-75.313293,-5.766109,371.437264,390.481774,104.204407,-72.326790,-4.968049,380.933442,387.683014,104.317451,-69.577072,-4.221651,389.675660,385.068940,104.427147,-67.272316,-3.847854,397.026307,383.684788,104.559021,-64.875801,-3.759195,404.697123,383.206872,104.693893,-62.347065,-3.593691,412.784553,382.472043,104.803505,-59.635490,-2.826225,421.402606,379.793541,104.879105,-57.000031,-1.559072,429.730944,375.520049,104.900871,-54.676723,0.314126,437.003500,369.329825,104.878563,-52.638573,2.654887,443.319449,361.664473,104.848259,-50.799465,4.938632,449.002867,354.197862,104.713829,-49.380268,8.571778,453.217013,342.441357,104.578415,-48.804955,11.407853,454.800295,333.307127,104.504044,-48.546131,12.910458,455.491785,328.471381,104.425804,-48.468719,14.303334,455.612046,324.001877,104.306824,-48.606075,16.175522,455.000206,318.013909,104.178154,-49.011055,17.952957,453.539526,312.351185,104.039528,-49.532150,19.786211,451.701670,306.519005,103.887558,-50.322941,21.584232,449.002867,300.821534,103.751747,-51.153831,23.071320,446.204108,296.123616,103.625259,-52.139725,24.251965,442.936806,292.420182,103.474571,-53.407597,25.568403,438.753505,288.304429
35,0,410.848633,151.521362,0.000000,2367.521240,6755173.000000,607.862488,"LATCONDYLECART",102.068298,-76.718849,6.500947,10.346275,514.180298,16300.208008,15.918171,0.000000,0.000000,0.000000,0.000000,11,1.3.6.1.4.1.19291.2.1.3.1601251010784664970738533902,1.3.6.1.4.1.19291.2.1.2.1601251010784664970738485866,1.3.6.1.4.1.19291.2.1.1.16012510107846649707373522,41,99.012054,-109.243568,26.636524,259.519310,289.175526,99.103333,-110.101379,24.271591,256.987633,296.822915,99.221664,-110.577118,21.819263,255.688210,304.719414,99.371544,-110.560867,19.309681,255.970498,312.759598,99.515190,-110.433998,17.011774,256.587807,320.112587,99.704987,-109.629753,14.589408,259.386956,327.809565,99.954193,-108.355995,11.618683,263.740883,337.225702,100.210030,-106.704308,8.900650,269.282570,345.801586,100.465622,-104.874046,6.358931,275.380257,353.798040,100.745087,-102.542595,3.898144,283.076455,361.494627,100.995743,-100.228813,1.905721,290.673073,367.691878,101.221184,-98.025940,0.231196,297.885117,372.879422,101.466698,-95.361481,-1.336531,306.566422,377.687445,101.699799,-92.589989,-2.591851,315.562043,381.485760,101.916656,-89.874352,-3.627408,324.358529,384.584389,102.179688,-86.282852,-4.596489,335.955346,387.399155,102.429268,-82.800110,-5.443767,347.192543,389.832451,102.647469,-79.405296,-5.847231,358.107239,390.850750,102.810013,-76.539276,-5.822698,367.288323,390.540341,102.909767,-74.509048,-5.546031,373.768261,389.489632,102.983871,-72.369583,-4.731840,380.548848,386.707665,103.047928,-70.586563,-4.092149,386.203373,384.513714,103.132309,-68.613739,-3.611765,392.480666,382.814858,103.226906,-66.872299,-3.526677,398.052805,382.401372,103.329041,-64.718056,-3.170530,404.922804,381.085938,103.431046,-62.636791,-2.882608,411.565172,379.995015,103.602951,-58.216888,-1.517681,425.602306,375.263911,103.633606,-56.240223,-0.128500,431.808538,370.652674,103.638885,-54.340309,1.614287,437.736378,364.914595,103.606071,-53.272781,3.196272,441.011879,359.759068,103.584862,-52.184673,4.602755,444.369374,355.164231,103.527489,-51.315609,6.407265,446.988526,349.311748,103.447243,-50.597359,8.451716,449.102431,342.702570,103.341812,-49.839035,10.959180,451.302237,334.606551,103.237770,-49.466755,13.070973,452.301403,327.809565,103.122795,-49.249191,15.217872,452.801573,320.912623,102.999748,-49.439163,17.107834,452.019497,314.871943,102.852638,-49.952415,19.091623,450.192963,308.556775,102.679428,-50.879166,21.116421,447.037722,302.143601,102.493050,-52.146889,23.034319,442.799757,296.100579,102.300697,-53.894218,24.590603,437.058163,291.255070
36,0,489.489960,137.316238,0.000000,2339.111084,3774946.500000,690.387512,"TROCHLEACART",100.380447,-88.120827,3.659236,7.266973,423.413727,7659.320801,7.479805,0.000000,0.000000,0.000000,0.000000,11,1.3.6.1.4.1.19291.2.1.3.1601251010784664970738535903,1.3.6.1.4.1.19291.2.1.2.1601251010784664970738485866,1.3.6.1.4.1.19291.2.1.1.16012510107846649707373522,25,97.828835,-108.884201,26.631674,260.445469,288.940084,97.974174,-109.737244,23.360529,258.012165,299.490873,98.118584,-110.070412,20.606314,257.197300,308.343196,98.274612,-110.281136,17.774313,256.781865,317.434868,98.463089,-109.612961,15.242924,259.155018,325.492233,98.674202,-108.638351,12.625685,262.517979,333.799877,98.943398,-107.076492,9.596022,267.800404,343.381566,99.220825,-105.032631,6.892215,274.597401,351.880140,99.474510,-102.847038,4.725235,281.799275,358.647062,99.813622,-99.778122,1.970453,291.885426,367.226068,100.126358,-96.564796,-0.200646,302.380780,373.923101,100.436127,-92.957138,-1.941569,314.100193,379.209817,100.725250,-89.374573,-3.358838,325.709492,383.461446,100.970085,-86.165031,-4.389679,336.088093,386.505022,101.177193,-83.167236,-4.988934,345.748658,388.182793,101.383255,-79.935959,-5.345385,356.135067,389.063650,101.561996,-76.969200,-5.496663,365.655064,389.308465,101.711075,-73.820816,-4.973081,375.695141,387.376119,101.774513,-71.814796,-4.107873,382.043499,384.441484,101.886665,-69.046455,-3.328431,390.842331,381.720033,101.996994,-66.663071,-2.889475,398.438961,380.120740,102.110184,-64.425835,-2.639614,405.584620,379.139146,102.225525,-62.071625,-2.313247,413.098086,377.902975,102.288383,-60.063435,-1.436275,419.452299,374.930467,102.351677,-58.022133,-0.534663,425.910373,371.876352
37,0,508.577393,146.786316,0.000000,2395.931641,3727363.750000,692.898865,"TROCHLEACART",99.183838,-88.066444,3.585970,7.015307,409.637726,7168.258301,7.000252,0.000000,0.000000,0.000000,0.000000,11,1.3.6.1.4.1.19291.2.1.3.1601251010784664970738536904,1.3.6.1.4.1.19291.2.1.2.1601251010784664970738485866,1.3.6.1.4.1.19291.2.1.1.16012510107846649707373522,24,96.679504,-108.786247,25.803865,260.609455,291.362836,96.838882,-109.225082,22.695534,259.488469,301.358404,96.999847,-109.645401,19.578325,258.427616,311.380912,97.168297,-109.352760,17.022413,259.599751,319.547213,97.413879,-108.544235,13.664246,262.498463,330.242470,97.686996,-107.203880,10.354913,267.096821,340.738206,97.931717,-105.432526,7.939462,272.994206,348.334837,98.193016,-103.284416,5.608085,280.091053,355.631603,98.470779,-100.855751,3.269617,288.087513,362.928365,98.756042,-98.110130,1.110446,297.083134,369.625005,99.021645,-95.258263,-0.614935,306.379399,374.923047,99.302673,-91.901772,-2.113861,317.271832,379.454629,99.582726,-88.414703,-3.470347,328.569554,383.519235,99.836411,-84.851158,-4.308950,340.064846,385.918172,100.081276,-81.185616,-4.900562,351.864300,387.517461,100.274490,-77.936440,-5.023387,362.286633,387.648263,100.445190,-74.902405,-4.974218,372.003807,387.245317,100.539429,-72.337593,-4.089238,380.140828,384.202135,100.619392,-70.129745,-3.307954,387.143578,381.520120,100.728065,-67.585258,-2.685786,395.239600,379.320707,100.837440,-65.423195,-2.444133,402.145130,378.371519,100.942505,-63.142838,-2.015739,409.412611,376.814397,101.012253,-60.946842,-1.073812,416.362653,373.618547,101.049675,-59.138439,0.039242,422.055051,369.905740
38,0,553.828552,146.786316,4.735043,2362.786133,3166791.750000,723.618103,"TROCHLEACART",97.598160,-92.959984,5.297644,6.220790,366.178925,5593.812012,5.462707,0.000000,0.000000,0.000000,0.000000,11,1.3.6.1.4.1.19291.2.1.3.1601251010784664970738537905,1.3.6.1.4.1.19291.2.1.2.1601251010784664970738485866,1.3.6.1.4.1.19291.2.1.1.16012510107846649707373522,21,95.473206,-108.042114,26.558910,262.698765,288.661302,95.609421,-108.623093,23.703844,261.099079,297.856832,95.733368,-108.877052,21.370701,260.499348,305.353507,95.900742,-108.895912,18.532524,260.699269,314.449474,96.093666,-108.574432,15.592044,261.999073,323.845698,96.301430,-107.779236,12.858094,264.797840,332.541841,96.543182,-106.307152,10.204299,269.758137,340.926404,96.819603,-104.314926,7.467672,276.392689,349.534305,97.114441,-101.876564,4.851024,284.445759,357.721691,97.385826,-99.405014,2.661475,292.565983,364.537809,97.665077,-96.595009,0.665661,301.752934,370.705778,97.942291,-93.536613,-1.056285,311.710621,375.976095,98.216911,-90.182083,-2.449151,322.587048,380.167985,98.481735,-86.663025,-3.518261,333.960911,383.309171,98.728523,-83.094048,-4.235390,345.462452,385.318437,98.918640,-80.108627,-4.560283,355.058201,386.118082,99.078011,-77.268471,-4.507192,364.153775,385.718259,99.219299,-74.515472,-4.233538,372.949875,384.618749,99.344353,-71.797531,-3.720169,381.611657,382.753950,99.440460,-69.235657,-2.869477,389.742428,379.820875,99.551170,-66.467491,-2.065915,398.538527,377.022115
39,0,619.896973,156.256409,0.000000,2287.025635,3020138.000000,755.711548,"TROCHLEACART",96.439766,-92.677589,4.800410,5.804174,344.578430,4745.196777,4.633981,0.000000,0.000000,0.000000,0.000000,11,1.3.6.1.4.1.19291.2.1.3.1601251010784664970738539906,1.3.6.1.4.1.19291.2.1.2.1601251010784664970738485866,1.3.6.1.4.1.19291.2.1.1.16012510107846649707373522,20,94.448227,-107.994446,23.587532,262.898289,297.956788,94.582733,-108.510162,20.824154,261.499302,306.853233,94.746475,-108.559303,18.017933,261.599247,315.849245,94.915947,-108.220428,15.489368,262.917027,323.924179,95.083282,-107.524223,13.341217,265.344853,330.751229,95.279266,-106.419167,11.104642,269.090855,337.828559,95.515083,-104.834366,8.659413,274.393193,345.535688,95.765083,-102.830658,6.379072,281.022679,352.680566,96.024345,-100.646202,4.116959,288.229634,359.752431,96.324867,-97.846748,1.752694,297.416569,367.101907,96.619385,-94.699188,-0.174876,307.678822,373.023889,96.902908,-91.318741,-1.692806,318.649739,377.614431,97.161522,-87.994858,-2.845458,329.405903,381.039083,97.432800,-84.175247,-3.733524,341.726223,383.575849,97.639259,-80.837906,-3.994441,352.443730,384.142007,97.827095,-77.499969,-3.941113,363.134304,383.701185,97.971764,-74.661926,-3.642320,372.200596,382.514211,98.090363,-72.139023,-3.208228,380.244686,380.919218,98.186180,-69.720741,-2.491113,387.927609,378.425790,98.278687,-67.118362,-1.540795,396.179026,375.170202
40,0,687.362061,170.461533,0.000000,2291.760498,2821621.250000,780.778625,"TROCHLEACART",95.244926,-92.945976,4.386115,5.428661,325.585358,4022.882812,3.928596,0.000000,0.000000,0.000000,0.000000,11,1.3.6.1.4.1.19291.2.1.3.1601251010784664970738540907,1.3.6.1.4.1.19291.2.1.2.1601251010784664970738485866,1.3.6.1.4.1.19291.2.1.1.16012510107846649707373522,18,93.292480,-107.953964,22.812468,262.873295,300.215162,93.484604,-108.152771,19.383818,262.550785,311.217704,93.690483,-107.768799,16.285311,264.065342,321.115268,93.878502,-107.149521,13.714450,266.285450,329.303043,94.124062,-105.675941,10.997855,271.256306,337.888689,94.383881,-104.004181,8.232154,276.866703,346.615678,94.645378,-101.998024,5.760453,283.521565,354.373565,94.920097,-99.607071,3.437080,291.395802,361.625038,95.197136,-96.924164,1.356007,300.183316,368.076475,95.440117,-94.268227,-0.177266,308.834164,372.774782,95.694473,-91.216042,-1.520091,318.737194,376.830793,95.942894,-88.023193,-2.627397,329.069332,380.120740,96.189285,-84.552391,-3.432459,340.264370,382.419721,96.402954,-81.149574,-3.751810,351.197018,383.167829,96.577438,-77.980576,-3.636342,361.340573,382.541543,96.719254,-75.069069,-3.218763,370.631371,380.968023,96.853111,-72.176544,-2.685314,379.850720,379.024744,96.972565,-69.357445,-1.980020,388.819008,376.536783
41,0,694.847900,170.461533,0.000000,2310.700684,2816218.500000,783.358521,"TROCHLEACART",93.857361,-94.431671,6.045467,5.321585,316.224792,3977.036377,3.883824,0.000000,0.000000,0.000000,0.000000,11,1.3.6.1.4.1.19291.2.1.3.1601251010784664970738542908,1.3.6.1.4.1.19291.2.1.2.1601251010784664970738485866,1.3.6.1.4.1.19291.2.1.1.16012510107846649707373522,19,92.023468,-106.525841,25.283476,266.996861,291.959836,92.179535,-106.884209,22.308496,266.121464,301.521614,92.314529,-107.055298,19.869194,265.797001,309.351734,92.480057,-107.137276,17.001295,265.797398,318.548047,92.642273,-106.897057,14.499831,266.796559,326.544110,92.836639,-106.016647,12.073838,269.840123,334.246554,93.062080,-104.634979,9.607536,274.493534,342.037631,93.321297,-102.774559,7.033865,280.690785,350.134040,93.577148,-100.655960,4.765738,287.687291,357.230503,93.840508,-98.252098,2.646136,295.584187,363.827966,94.113205,-95.468170,0.735544,304.679760,369.724962,94.400024,-92.088470,-0.838416,315.653408,374.495111,94.673004,-88.717331,-2.187586,326.579029,378.545659,94.902390,-85.465416,-2.917179,337.065785,380.620519,95.105392,-82.396156,-3.378361,346.942654,381.850053,95.277328,-79.395576,-3.382320,356.557537,381.620077,95.411285,-76.767380,-3.105515,364.953419,380.520566,95.500031,-74.806503,-2.710249,371.200260,379.095415,95.629631,-72.262863,-2.441426,379.325951,378.028310
42,0,744.326050,175.196579,9.470085,2358.051270,2768148.500000,796.555420,"TROCHLEACART",92.581108,-95.292732,6.431460,5.098893,303.476471,3651.375977,3.565797,0.000000,0.000000,0.000000,0.000000,11,1.3.6.1.4.1.19291.2.1.3.1601251010784664970738543909,1.3.6.1.4.1.19291.2.1.2.1601251010784664970738485866,1.3.6.1.4.1.19291.2.1.1.16012510107846649707373522,19,90.875595,-106.067200,24.778965,268.286915,293.317438,90.989586,-106.653702,22.292879,266.635685,301.331073,91.126419,-106.842758,19.805172,266.258122,309.317766,91.267334,-106.835327,17.438261,266.499028,316.901512,91.444206,-106.273804,14.999611,268.521962,324.670331,91.658424,-105.297722,12.331401,271.894291,333.141185,91.875496,-104.132446,9.797570,275.860508,341.166142,92.074860,-102.809402,7.714142,280.290959,347.735104,92.299706,-101.124290,5.550423,285.888874,354.532089,92.548431,-98.937996,3.467626,293.085286,361.029209,92.811943,-96.373810,1.500075,301.481961,367.126504,93.038521,-93.903603,0.064090,309.528782,371.528070,93.251244,-91.452080,-1.156469,317.495953,375.240873,93.486099,-88.390213,-2.161402,327.398983,378.213384,93.709152,-85.282028,-2.922826,337.428128,380.401868,93.911339,-82.033920,-3.197824,347.860997,381.020341,94.098328,-78.565727,-3.004602,358.956082,380.120740,94.225876,-76.078728,-2.755921,366.902165,379.122747,94.348549,-73.507088,-2.343412,375.104386,377.592958
43,0,810.453796,246.222214,4.735043,2376.991455,2660719.750000,798.128967,"TROCHLEACART",91.420723,-94.882004,6.091523,4.788849,286.330139,3179.953857,3.105424,0.000000,0.000000,0.000000,0.000000,11,1.3.6.1.4.1.19291.2.1.3.1601251010784664970738544910,1.3.6.1.4.1.19291.2.1.2.1601251010784664970738485866,1.3.6.1.4.1.19291.2.1.1.16012510107846649707373522,17,89.740395,-106.106720,23.580536,268.044442,296.938881,89.852348,-106.434303,21.378414,267.196770,304.021676,90.017769,-106.328262,18.693657,267.782845,312.615910,90.210938,-105.750259,15.996257,269.882302,321.212491,90.398682,-105.201645,13.362112,271.881798,329.608767,90.644539,-104.104668,10.277410,275.679726,339.404423,90.870956,-102.645035,7.869817,280.577553,347.001054,91.128403,-100.751656,5.357705,286.874764,354.897552,91.429817,-98.077950,2.857090,295.671257,362.694094,91.718765,-95.238052,0.726730,304.966347,369.290780,91.989166,-92.144699,-0.846831,315.022438,374.082795,92.241295,-88.991280,-2.054524,325.237442,377.697598,92.464378,-85.844643,-2.779508,335.386452,379.766213,92.654327,-82.805496,-3.049718,345.149315,380.386250,92.810013,-80.059639,-3.025438,353.945412,380.086381,92.947601,-77.401169,-2.780589,362.441254,379.086827,93.032890,-75.108612,-2.007300,369.716153,376.423554
44,0,908.344910,743.401672,9.470085,2348.581055,2416197.500000,804.718506,"TROCHLEACART",90.211479,-95.384453,5.694335,4.362970,263.044495,2546.515625,2.486832,0.000000,0.000000,0.000000,0.000000,11,1.3.6.1.4.1.19291.2.1.3.1601251010784664970738546911,1.3.6.1.4.1.19291.2.1.2.1601251010784664970738485866,1.3.6.1.4.1.19291.2.1.1.16012510107846649707373522,17,88.727768,-105.267418,21.164190,270.729577,304.391823,88.884003,-105.264084,18.535151,270.981423,312.815823,88.995529,-105.351357,16.572004,270.881859,319.113421,89.101746,-105.328362,14.804581,271.117684,324.774973,89.246193,-104.866165,12.816480,272.781014,331.108102,89.454231,-103.782509,10.356109,276.478981,338.904254,89.686035,-102.357491,7.824503,281.277245,346.901098,89.930794,-100.554062,5.439434,287.274590,354.397774,90.179901,-98.428864,3.291284,294.281243,361.109251,90.415123,-96.184990,1.491437,301.636185,366.695056,90.681084,-93.340324,-0.247039,310.910592,372.035655,90.901543,-90.662682,-1.379848,319.594239,375.448985,91.130806,-87.677132,-2.364216,329.250893,378.361756,91.326782,-84.789093,-2.881748,338.552239,379.786515,91.510078,-81.824341,-3.111690,348.073014,380.283562,91.642242,-79.343391,-2.946561,356.007386,379.553807,91.781265,-76.513321,-2.560318,365.040101,378.087269
45,0,936.640503,899.658081,9.470085,2348.581055,2439948.500000,799.723938,"TROCHLEACART",89.067993,-94.883217,5.156883,4.332432,261.358154,2510.645996,2.451803,0.000000,0.000000,0.000000,0.000000,11,1.3.6.1.4.1.19291.2.1.3.1601251010784664970738547912,1.3.6.1.4.1.19291.2.1.2.1601251010784664970738485866,1.3.6.1.4.1.19291.2.1.1.16012510107846649707373522,17,87.581902,-105.174942,20.272776,270.881859,307.018784,87.749435,-105.033485,17.586527,271.581551,315.614972,87.900452,-104.908012,15.163139,272.205880,323.370127,88.016502,-104.697037,13.411190,273.042611,328.966864,88.167976,-104.054108,11.478967,275.279900,335.106329,88.350685,-103.118164,9.302955,278.478493,342.003270,88.535515,-101.862343,7.399615,282.677010,348.000611,88.783867,-100.060822,4.952203,288.673958,355.697197,89.012596,-98.088913,2.999600,295.171471,361.794494,89.246979,-95.831467,1.227077,302.567414,367.291665,89.467125,-93.438263,-0.174792,310.364350,371.590149,89.727539,-90.359253,-1.593847,320.360306,375.888243,89.957909,-87.374374,-2.597446,330.016571,378.862706,90.178017,-84.105080,-3.153963,340.543152,380.381566,90.383232,-80.643303,-3.273991,351.646431,380.486207,90.490700,-78.412498,-2.934033,358.763199,379.216454,90.605423,-75.852592,-2.398885,366.916611,377.294652
46,0,1035.088501,1254.786255,14.205128,2277.555420,2487317.750000,800.596558,"TROCHLEACART",87.933250,-94.461182,4.395730,4.205855,254.403534,2339.573730,2.284740,0.000000,0.000000,0.000000,0.000000,11,1.3.6.1.4.1.19291.2.1.3.1601251010784664970738548913,1.3.6.1.4.1.19291.2.1.2.1601251010784664970738485866,1.3.6.1.4.1.19291.2.1.1.16012510107846649707373522,17,86.474731,-104.815071,18.987255,271.927102,310.886990,86.589355,-104.884216,16.989288,271.888833,317.294697,86.723450,-104.750725,14.858759,272.511986,324.110814,86.877655,-104.209412,12.782508,274.436913,330.719993,87.038986,-103.454086,10.792618,277.039666,337.035162,87.250664,-102.419983,8.223107,280.588875,345.185063,87.443626,-101.137985,6.207982,284.881508,351.538495,87.668350,-99.540031,3.962376,290.207665,358.604892,87.899323,-97.478394,2.058442,296.988251,364.538979,88.152527,-94.959236,0.221066,305.228737,370.222788,88.394394,-92.253609,-1.245471,314.032639,374.703223,88.620644,-89.494507,-2.397392,322.979065,378.171216,88.805061,-86.951118,-3.052446,331.188710,380.064516,89.003021,-83.975983,-3.519414,340.764538,381.320211,89.180489,-81.048439,-3.686883,350.160374,381.620077,89.319092,-78.422173,-3.490212,358.557431,380.777482,89.423882,-76.045189,-2.964094,366.125557,378.899408
47,0,1138.288086,1510.478638,9.470085,2206.529785,2454149.000000,808.566528,"TROCHLEACART",86.886597,-93.344589,2.820111,4.099284,250.084702,2124.010742,2.074229,0.000000,0.000000,0.000000,0.000000,11,1.3.6.1.4.1.19291.2.1.3.1601251010784664970738550914,1.3.6.1.4.1.19291.2.1.2.1601251010784664970738485866,1.3.6.1.4.1.19291.2.1.1.16012510107846649707373522,15,85.410828,-104.369896,17.054863,273.305001,316.821078,85.571152,-104.277367,14.442830,273.841088,325.183386,85.764473,-103.576508,11.861377,276.323586,333.398492,85.989944,-102.419411,9.178123,280.277306,341.902924,86.217896,-101.249138,6.465774,284.275917,350.499503,86.451706,-99.600685,4.115816,289.773476,357.896223,86.660339,-97.907784,2.232759,295.370598,363.793217,86.876518,-95.897575,0.528620,301.968071,369.091258,87.098373,-93.569633,-0.964946,309.564309,373.688828,87.329582,-90.893311,-2.280246,318.260453,377.687056,87.582825,-87.695091,-3.463489,328.616799,381.219864,87.814758,-84.364990,-4.160694,339.351105,383.184617,88.021469,-81.002571,-4.401644,350.147095,383.684788,88.183784,-78.075546,-4.314555,359.517937,383.168999,88.325279,-75.269257,-3.992893,368.480370,381.911355
48,0,1129.121460,1553.093994,4.735043,2220.734863,2554072.750000,822.351196,"TROCHLEACART",85.843391,-92.063782,1.344640,4.102933,248.636429,2196.880371,2.145391,0.000000,0.000000,0.000000,0.000000,11,1.3.6.1.4.1.19291.2.1.3.1601251010784664970738551915,1.3.6.1.4.1.19291.2.1.2.1601251010784664970738485866,1.3.6.1.4.1.19291.2.1.1.16012510107846649707373522,14,84.348427,-103.581474,15.428181,275.754692,321.747799,84.543510,-103.211327,12.498177,277.209511,331.106540,84.777946,-102.214684,9.509216,280.677117,340.603500,84.993019,-101.326752,6.741612,283.776131,349.399990,85.237305,-100.004295,3.900773,288.274147,358.396001,85.485405,-97.971199,1.680861,294.992257,365.344872,85.720787,-95.753723,-0.147072,302.265206,371.022824,85.983170,-93.030205,-1.942082,311.156571,376.554354,86.260742,-89.824623,-3.528218,321.573441,381.377606,86.495895,-86.924324,-4.693942,330.973565,384.878399,86.743202,-83.373779,-5.437654,342.418488,386.974343,86.934914,-80.076363,-5.488590,352.988800,386.870873,87.076935,-77.400162,-5.301341,361.546727,386.054440,87.206261,-74.199989,-4.394986,371.717610,382.891388
49,0,1028.663818,1155.350342,0.000000,2239.675049,2621035.500000,854.751160,"TROCHLEACART",84.748688,-91.077156,0.453240,4.263342,254.841568,2514.260010,2.455332,0.000000,0.000000,0.000000,0.000000,11,1.3.6.1.4.1.19291.2.1.3.1601251010784664970738553916,1.3.6.1.4.1.19291.2.1.2.1601251010784664970738485866,1.3.6.1.4.1.19291.2.1.1.16012510107846649707373522,15,83.207985,-103.196579,14.727283,276.826485,323.740666,83.354782,-103.097336,12.349644,277.362572,331.351353,83.579750,-102.413933,9.218103,279.839608,341.330522,83.813255,-101.266457,6.390214,283.775750,350.299201,84.068497,-99.789040,3.514264,288.773537,359.395167,84.276970,-98.288300,1.448656,293.771706,365.892676,84.532883,-95.931503,-0.590796,301.510460,372.237128,84.810661,-93.203346,-2.640715,310.440094,378.585095,85.022018,-90.828339,-3.911991,318.166748,382.466576,85.278122,-87.703331,-5.214129,328.299363,386.386323,85.545464,-84.064102,-6.209758,340.051575,389.282303,85.765877,-80.614502,-6.597672,351.140404,390.246331,85.912155,-77.663101,-6.216795,360.562397,388.787213,85.995079,-75.285797,-5.321968,368.097729,385.727631,86.066841,-72.811722,-4.145791,375.917309,381.758687
50,0,938.593323,369.333313,0.000000,2201.794678,2586763.250000,862.819092,"TROCHLEACART",83.623993,-90.397087,-0.228376,4.363001,260.094910,2647.687256,2.585632,0.000000,0.000000,0.000000,0.000000,11,1.3.6.1.4.1.19291.2.1.3.1601251010784664970738554917,1.3.6.1.4.1.19291.2.1.2.1601251010784664970738485866,1.3.6.1.4.1.19291.2.1.1.16012510107846649707373522,16,82.023872,-103.152824,14.433272,276.767854,324.457298,82.172676,-103.094780,11.982025,277.178673,332.307180,82.326050,-102.721611,9.757712,278.578438,339.404423,82.599358,-101.676712,6.160348,282.256493,350.847005,82.787140,-100.576363,4.057445,285.975167,357.496399,83.041580,-98.733101,1.547512,292.111604,365.389961,83.289650,-96.558914,-0.535893,299.269265,371.890017,83.547745,-93.992294,-2.409800,307.665154,377.687056,83.829834,-90.827927,-4.111764,317.960587,382.884751,84.120827,-87.555901,-5.859979,328.605229,388.221982,84.358284,-84.439217,-6.856009,338.683114,391.161531,84.560883,-81.457481,-7.394706,348.286649,392.646549,84.707306,-78.732368,-7.234426,357.003798,391.912582,84.806923,-76.391945,-6.656413,364.449989,389.871145,84.881050,-74.251862,-5.842085,371.232562,387.088705,84.930725,-72.190079,-4.691236,377.733407,383.234293
51,0,873.266602,232.017090,0.000000,2277.555420,2810172.000000,847.977112,"TROCHLEACART",82.544907,-89.376228,-1.349834,4.704693,279.482758,3127.408691,3.054110,0.000000,0.000000,0.000000,0.000000,11,1.3.6.1.4.1.19291.2.1.3.1601251010784664970738555918,1.3.6.1.4.1.19291.2.1.2.1601251010784664970738485866,1.3.6.1.4.1.19291.2.1.1.16012510107846649707373522,17,80.864250,-103.369682,13.475274,275.935082,327.322671,81.044975,-103.188522,10.604992,276.778847,336.505318,81.241768,-102.580360,7.875763,278.977868,345.201462,81.438950,-101.587303,5.511023,282.376763,352.698527,81.667007,-100.288887,2.920335,286.774804,360.894893,81.899269,-98.383018,0.844626,293.072014,367.392012,82.146103,-96.291901,-1.298159,299.968956,374.089041,82.371422,-94.125946,-3.006105,307.065812,379.386693,82.629448,-91.623459,-4.940785,315.261788,385.383641,82.889664,-88.736961,-6.542145,324.657616,390.281472,83.123001,-85.740776,-7.584906,334.353707,393.380486,83.316658,-82.821266,-8.032918,343.749543,394.579957,83.490517,-79.891937,-8.138041,353.145379,394.679909,83.642212,-76.736053,-7.651286,363.212866,392.864963,83.754982,-73.955269,-6.870253,372.051445,390.137394,83.833611,-71.243134,-5.580283,380.623379,385.784583,83.909523,-68.831497,-4.534245,388.254820,382.237694
52,0,919.487061,255.692291,0.000000,2230.205078,2660076.000000,867.008545,"TROCHLEACART",81.481636,-88.371346,-2.753282,4.548425,273.055908,2811.004395,2.745121,0.000000,0.000000,0.000000,0.000000,11,1.3.6.1.4.1.19291.2.1.3.1601251010784664970738557919,1.3.6.1.4.1.19291.2.1.2.1601251010784664970738485866,1.3.6.1.4.1.19291.2.1.1.16012510107846649707373522,18,79.760742,-103.236572,11.909359,276.279458,332.107659,79.946968,-103.063774,8.938402,277.105660,341.613599,80.166824,-102.122681,6.141541,280.377648,350.499503,80.354866,-101.253548,3.811252,283.376320,357.896223,80.552437,-99.843765,1.841636,288.074227,364.093474,80.770271,-97.962822,-0.015090,294.271477,369.890904,81.022507,-95.874382,-2.251379,301.168427,376.887801,81.262352,-93.555359,-4.056657,308.764664,382.484929,81.484116,-91.355438,-5.672002,315.961861,387.483101,81.724419,-88.587387,-7.052018,324.957879,391.681241,81.957077,-85.678703,-8.167628,334.380257,395.020775,82.151253,-82.689651,-8.557443,343.993576,396.028142,82.316078,-79.880913,-8.626627,352.999733,396.022675,82.470909,-77.144089,-8.596671,361.766372,395.705357,82.578049,-74.959740,-8.295932,368.737881,394.565046,82.655365,-72.971123,-7.681335,375.053475,392.434835,82.717224,-71.321129,-7.132717,380.290062,390.543472,82.778008,-69.183250,-6.095760,387.045166,387.047836
53,0,890.248047,232.017090,0.000000,2287.025635,2522963.000000,862.873535,"TROCHLEACART",80.278137,-88.775253,-3.152251,4.550643,273.749451,2777.105713,2.712017,0.000000,0.000000,0.000000,0.000000,11,1.3.6.1.4.1.19291.2.1.3.1601251010784664970738558920,1.3.6.1.4.1.19291.2.1.2.1601251010784664970738485866,1.3.6.1.4.1.19291.2.1.1.16012510107846649707373522,20,78.630348,-103.140869,10.760404,276.465706,335.559643,78.784554,-103.020355,8.278532,277.079491,343.502605,78.941643,-102.488998,6.144046,278.977868,350.299201,79.111519,-101.803207,3.943034,281.377205,357.296488,79.269012,-100.886826,2.173034,284.475823,362.894005,79.448601,-99.468002,0.515135,289.174141,368.091702,79.646454,-97.769753,-1.181008,294.771264,373.389351,79.853439,-95.947472,-2.911480,300.768990,378.786957,80.073250,-93.875160,-4.617073,307.565590,384.084611,80.218605,-92.471680,-5.712970,312.163155,387.482712,80.404243,-90.382286,-6.826294,318.960144,390.881203,80.647179,-87.473679,-8.115180,328.398148,394.775963,80.858383,-84.265015,-8.580118,338.722084,396.006276,81.062759,-81.103821,-8.975858,348.887497,397.018715,81.213608,-78.505684,-9.012554,357.215836,396.926178,81.320717,-76.527115,-8.909509,363.546182,396.435974,81.395042,-74.741074,-8.439916,369.225963,394.786810,81.479797,-72.660233,-7.861722,375.840370,392.765806,81.562424,-70.421799,-7.095773,382.942525,390.130428,81.641174,-68.551949,-6.619828,388.890299,388.454130
54,0,878.362488,232.017090,4.735043,2216.000000,2567453.500000,852.733887,"TROCHLEACART",79.305145,-86.246979,-4.608033,4.780409,291.875092,2856.185303,2.789243,0.000000,0.000000,0.000000,0.000000,11,1.3.6.1.4.1.19291.2.1.3.1601251010784664970738559921,1.3.6.1.4.1.19291.2.1.2.1601251010784664970738485866,1.3.6.1.4.1.19291.2.1.1.16012510107846649707373522,18,77.567795,-103.689095,7.847560,274.750447,344.715740,77.727959,-103.048988,5.766140,276.992421,351.333507,77.963425,-101.677551,3.121218,281.629429,359.697767,78.177208,-100.209259,0.934933,286.534687,366.584558,78.403831,-98.443962,-1.181467,292.385212,373.223409,78.640648,-96.070930,-2.883554,300.145054,378.485528,78.942726,-93.200310,-5.205509,309.556111,385.693662,79.178093,-90.807770,-6.864469,317.374516,390.815999,79.404732,-88.162643,-8.132686,325.966412,394.665853,79.583961,-85.604897,-8.686473,334.212757,396.233518,79.740768,-83.102837,-8.916194,342.250988,396.767267,79.892517,-80.828545,-9.280331,349.571677,397.750145,80.045937,-78.439880,-9.562247,357.251357,398.460327,80.201561,-75.638794,-9.483761,366.219415,397.982294,80.341850,-72.505768,-8.826866,376.198044,395.624025,80.457733,-69.716614,-8.090235,385.067547,393.038061,80.560341,-67.198059,-7.390889,393.073372,390.593442,80.661598,-64.099754,-6.109827,402.883475,386.237951
55,0,534.210388,184.666656,0.000000,2249.145264,6379006.500000,664.049316,"MEDCONDYLECART",78.682411,-72.353745,-1.008044,8.602596,458.452820,11841.450195,11.563916,0.000000,0.000000,0.000000,0.000000,11,1.3.6.1.4.1.19291.2.1.3.1601251010784664970738561922,1.3.6.1.4.1.19291.2.1.2.1601251010784664970738485866,1.3.6.1.4.1.19291.2.1.1.16012510107846649707373522,32,76.397377,-103.591705,7.374587,274.880089,346.001497,76.559906,-103.030846,5.176965,276.878807,352.998004,76.744476,-102.031654,3.030558,280.277306,359.794990,76.949562,-100.476738,1.074221,285.439064,365.937970,77.178261,-98.680634,-1.047346,291.388771,372.590878,77.406837,-96.580956,-2.874135,298.284157,378.274685,77.622665,-94.480217,-4.485149,305.163140,383.267003,77.814400,-92.679817,-5.979773,311.069115,387.910645,78.015640,-90.599670,-7.364970,317.861412,392.181019,78.205841,-88.331963,-8.383250,325.221039,395.260514,78.387543,-85.779709,-8.983927,333.454110,396.978890,78.585251,-82.758446,-9.402221,343.173233,398.074891,78.756508,-80.284477,-9.902473,351.146264,399.477784,78.919174,-77.766518,-10.215578,359.243065,400.277428,79.067177,-75.391159,-10.419073,366.872883,400.737381,79.252411,-71.997047,-10.267611,377.734471,399.977562,79.404594,-68.883568,-9.830033,387.670595,398.323650,79.530060,-65.883347,-9.051319,397.212493,395.585765,79.614655,-63.547737,-8.224888,404.620494,392.748722,79.694931,-61.051067,-7.170330,412.523614,389.167663,79.747414,-58.956490,-6.035260,419.130987,385.361155,79.805779,-56.334339,-4.490531,427.391206,380.199270,79.847145,-54.057701,-2.992587,434.548635,375.215266,79.858620,-52.151196,-1.347890,440.506634,369.790947,79.817764,-50.982426,0.467208,444.085125,363.880288,79.719002,-49.515507,3.545440,448.503088,353.897996,79.594734,-48.404236,6.710525,451.773512,343.666205,79.446602,-47.670853,9.913404,453.829632,333.343830,79.298332,-47.367477,12.703952,454.545721,324.377493,79.117828,-47.609646,15.511678,453.512194,315.400223,78.866898,-48.419273,18.958950,450.601767,304.419545,78.609833,-50.023487,21.743423,445.206112,295.626961
56,0,466.687103,160.991455,0.000000,2315.435791,5880724.000000,655.140808,"MEDCONDYLECART",77.511780,-71.812614,-1.049672,8.855103,466.182800,12491.161133,12.198400,0.000000,0.000000,0.000000,0.000000,11,1.3.6.1.4.1.19291.2.1.3.1601251010784664970738562923,1.3.6.1.4.1.19291.2.1.2.1601251010784664970738485866,1.3.6.1.4.1.19291.2.1.1.16012510107846649707373522,31,75.232018,-103.538445,6.773686,274.880089,347.700744,75.418167,-102.764610,4.383412,277.578881,355.297375,75.588326,-101.790230,2.455975,280.877816,361.394671,75.778648,-100.409180,0.580799,285.474999,367.291665,76.029182,-98.223648,-1.533169,292.671807,373.888739,76.252586,-96.184944,-3.331619,299.369225,379.486649,76.461525,-94.203232,-4.941333,305.866730,384.484433,76.715294,-91.759155,-6.860643,313.874115,390.436871,76.924149,-89.430275,-8.134165,321.453179,394.329285,77.129417,-86.707130,-8.967272,330.255135,396.778588,77.308510,-83.972626,-9.348347,339.052018,397.778538,77.489220,-81.399590,-9.912395,347.348336,399.377827,77.680908,-78.639626,-10.481153,356.244004,400.977116,77.873581,-75.587593,-10.784832,366.051249,401.703380,78.041397,-72.634941,-10.765580,375.510404,401.402892,78.187836,-69.900909,-10.597058,384.255356,400.641791,78.323364,-67.097610,-10.177711,393.199294,399.071351,78.421761,-64.655182,-9.480785,400.961383,396.640653,78.525162,-62.023529,-8.685750,409.320855,393.880265,78.619446,-59.471905,-7.814323,417.416873,390.881596,78.687431,-56.420506,-6.017863,427.029408,384.878399,78.733139,-53.657566,-4.124198,435.708762,378.587048,78.717316,-51.436161,-1.715938,442.605704,370.690548,78.665352,-49.357239,1.163836,449.002867,361.294715,78.549706,-47.984451,4.435760,453.101439,350.699414,78.433640,-47.028751,7.312682,455.899807,341.403536,78.277496,-46.566338,10.389218,457.099278,331.507925,78.073959,-46.721897,13.668525,456.300021,321.012579,77.826653,-47.433575,17.149143,453.700392,309.917107,77.582474,-48.659706,20.081018,449.502644,300.621621,77.317589,-50.530342,22.740368,443.264786,292.251504
57,0,454.838867,151.521362,0.000000,2324.906006,5360276.000000,657.260193,"MEDCONDYLECART",76.278549,-72.998596,-1.701752,8.573011,462.173218,11692.268555,11.418231,0.000000,0.000000,0.000000,0.000000,11,1.3.6.1.4.1.19291.2.1.3.1601251010784664970738564924,1.3.6.1.4.1.19291.2.1.2.1601251010784664970738485866,1.3.6.1.4.1.19291.2.1.1.16012510107846649707373522,29,73.997665,-103.203583,7.606825,275.650841,344.782116,74.161530,-102.784615,5.249870,277.209511,352.300657,74.363693,-101.670471,2.917902,280.993386,359.682931,74.608727,-99.821068,0.572492,287.134407,367.048804,74.794777,-98.254929,-1.052210,292.301659,372.128193,75.000595,-96.326431,-2.660582,298.628533,377.125977,75.169952,-95.020447,-4.254956,302.959427,382.129227,75.388954,-93.131813,-6.123934,309.182450,387.965310,75.582817,-91.193878,-7.521865,315.520264,392.288003,75.753815,-89.113007,-8.396639,322.268052,394.922772,75.929672,-86.861244,-9.188724,329.555840,397.278760,76.139893,-83.616493,-9.602305,339.990662,398.341569,76.360725,-80.466354,-10.285949,350.147095,400.277428,76.590401,-77.155060,-10.963184,360.819317,402.179711,76.815346,-73.544167,-11.271825,372.417687,402.876668,77.052193,-69.132156,-11.008727,386.530571,401.676808,77.205574,-65.869987,-10.447798,396.931817,399.615613,77.328339,-62.852913,-9.607499,406.522095,396.679024,77.432068,-59.856842,-8.466553,416.017494,392.780755,77.530716,-56.537193,-6.928246,426.513230,387.583058,77.585564,-53.357227,-4.786534,436.506065,380.463170,77.590935,-50.899349,-2.507309,444.172587,372.961026,77.537865,-48.282646,0.909535,452.243617,361.800741,77.444168,-46.656590,4.055893,457.165261,351.587302,77.305222,-46.024376,7.006419,458.920342,342.081751,77.157784,-45.770416,9.735337,459.483765,333.316888,76.952309,-45.745686,13.221133,459.243248,322.145279,76.755791,-46.406494,15.895034,456.880623,313.630696,76.540924,-47.403809,18.553665,453.441132,305.192250
58,0,470.852386,151.521362,0.000000,2287.025635,5151125.000000,665.455139,"MEDCONDYLECART",75.434349,-67.300491,-2.271367,8.240475,446.619385,10800.164062,10.547035,0.000000,0.000000,0.000000,0.000000,11,1.3.6.1.4.1.19291.2.1.3.1601251010784664970738565925,1.3.6.1.4.1.19291.2.1.2.1601251010784664970738485866,1.3.6.1.4.1.19291.2.1.1.16012510107846649707373522,29,73.448990,-99.244385,0.381575,288.773919,367.392012,73.655846,-97.550484,-1.470439,294.371437,373.189440,73.850365,-96.001595,-3.254565,299.498070,378.781102,74.059525,-94.139656,-4.983477,305.622696,384.170510,74.271202,-92.241760,-6.720125,311.863289,389.581780,74.502151,-89.853905,-8.309023,319.660225,394.480000,74.723534,-87.082108,-9.366702,328.638665,397.645001,74.908989,-84.281219,-9.791015,337.652245,398.778092,75.089607,-81.804367,-10.446209,345.648697,400.677250,75.270386,-79.167198,-10.949485,354.144928,402.076630,75.484703,-76.025726,-11.531652,364.264271,403.688027,75.661514,-73.105385,-11.695168,373.636677,403.975789,75.839195,-69.953384,-11.649939,383.732201,403.575966,75.971458,-67.227989,-11.250815,392.428345,402.076630,76.100281,-64.340485,-10.637420,401.624268,399.877606,76.207138,-61.827049,-10.014592,409.620721,397.678582,76.311462,-58.976765,-9.024349,418.662805,394.275013,76.407318,-55.967018,-7.737643,428.188659,389.908589,76.462204,-53.163643,-5.959657,437.008186,383.984654,76.473457,-50.859432,-3.927814,444.204995,377.287623,76.448387,-48.890087,-1.606764,450.302290,369.690993,76.377937,-47.315277,1.098561,455.100163,360.894893,76.280121,-46.111855,3.906850,458.698567,351.798926,76.134514,-45.289253,7.153049,461.036591,341.330522,75.960663,-44.908154,10.449639,461.955326,330.736392,75.769524,-45.264355,13.326530,460.550091,321.546717,75.524147,-46.032494,16.720240,457.777489,310.734326,75.323639,-46.824528,19.334814,454.999817,302.420434,75.077950,-48.264702,22.085899,450.132834,293.721558
59,0,502.289948,151.521362,0.000000,2315.435791,4763215.500000,690.176025,"MEDCONDYLECART",74.490379,-62.301487,-1.833927,7.684186,423.132202,9348.004883,9.128911,0.000000,0.000000,0.000000,0.000000,11,1.3.6.1.4.1.19291.2.1.3.1601251010784664970738566926,1.3.6.1.4.1.19291.2.1.2.1601251010784664970738485866,1.3.6.1.4.1.19291.2.1.1.16012510107846649707373522,26,72.899170,-93.721947,-5.317219,306.765946,384.984211,73.131752,-91.495308,-7.089088,314.063096,390.481774,73.351784,-89.198547,-8.581982,321.559380,395.079732,73.575996,-86.326149,-9.590295,330.855652,398.078404,73.785828,-83.414787,-10.318846,340.251091,400.177472,74.002968,-80.410683,-11.080937,349.946793,402.376496,74.216599,-77.308479,-11.689533,359.942749,404.075745,74.413742,-74.227287,-12.040491,369.847733,404.951138,74.604424,-70.882118,-12.028042,380.565247,404.640729,74.769463,-67.830238,-11.866361,390.329277,403.875832,74.916550,-64.663200,-11.291220,400.424408,401.776764,75.047310,-61.648205,-10.587461,410.020544,399.277871,75.160179,-58.496269,-9.450448,420.015721,395.379601,75.242043,-55.777950,-8.208901,428.611909,391.181462,75.296265,-52.886898,-6.335166,437.703580,384.943604,75.304695,-50.611992,-4.284059,444.804728,378.187226,75.286697,-48.774475,-2.209236,450.502201,371.390238,75.238052,-46.985920,0.334721,455.999764,363.093918,75.152931,-45.692425,3.015964,459.898426,354.397774,75.040207,-44.995033,5.587471,461.897149,346.101453,74.905563,-44.639523,8.198796,462.796750,337.705177,74.727409,-44.583359,11.254519,462.696404,327.909131,74.516678,-44.735352,14.658383,461.897149,317.014351,74.325195,-45.442387,17.202944,459.398255,308.917943,74.049904,-46.726280,20.603329,454.972485,298.125855,73.788368,-48.363857,23.431046,449.465943,289.197392
60,0,484.590271,151.521362,0.000000,2244.410156,4661758.500000,670.978882,"MEDCONDYLECART",73.289032,-62.688549,-2.253018,7.756700,421.643402,9554.661133,9.330724,0.000000,0.000000,0.000000,0.000000,11,1.3.6.1.4.1.19291.2.1.3.1601251010784664970738568927,1.3.6.1.4.1.19291.2.1.2.1601251010784664970738485866,1.3.6.1.4.1.19291.2.1.1.16012510107846649707373522,26,71.808868,-92.390610,-5.950377,310.864129,386.683457,71.997635,-90.783859,-7.581819,316.162163,391.781197,72.182991,-88.983170,-8.968610,322.059159,396.079289,72.374222,-86.703949,-9.993153,329.456269,399.177914,72.582230,-83.823631,-10.720920,338.752152,401.276986,72.775887,-80.904129,-11.168931,348.147980,402.476452,72.974899,-78.019356,-11.740849,357.443863,404.075745,73.168518,-75.132034,-12.219248,366.739346,405.375168,73.346046,-72.140244,-12.325947,376.335480,405.475125,73.510872,-69.238632,-12.305598,385.630970,405.175255,73.654099,-66.358154,-11.941580,394.827282,403.775876,73.795143,-63.420185,-11.485431,404.199297,402.076630,73.913918,-60.199257,-10.381351,414.418594,398.278313,74.015846,-57.202171,-9.209230,423.914383,394.280087,74.092407,-54.384979,-7.783015,432.810438,389.482216,74.140083,-51.649704,-5.949214,441.406626,383.384919,74.126778,-48.691700,-2.873273,450.602547,373.289397,74.083778,-46.649303,-0.179740,456.899754,364.493296,74.004135,-45.262539,2.499140,461.097504,355.797153,73.871849,-44.330753,5.626221,463.796307,345.701630,73.713814,-43.963634,8.642780,464.695908,336.005930,73.560837,-43.951916,11.231592,464.495995,327.709609,73.371498,-44.307003,14.079206,463.097008,318.613642,73.134758,-45.226425,17.181486,459.866410,308.747315,72.823570,-46.890636,20.820061,454.200171,297.222737,72.490211,-49.294224,24.119305,446.195908,286.845307
61,0,489.575592,156.256409,0.000000,2239.675049,4675447.000000,662.767761,"MEDCONDYLECART",72.115479,-61.556538,-1.675695,7.703373,421.594971,9412.966797,9.192350,0.000000,0.000000,0.000000,0.000000,11,1.3.6.1.4.1.19291.2.1.3.1601251010784664970738569928,1.3.6.1.4.1.19291.2.1.2.1601251010784664970738485866,1.3.6.1.4.1.19291.2.1.1.16012510107846649707373522,26,70.627495,-92.137047,-6.088289,311.463471,386.882977,70.805328,-90.685143,-7.684765,316.262124,391.881150,71.006493,-88.636147,-9.098538,322.957200,396.245621,71.209244,-86.265900,-10.229436,330.655739,399.677693,71.393524,-83.726707,-10.886203,338.852105,401.576851,71.606522,-80.653625,-11.512101,348.756302,403.333886,71.813484,-77.615280,-12.069856,358.542984,404.875390,72.054199,-73.945045,-12.587015,370.350636,406.235722,72.255989,-70.552383,-12.716022,381.233311,406.374726,72.435516,-67.063202,-12.376748,392.382273,405.005410,72.586151,-63.912205,-11.876870,402.432894,403.148812,72.706192,-60.853050,-10.950023,412.150069,399.931489,72.814674,-57.865345,-9.897324,421.626725,396.316685,72.912399,-54.581211,-8.377617,432.010402,391.181462,72.949196,-51.936661,-6.447945,440.307113,384.784298,72.966080,-49.300396,-4.190766,448.547209,377.338381,72.945038,-46.994198,-1.612835,455.700287,368.891346,72.865952,-45.030270,1.612978,461.697236,358.396001,72.757126,-44.045956,4.395597,464.595951,349.399990,72.586525,-43.640526,7.660745,465.595509,338.904645,72.450203,-43.584686,10.011431,465.558804,331.367753,72.287552,-43.813168,12.531495,464.595562,323.311169,72.063019,-44.226231,15.916358,462.961522,312.498387,71.862152,-45.072594,18.484541,460.014000,304.337552,71.643898,-46.280514,20.997267,455.913083,296.383656,71.398468,-48.052528,23.423954,450.012576,288.751103
62,0,476.187012,151.521362,0.000000,2239.675049,4545205.000000,649.924438,"MEDCONDYLECART",70.953239,-60.862946,-1.711818,7.723403,422.778748,9477.291016,9.255167,0.000000,0.000000,0.000000,0.000000,11,1.3.6.1.4.1.19291.2.1.3.1601251010784664970738570929,1.3.6.1.4.1.19291.2.1.2.1601251010784664970738485866,1.3.6.1.4.1.19291.2.1.1.16012510107846649707373522,26,69.433434,-92.005249,-6.129805,311.663773,386.783413,69.651283,-90.092361,-7.956022,317.960587,392.480496,69.862183,-87.951218,-9.445112,324.957879,397.078846,70.080688,-85.396797,-10.663764,333.254586,400.777207,70.286934,-82.483528,-11.329971,342.650422,402.676365,70.509766,-79.161575,-11.881722,353.345284,404.175698,70.725143,-76.124397,-12.582258,363.141335,406.174813,70.918953,-73.044556,-12.878353,373.036946,406.874505,71.095657,-70.019264,-12.938859,382.736161,406.823742,71.278992,-66.436859,-12.573918,394.181475,405.364625,71.434273,-63.177647,-12.048019,404.576474,403.415879,71.554329,-60.174641,-11.175555,414.118727,400.377385,71.654610,-57.016460,-9.820337,424.113904,395.779423,71.736031,-53.930870,-8.217266,433.853725,390.393139,71.778091,-50.899700,-6.003569,443.363181,383.054596,71.780128,-48.320618,-3.551450,451.402193,374.988642,71.730461,-45.844452,-0.327355,459.040604,364.457375,71.647072,-44.501324,2.372607,463.096615,355.697197,71.566910,-43.627602,4.565460,465.695073,348.599954,71.415993,-43.360134,7.366047,466.295197,339.604334,71.273933,-43.225502,9.889366,466.495110,331.507925,71.106354,-43.399155,12.545371,465.695073,323.011302,70.880791,-43.931133,15.832825,463.688931,312.520253,70.690033,-44.693035,18.312246,461.020192,304.637028,70.467781,-45.955242,20.839991,456.743966,296.639405,70.224495,-47.663273,23.292234,451.046101,288.919781
63,0,461.134857,151.521362,4.735043,2253.880371,4869584.000000,632.977295,"MEDCONDYLECART",69.698105,-61.462891,-1.429747,8.041742,429.390106,10337.338867,10.095057,0.000000,0.000000,0.000000,0.000000,11,1.3.6.1.4.1.19291.2.1.3.1601251010784664970738572930,1.3.6.1.4.1.19291.2.1.2.1601251010784664970738485866,1.3.6.1.4.1.19291.2.1.1.16012510107846649707373522,26,68.294098,-91.098846,-6.346585,314.362183,387.182843,68.495644,-89.306068,-8.013931,320.259568,392.380539,68.673630,-87.693962,-9.458468,325.557610,396.878933,68.868271,-85.608910,-10.727665,332.354989,400.777207,69.037964,-83.255089,-11.317363,339.951226,402.476452,69.226028,-80.525299,-11.854177,348.747322,403.975789,69.443275,-77.393044,-12.494597,358.842461,405.774602,69.661896,-74.157219,-13.058308,369.262448,407.319226,69.848495,-71.022301,-13.179838,379.318535,407.455105,70.023262,-67.799812,-13.017587,389.629197,406.674592,70.211891,-64.047226,-12.577731,401.612944,404.961678,70.346962,-60.742264,-11.667202,412.119223,401.776764,70.443466,-57.774574,-10.431949,421.515056,397.578625,70.537666,-54.643951,-9.000854,431.414963,392.739754,70.600624,-51.517876,-7.047753,441.252398,386.228581,70.620705,-49.058517,-5.014950,448.946251,379.515931,70.591057,-46.747925,-2.287862,456.099719,370.590594,70.508415,-44.750027,1.030676,462.197014,359.795380,70.363914,-43.427219,4.740579,466.095288,347.800700,70.184341,-42.985386,8.192085,467.194409,336.705229,69.975655,-43.148781,11.550666,466.362748,325.956481,69.697723,-43.597145,15.801085,464.536213,312.373051,69.486366,-44.435551,18.553791,461.597283,303.620293,69.258972,-45.750469,21.117228,457.148865,295.512559,68.996536,-47.636852,23.720192,450.865712,287.324395,68.753830,-49.910854,25.617058,443.405348,281.430134
64,0,458.916199,146.786316,14.205128,2239.675049,4682322.000000,629.146362,"MEDCONDYLECART",68.555649,-61.263870,-2.275986,7.954292,428.931915,10125.229492,9.887919,0.000000,0.000000,0.000000,0.000000,11,1.3.6.1.4.1.19291.2.1.3.1601251010784664970738573931,1.3.6.1.4.1.19291.2.1.2.1601251010784664970738485866,1.3.6.1.4.1.19291.2.1.1.16012510107846649707373522,28,66.936867,-92.169334,-4.798058,310.564255,382.085496,67.145409,-90.572639,-6.772258,315.861519,388.282357,67.365005,-88.724648,-8.690543,321.958817,394.279698,67.583206,-86.490753,-10.213165,329.256363,398.978005,67.823723,-83.498383,-11.380479,338.951668,402.476452,68.035553,-80.395401,-11.957903,348.947236,404.075745,68.240067,-77.417000,-12.532183,358.543374,405.675034,68.417305,-74.714027,-12.912338,367.239125,406.674592,68.592873,-71.881790,-13.139792,376.335091,407.174370,68.759422,-69.042953,-13.209003,385.437695,407.166562,68.913300,-66.212990,-13.073159,394.493056,406.502404,69.036476,-63.696617,-12.722494,402.523869,405.175255,69.139854,-61.053253,-11.915773,410.919754,402.376496,69.241570,-58.280502,-10.956355,419.716245,399.077961,69.321541,-55.657486,-9.774794,428.012565,395.079732,69.365143,-53.401409,-8.334416,435.109418,390.281861,69.392525,-51.169476,-6.643885,442.105925,384.684342,69.415649,-47.780285,-3.765989,452.701617,375.188553,69.381584,-45.806480,-1.289079,458.798912,367.092145,69.305626,-44.325306,1.418608,463.296528,358.296045,69.162643,-43.291973,4.823872,466.295197,347.300921,69.006615,-42.701416,8.022079,467.894097,337.005096,68.855530,-42.594395,10.670877,467.994053,328.508864,68.632111,-42.836334,14.201784,466.894932,317.214263,68.409973,-43.642822,17.166925,464.038777,307.778214,68.236832,-44.594170,19.166887,460.807007,301.446644,68.033340,-45.875832,21.359671,456.499150,294.523934,67.808517,-47.560688,23.523260,450.902024,287.727341
65,0,453.125031,146.786316,0.000000,2173.384521,4595141.000000,621.476929,"MEDCONDYLECART",67.357430,-60.264957,-1.411406,7.917293,426.113831,10044.290039,9.808877,0.000000,0.000000,0.000000,0.000000,11,1.3.6.1.4.1.19291.2.1.3.1601251010784664970738575932,1.3.6.1.4.1.19291.2.1.2.1601251010784664970738485866,1.3.6.1.4.1.19291.2.1.1.16012510107846649707373522,27,65.833641,-91.152519,-5.516734,313.662491,384.084218,66.035042,-89.519951,-7.336114,319.060494,389.782082,66.252991,-87.510872,-9.071177,325.657174,395.179299,66.483795,-85.251396,-10.781494,333.053894,400.476948,66.684341,-82.655983,-11.658167,341.450562,403.076188,66.881592,-79.738258,-12.168515,350.846398,404.475567,67.079353,-76.789963,-12.658082,360.338280,405.805836,67.289001,-73.588287,-13.103587,370.638009,406.974457,67.482750,-70.454277,-13.346334,380.702294,407.498837,67.658310,-67.291084,-13.254596,390.829445,406.949078,67.842430,-63.532879,-12.733490,402.823735,404.975346,67.984528,-59.946312,-11.669829,414.218292,401.276986,68.081062,-56.946548,-10.404195,423.714081,396.978890,68.155952,-54.000084,-8.825279,433.010349,391.681241,68.199417,-51.309715,-6.963783,441.460118,385.498826,68.216263,-48.371300,-4.414713,450.641592,377.093178,68.202957,-46.270954,-2.165580,457.165261,369.716372,68.140396,-44.762207,0.343162,461.769471,361.555538,68.056282,-43.652935,2.829701,465.095730,353.498173,67.963364,-42.965233,5.058316,467.094845,346.301364,67.793816,-42.429878,8.431062,468.500859,335.450707,67.578537,-42.581997,11.911453,467.694188,324.310725,67.376511,-43.027157,14.886124,465.994942,314.814936,67.134399,-43.965714,18.060410,462.696404,304.719414,66.938873,-45.119877,20.241928,458.798130,297.822472,66.761322,-46.314899,22.081228,454.800295,292.025433,66.543663,-48.003567,24.120388,449.202387,285.627881
66,0,455.266510,146.786316,4.735043,2234.940186,4234889.000000,624.037598,"MEDCONDYLECART",66.231735,-59.642704,-2.131982,7.573327,413.291656,9153.041016,8.938517,0.000000,0.000000,0.000000,0.000000,11,1.3.6.1.4.1.19291.2.1.3.1601251010784664970738576933,1.3.6.1.4.1.19291.2.1.2.1601251010784664970738485866,1.3.6.1.4.1.19291.2.1.1.16012510107846649707373522,24,64.719696,-90.066101,-5.987737,316.961029,385.283688,65.026421,-87.491264,-8.673144,325.457657,393.680356,65.264404,-85.235489,-10.508016,332.853981,399.377438,65.486664,-82.522522,-11.637211,341.650475,402.776322,65.689346,-79.575409,-12.210691,351.146264,404.375611,65.927849,-75.985420,-12.767987,362.700512,405.871041,66.139435,-72.629433,-13.097366,373.484013,406.655068,66.335739,-69.502838,-13.390375,383.529168,407.341092,66.541412,-65.527878,-13.023398,396.232127,405.843709,66.692177,-62.197868,-12.353056,406.840704,403.426423,66.807220,-59.245377,-11.444840,416.217796,400.277428,66.903557,-56.438126,-10.361511,425.113460,396.579068,66.980431,-53.300167,-8.631455,435.009463,390.781640,67.030472,-49.988621,-6.281900,445.404852,382.985096,67.015244,-47.158104,-3.296322,454.200562,373.189440,66.957245,-45.138844,-0.372394,460.402501,363.656949,66.842354,-43.575573,3.070428,465.095730,352.498616,66.718819,-42.904762,5.798578,466.994889,343.702517,66.575523,-42.527550,8.576538,467.948761,334.770541,66.382401,-42.577499,11.782130,467.494667,324.502827,66.204132,-42.809872,14.561714,466.495110,315.614972,66.000305,-43.625198,17.209780,463.639737,307.195660,65.795891,-44.733086,19.585695,459.871876,299.672043,65.524963,-46.667892,22.285053,453.424735,291.178933
67,0,472.322601,146.786316,4.735043,2239.675049,3936809.000000,636.949829,"MEDCONDYLECART",65.077606,-58.373852,-1.750038,7.213031,398.635651,8235.582031,8.042561,0.000000,0.000000,0.000000,0.000000,11,1.3.6.1.4.1.19291.2.1.3.1601251010784664970738577934,1.3.6.1.4.1.19291.2.1.2.1601251010784664970738485866,1.3.6.1.4.1.19291.2.1.1.16012510107846649707373522,25,63.827007,-87.292793,-8.560245,325.857476,393.080620,64.044510,-85.104034,-10.114622,333.013291,397.884350,64.259743,-82.609901,-11.336381,341.117119,401.597546,64.463028,-79.865845,-12.115796,349.981156,403.873101,64.654213,-77.052254,-12.624372,359.043152,405.275212,64.835197,-74.190750,-12.914957,368.238682,405.974900,65.029106,-71.014603,-13.119891,378.434552,406.374726,65.203094,-67.957016,-13.103478,388.230206,406.074856,65.365982,-64.806198,-12.810131,398.299179,404.880074,65.491669,-61.844582,-12.072376,407.721173,402.276543,65.606133,-58.917744,-11.179229,417.017441,399.177914,65.702690,-55.886044,-9.883209,426.612796,394.779866,65.771996,-53.129292,-8.393078,435.309329,389.782082,65.808662,-50.613113,-6.584939,443.205828,383.784741,65.820312,-47.881401,-4.147643,451.735249,375.753928,65.767021,-45.522614,-0.975663,459.002339,365.399146,65.689095,-44.041599,1.765172,463.496437,356.496843,65.581841,-43.282623,4.303934,465.695466,348.300478,65.429436,-42.661789,7.470177,467.394322,338.104609,65.265770,-42.548401,10.337044,467.494667,328.909077,65.078445,-42.680046,13.366192,466.794976,319.213378,64.853477,-43.319714,16.539877,464.454216,309.095597,64.659264,-44.300838,18.866182,461.097111,301.720742,64.453934,-45.727699,20.950031,456.333991,295.158810,64.278542,-47.095474,22.586412,451.801236,290.025929
68,0,462.182129,151.521362,0.000000,2230.205078,3763549.000000,625.501099,"MEDCONDYLECART",63.887772,-57.886772,-1.520252,7.134326,393.527832,8062.575195,7.873609,0.000000,0.000000,0.000000,0.000000,11,1.3.6.1.4.1.19291.2.1.3.1601251010784664970738579935,1.3.6.1.4.1.19291.2.1.2.1601251010784664970738485866,1.3.6.1.4.1.19291.2.1.1.16012510107846649707373522,22,62.673168,-86.507385,-8.649323,328.156456,393.080620,62.916882,-83.933517,-10.273984,336.552735,398.078404,63.160946,-81.006798,-11.564423,346.048912,401.976674,63.394596,-77.684319,-12.297864,356.762131,404.058175,63.611233,-74.364304,-12.746974,367.441380,405.228749,63.859264,-70.305092,-13.012453,380.472321,405.751172,64.050018,-66.905441,-12.948750,391.359681,405.272088,64.208122,-63.673809,-12.496840,401.673073,403.562691,64.333916,-60.708858,-11.757827,411.105609,400.954861,64.447426,-57.584682,-10.658248,421.015278,397.178803,64.536125,-53.969753,-8.667524,432.415691,390.507542,64.587090,-50.981216,-6.644905,441.806057,383.784741,64.600693,-48.100853,-4.097179,450.801678,375.388075,64.586777,-45.853321,-1.695797,457.782956,367.511490,64.472610,-43.962719,2.050347,463.497220,355.354771,64.321007,-42.945030,5.585777,466.433808,343.943816,64.147163,-42.550400,8.895303,467.394711,333.307127,63.970757,-42.559143,11.858957,467.094845,323.811337,63.770576,-42.941181,14.863349,465.595116,314.215203,63.520721,-44.092445,17.963070,461.621880,304.375817,63.310310,-45.450001,20.199312,457.066868,297.319962,63.051609,-47.428715,22.650349,450.501810,289.626107
69,0,475.216553,156.256409,0.000000,2305.965820,3221017.750000,635.811218,"MEDCONDYLECART",62.734028,-58.596684,-3.052516,6.553610,370.832184,6658.218750,6.502167,0.000000,0.000000,0.000000,0.000000,11,1.3.6.1.4.1.19291.2.1.3.1601251010784664970738580936,1.3.6.1.4.1.19291.2.1.2.1601251010784664970738485866,1.3.6.1.4.1.19291.2.1.1.16012510107846649707373522,22,61.552204,-85.225121,-8.813209,332.054337,393.280140,61.748501,-83.301170,-10.265616,338.352326,397.778538,61.959736,-80.807434,-11.420345,346.448739,401.276986,62.158558,-78.115173,-12.174567,355.144486,403.476010,62.344955,-75.256104,-12.558661,364.340802,404.475567,62.522655,-72.457123,-12.854125,373.336422,405.195950,62.707588,-69.244194,-12.872339,383.633027,404.994477,62.890560,-65.838425,-12.671579,394.527415,404.075745,63.034119,-62.605343,-11.973324,404.822850,401.576851,63.170578,-59.272499,-11.059232,415.418150,398.378270,63.272629,-56.147270,-9.765574,425.313372,393.980221,63.342335,-52.973804,-7.880441,435.308939,387.683014,63.383129,-49.914307,-5.618106,444.904684,380.186337,63.410496,-47.182877,-3.445825,453.457531,373.004757,63.356972,-45.377983,-0.803936,458.998433,364.393342,63.251987,-44.138931,2.159417,462.696793,354.797596,63.115952,-43.365688,5.196918,464.895817,345.001941,62.952629,-42.867752,8.428654,466.194851,334.606160,62.788219,-42.686699,11.373261,466.504872,325.156054,62.588688,-43.232601,14.208768,464.495606,316.114361,62.417053,-43.885319,16.471212,462.196625,308.917553,62.179073,-45.231194,19.183231,457.635365,300.336201
70,0,482.843292,156.256409,4.735043,2324.906006,2842981.250000,638.705017,"MEDCONDYLECART",61.597214,-57.187420,-2.826957,6.162814,352.738190,5807.169922,5.671064,0.000000,0.000000,0.000000,0.000000,11,1.3.6.1.4.1.19291.2.1.3.1601251010784664970738581937,1.3.6.1.4.1.19291.2.1.2.1601251010784664970738485866,1.3.6.1.4.1.19291.2.1.1.16012510107846649707373522,23,60.536694,-82.872238,-9.721694,339.451058,395.779034,60.738277,-80.592880,-10.920488,346.864563,399.436005,60.934921,-78.064957,-11.796430,355.044922,402.038365,61.147640,-75.060539,-12.483834,364.734768,403.998044,61.304703,-72.441803,-12.605366,373.136902,404.175698,61.474396,-69.574944,-12.700512,382.331650,404.248715,61.610497,-67.009850,-12.520574,390.534264,403.464688,61.739174,-64.380669,-12.153747,398.925074,402.076630,61.868057,-61.429031,-11.479588,408.320908,399.677693,61.975136,-58.691143,-10.644062,417.017051,396.778981,62.053238,-56.131367,-9.492095,425.113460,392.880707,62.124523,-53.183243,-7.850830,434.409338,387.383145,62.162830,-50.828281,-6.225785,441.806057,381.985539,62.188194,-48.819794,-4.716778,448.103266,376.987755,62.152702,-46.465958,-1.849428,455.382460,367.609494,62.078842,-44.691330,1.105894,460.797635,357.996178,61.953072,-43.515026,4.359014,464.268361,347.477015,61.839493,-43.146282,6.628088,465.241761,340.176346,61.682091,-43.015572,9.406060,465.405747,331.264283,61.542305,-43.013660,11.763108,465.195687,323.711382,61.385380,-43.352863,14.080031,463.896264,316.314662,61.211067,-43.982323,16.410004,461.665612,308.899590,61.032696,-45.046867,18.388937,458.073063,302.644551
71,0,490.097107,165.726486,0.000000,2234.940186,2588202.750000,635.770386,"MEDCONDYLECART",60.452370,-54.877274,-1.597534,5.794366,330.746429,5128.985352,5.008775,0.000000,0.000000,0.000000,0.000000,11,1.3.6.1.4.1.19291.2.1.3.1601251010784664970738583938,1.3.6.1.4.1.19291.2.1.2.1601251010784664970738485866,1.3.6.1.4.1.19291.2.1.1.16012510107846649707373522,19,59.661755,-78.503830,-11.055383,353.344895,399.477391,59.900875,-75.186317,-11.885699,364.051087,401.869690,60.113384,-71.955360,-12.351200,374.446476,403.100003,60.294342,-68.789574,-12.347871,384.590023,402.833325,60.487144,-65.155724,-12.092924,396.210263,401.722489,60.642635,-61.652615,-11.335321,407.365471,399.011582,60.761078,-58.608459,-10.396029,417.033450,395.755604,60.848557,-55.801949,-9.164146,425.913106,391.581284,60.921555,-52.950787,-7.645206,434.909507,386.483544,60.951046,-50.399101,-5.681991,442.905569,379.986428,60.937183,-48.018150,-3.152975,450.302681,371.690106,60.905640,-45.950981,-0.628593,456.694767,363.434001,60.825333,-44.594341,2.032400,460.797635,354.797596,60.675056,-43.691978,5.434273,463.376961,343.823947,60.530182,-43.263840,8.287958,464.487015,334.645205,60.340656,-43.263191,11.481797,464.196129,324.411072,60.164848,-43.596802,14.122211,462.884991,315.977313,59.954346,-44.633118,16.669729,459.330708,307.898083,59.679390,-46.652020,19.355850,452.615326,299.454171
72,0,492.289490,175.196579,0.000000,2230.205078,2331975.250000,628.230347,"MEDCONDYLECART",59.257885,-53.992100,-0.905582,5.523066,316.684265,4647.195312,4.538277,0.000000,0.000000,0.000000,0.000000,11,1.3.6.1.4.1.19291.2.1.3.1601251010784664970738584939,1.3.6.1.4.1.19291.2.1.2.1601251010784664970738485866,1.3.6.1.4.1.19291.2.1.1.16012510107846649707373522,18,58.628555,-75.853310,-11.378821,361.641606,400.077515,58.873878,-72.068954,-11.863651,373.811993,401.325009,59.099438,-68.275909,-12.007031,385.978863,401.477677,59.276451,-64.914307,-11.748489,396.726439,400.377385,59.423546,-61.747139,-11.173352,406.821963,398.278313,59.519703,-59.132153,-10.272334,415.118284,395.179688,59.617878,-56.293610,-9.189794,424.114294,391.481328,59.679848,-53.661789,-7.696518,432.410224,386.483544,59.710831,-51.431519,-6.068326,439.407122,381.085938,59.700970,-48.635628,-3.206648,448.103266,371.690106,59.667004,-46.565502,-0.638596,454.500819,363.293829,59.583416,-44.923031,2.353204,459.489232,353.574311,59.472111,-43.981590,5.136171,462.250508,344.580643,59.288219,-43.683113,8.522210,462.896313,333.706559,59.102772,-43.751396,11.580835,462.396927,323.911294,58.909710,-44.233089,14.369264,460.597725,315.015238,58.688072,-45.388077,16.989950,456.656502,306.711110,58.399509,-47.317642,19.991484,450.198430,297.249287
