ImageNo,RoiNo,RoiMean,RoiMedian,RoiMin,RoiMax,RoiTotal,RoiDev,RoiName,RoiCenterX,RoiCenterY,RoiCenterZ,LengthCm,LengthPix,AreaPix2,AreaCm2,RadiusWidthCM,RadiusHeightCM,RadiusWidthPIX,RadiusHeightPIX,RoiType,SOPInstanceUID,SeriesInstanceUID,StudyInstanceUID,NumOfPoints,mmX,mmY,mmZ,pxX,pxY,...,,,,,,,,,,,,,,,,,,,,,,,,,,,,,,,,,,,,,,,,,,,,,,,,,,,,,,,,,,,,,,,,,,,,,,,,,,,,,,,,,,,,,,,,,,,,,,,,,,,,,,,,,,,,,,,,,,,,,,,,,,,,,,,,,,,,,,,,,,,,,,,,,,,,,,,,,,,,,,,,,,,,,,,,,,,,,,,,,,,,,,,,,,,,,
56,0,565.788574,396.463959,4.9558,1655.237061,328723.1563,469.715424,LATCONDYLECART,97.968811,-58.488518,-2.175828,3.298935,130.266617,547.03894,1.304242,0,0,0,0,11,1.3.6.1.4.1.19291.2.1.3.16012510107846648592414339669,1.3.6.1.4.1.19291.2.1.2.16012510107846648592413659612,1.3.6.1.4.1.19291.2.1.1.16012510107846648592405358950,13,95.885735,-73.148643,-8.340539,255.225761,256.238117,96.341232,-70.23584,-8.365895,261.253638,256.590188,96.809479,-67.171379,-8.062982,267.625456,256.285873,97.247116,-64.232445,-7.429375,273.767642,255.291641,97.62867,-61.624115,-6.661014,279.237691,253.987506,98.031067,-58.76965,-5.36456,285.265567,251.627668,98.354332,-56.388012,-3.908005,290.329187,248.891373,98.611824,-54.359215,-2.1302,294.691715,245.461097,98.817108,-52.609386,-0.091965,298.50048,241.468931,98.948776,-51.35685,1.825949,301.268779,237.671851,99.00592,-50.484238,4.201227,303.292297,232.899338,98.985527,-50.031067,6.938827,304.480598,227.341905,98.927742,-49.939812,9.102792,304.867218,222.921462,,,,,,,,,,,,,,,,,,,,,,,,,,,,,,,,,,,,,,,,,,,,,,,,,,,,,,,,,,,,,,,,,,,,,,,,,,,,,,,,,,,,,,,,,,,,,,,,,,,,,,,,,,,,,,,,,,,,,,,,,,,,,,,,,,
60,0,521.679199,242.834183,9.911599,1714.706665,413169.9375,491.964325,LATCONDYLECART,96.401619,-58.942791,-2.858079,3.790638,148.69017,750.975281,1.790465,0,0,0,0,11,1.3.6.1.4.1.19291.2.1.3.16012510107846648592414389673,1.3.6.1.4.1.19291.2.1.2.16012510107846648592413659612,1.3.6.1.4.1.19291.2.1.1.16012510107846648592405358950,15,93.983864,-75.722366,-8.907007,249.371634,257.007795,94.445877,-72.784111,-9.008528,255.445234,257.518375,94.904022,-69.860672,-9.063642,261.492416,257.932426,95.349358,-66.968575,-8.880839,267.496415,257.85622,95.769745,-64.164909,-8.36298,273.348002,257.085018,96.157295,-61.489197,-7.458951,278.969955,255.510099,96.535942,-58.792572,-6.189046,284.668623,253.188362,96.823441,-56.675503,-4.898687,289.169336,250.765018,97.065224,-54.860779,-3.652833,293.040081,248.401624,97.289215,-53.02737,-1.784603,297.006336,244.7661,97.453575,-51.584187,0.04512,300.161254,241.169188,97.557732,-50.440144,2.280691,302.733963,236.710642,97.598984,-49.602264,4.970399,304.714298,231.290888,97.567238,-49.199593,7.812419,305.807598,225.514491,97.522736,-48.969719,10.22732,306.504116,220.594646,,,,,,,,,,,,,,,,,,,,,,,,,,,,,,,,,,,,,,,,,,,,,,,,,,,,,,,,,,,,,,,,,,,,,,,,,,,,,,,,,,,,,,,,,,,,,,,,,,,,,,,,,,,,,,,,,,,,,,,,
64,0,541.500305,193.276184,4.9558,1823.734253,423453.25,548.028503,LATCONDYLECART,94.954414,-58.563675,-3.236459,3.781635,149.145462,726.141663,1.731257,0,0,0,0,11,1.3.6.1.4.1.19291.2.1.3.16012510107846648592414439677,1.3.6.1.4.1.19291.2.1.2.16012510107846648592413659612,1.3.6.1.4.1.19291.2.1.1.16012510107846648592405358950,15,92.51841,-75.525864,-9.593397,249.241576,258.308374,92.983543,-72.574219,-9.725997,255.34007,258.883981,93.447235,-69.577797,-9.605446,261.554397,258.945962,93.916214,-66.512527,-9.320858,267.926215,258.679243,94.396988,-63.277756,-8.595667,274.689223,257.528026,94.762695,-60.732983,-7.649346,280.043949,255.853025,95.061813,-58.58588,-6.567183,284.587844,253.858974,95.355713,-56.406471,-5.17689,289.226745,251.237495,95.57621,-54.743031,-4.000697,292.777935,249.00111,95.82515,-52.771603,-2.234964,297.020561,245.589631,96.002411,-51.195698,-0.170487,300.471668,241.525831,96.105927,-50.03529,2.161213,303.087051,236.872199,96.132744,-49.262886,4.977665,304.943424,231.186232,96.130684,-48.77615,7.321862,306.165256,226.437596,96.100456,-48.476921,9.633289,306.995899,221.736717,,,,,,,,,,,,,,,,,,,,,,,,,,,,,,,,,,,,,,,,,,,,,,,,,,,,,,,,,,,,,,,,,,,,,,,,,,,,,,,,,,,,,,,,,,,,,,,,,,,,,,,,,,,,,,,,,,,,,,,,
68,0,440.781525,158.585587,0,1883.203857,636929.3125,510.742523,LATCONDYLECART,93.361008,-58.881882,-2.493002,5.050389,194.444702,1411.34668,3.364913,0,0,0,0,11,1.3.6.1.4.1.19291.2.1.3.16012510107846648592414479681,1.3.6.1.4.1.19291.2.1.2.16012510107846648592413659612,1.3.6.1.4.1.19291.2.1.1.16012510107846648592405358950,17,89.889458,-82.723946,-10.001414,233.828414,258.277155,90.629959,-77.983322,-10.017682,243.641128,258.798945,91.353661,-73.370399,-10.128273,253.180856,259.500674,92.05117,-68.875664,-10.00614,262.497195,259.713812,92.567291,-65.490379,-9.637107,269.539238,259.307178,92.994598,-62.610382,-8.969234,275.562541,258.236742,93.382828,-59.905251,-7.947579,281.256128,256.424058,93.693329,-57.68647,-6.871229,285.947864,254.449314,93.975494,-55.609627,-5.609199,290.362718,252.079822,94.237625,-53.587322,-4.00123,294.696285,248.996537,94.474457,-51.617622,-1.879707,298.967872,244.856532,94.632355,-50.128052,0.361599,302.256408,240.421864,94.725281,-48.941044,3.136137,304.9673,234.864431,94.734985,-48.361076,5.564187,306.389808,229.953731,94.691765,-48.024685,8.440104,307.348983,224.101127,94.613068,-47.948677,11.160947,307.754909,218.539122,94.489738,-48.128075,14.024795,307.645172,212.658069,,,,,,,,,,,,,,,,,,,,,,,,,,,,,,,,,,,,,,,,,,,,,,,,,,,,,,,,,,,,,,,,,,,,,,,,,,,,,,,,,,,,,,,,,,,,,,,,,,,,,,,,,,,,,,
72,0,463.70874,168.497192,0,1848.513184,679797,531.689209,LATCONDYLECART,91.983238,-57.830769,-1.806387,4.877206,186.666,1367.567505,3.260535,0,0,0,0,11,1.3.6.1.4.1.19291.2.1.3.16012510107846648592414529685,1.3.6.1.4.1.19291.2.1.2.16012510107846648592413659612,1.3.6.1.4.1.19291.2.1.1.16012510107846648592405358950,18,89.045601,-78.454239,-10.261752,242.169778,259.125301,89.442551,-75.930725,-10.353693,247.385658,259.573541,89.954689,-72.639137,-10.304451,254.204506,259.811922,90.46122,-69.372887,-10.205485,260.975474,259.945884,90.96666,-66.059921,-9.854597,267.866142,259.568956,91.431122,-62.950977,-9.229569,274.359506,258.609825,91.870499,-59.921162,-8.221848,280.724002,256.859142,92.17392,-57.738689,-7.103019,285.344437,254.793674,92.476799,-55.486279,-5.640282,290.141114,252.031396,92.718689,-53.598293,-4.053803,294.194628,248.978272,92.964508,-51.619961,-2.161953,298.463091,245.309328,93.150223,-49.918457,0.237741,302.204875,240.572248,93.244125,-48.819469,2.570038,304.693118,235.911063,93.288826,-48.029148,4.933072,306.545161,231.155137,93.288437,-47.486313,7.490418,307.902613,225.97593,93.233177,-47.236145,10.323667,308.679392,220.201787,93.086105,-47.570164,13.175774,308.248473,214.328827,92.901154,-48.121922,16.144821,307.377463,208.194053,,,,,,,,,,,,,,,,,,,,,,,,,,,,,,,,,,,,,,,,,,,,,,,,,,,,,,,,,,,,,,,,,,,,,,,,,,,,,,,,,,,,,,,,,,,,,,,,,,,,,,,,,
76,0,262.516541,133.806595,0,1818.778442,1856779.5,370.398621,LATCONDYLECART,87.208786,-78.292686,0.044019,10.4632,350.234161,7003.523438,16.697701,0,0,0,0,11,1.3.6.1.4.1.19291.2.1.3.16012510107846648592414569689,1.3.6.1.4.1.19291.2.1.2.16012510107846648592413659612,1.3.6.1.4.1.19291.2.1.1.16012510107846648592405358950,26,81.371262,-113.065056,12.360486,172.109973,209.124234,81.502617,-112.937485,9.012272,172.068164,215.991494,81.728149,-112.05883,6.357014,173.644595,221.517601,82.105675,-110.309792,3.216969,176.978618,228.125812,82.519974,-108.276428,0.305476,180.922153,234.295443,82.91787,-106.227448,-2.040184,184.94971,239.30837,83.324532,-104.054344,-4.067039,189.263366,243.681463,83.877357,-100.931625,-6.032082,195.548587,248.025864,84.548172,-97.007881,-7.785402,203.511474,252.019401,85.203644,-93.126244,-9.275342,211.411243,255.469426,85.92231,-88.742615,-10.309725,220.391883,258.038602,86.693298,-83.928139,-10.89573,230.305429,259.734308,87.288231,-80.111382,-10.870993,238.209295,260.076974,88.038628,-75.252098,-10.628407,248.291305,260.081073,88.785622,-70.411819,-10.372541,258.335196,260.05607,89.555435,-65.354713,-9.785409,268.858245,259.375247,90.244156,-60.734783,-8.812212,278.511512,257.859071,90.786003,-56.860195,-6.92144,286.705577,254.387733,91.23941,-53.417561,-4.399466,294.063064,249.579748,91.54808,-50.793526,-1.367871,299.772391,243.644163,91.749931,-48.683994,2.460174,304.489379,236.025169,91.800285,-47.400337,6.967063,307.55862,226.931399,91.678566,-47.098183,12.040655,308.647693,216.576404,91.377007,-47.944386,17.13213,307.361053,206.06647,91.031006,-49.352528,20.923859,304.792285,198.159326,90.59124,-51.528374,23.932302,300.562656,191.776555,,,,,,,,,,,,,,,,,,,,,,,,,,,,,,,,,,,,,,,,,,,,,,,,,,,,,,,,,,,,,,,,,
80,0,275.962585,128.850784,0,1878.248047,2042399,408.091705,LATCONDYLECART,86.334442,-74.156593,0.073061,10.752108,354.776215,7343.087402,17.507286,0,0,0,0,11,1.3.6.1.4.1.19291.2.1.3.16012510107846648592414619693,1.3.6.1.4.1.19291.2.1.2.16012510107846648592413659612,1.3.6.1.4.1.19291.2.1.1.16012510107846648592405358950,38,79.842529,-113.401009,11.078222,170.823188,211.589786,79.99929,-112.933258,8.562129,171.561652,216.788663,80.246017,-111.938278,5.815372,173.370536,222.514068,80.523697,-110.676926,3.388123,175.760078,227.61285,80.904419,-108.799568,0.753641,179.405936,233.199345,81.267479,-106.958588,-1.520689,183.009399,238.044822,81.667931,-104.807976,-3.466349,187.283919,242.249377,82.056641,-102.706345,-5.289033,191.468251,246.197148,82.459465,-100.459724,-6.855997,195.976116,249.636371,82.933968,-97.716881,-8.249188,201.527161,252.770993,83.486282,-94.421318,-9.388371,208.245663,255.442603,84.034164,-91.098221,-10.265162,215.045155,257.579892,84.557968,-87.86409,-10.835589,221.688439,259.080872,85.037804,-84.871468,-11.21783,227.848956,260.171715,85.493973,-81.974129,-11.335929,233.836347,260.712033,85.91626,-79.234802,-11.177082,239.521917,260.669133,86.3022,-76.714241,-10.95192,244.760629,260.467919,86.737328,-73.899567,-10.825445,250.599231,260.499055,87.161278,-71.139473,-10.619084,256.332115,260.361016,87.598587,-68.297844,-10.431756,262.232072,260.270348,88.038391,-65.39782,-10.045661,268.271084,259.778813,88.508209,-62.261799,-9.454363,274.817423,258.891503,88.915092,-59.441219,-8.451657,280.748305,257.129505,89.243736,-57.092739,-7.312346,285.714305,255.039229,89.572449,-54.609901,-5.544842,291.015834,251.676812,89.783669,-52.94738,-4.094288,294.59019,248.878712,90.046692,-50.792175,-1.889984,299.253348,244.58836,90.15905,-49.664608,0.022109,301.762393,240.79032,90.262192,-48.477875,2.488505,304.444564,235.863643,90.328621,-47.465935,5.237997,306.790698,230.339452,90.337952,-46.759941,8.26826,308.529129,224.208948,90.282303,-46.417038,11.548079,309.538689,217.530176,90.141579,-46.686394,14.512677,309.251919,211.433605,89.931267,-47.415451,17.412334,308.007542,205.422606,89.693733,-48.382282,20.014809,306.243743,199.99547,89.417221,-49.657688,22.341057,303.815898,195.101988,89.090454,-51.316544,24.379076,300.567878,190.759037,88.728844,-53.249947,26.1765,296.729491,186.880307,,,,,
84,0,274.556549,123.894989,0,2051.700928,2175586,415.169739,LATCONDYLECART,84.608078,-75.339661,0.755251,11.163285,360.489044,7828.212891,18.663914,0,0,0,0,11,1.3.6.1.4.1.19291.2.1.3.16012510107846648592414679697,1.3.6.1.4.1.19291.2.1.2.16012510107846648592413659612,1.3.6.1.4.1.19291.2.1.1.16012510107846648592405358950,39,78.23761,-113.367149,13.818321,170.669471,205.859274,78.329872,-113.390671,10.936216,170.357436,211.756783,78.501396,-112.854591,8.297085,171.226127,217.214584,78.722183,-111.930428,5.997812,172.929297,222.016651,78.996979,-110.668549,3.659403,175.328033,226.933625,79.311234,-109.15976,1.293507,178.235419,231.93231,79.696625,-107.221489,-1.195465,182.020698,237.227199,80.073875,-105.230637,-3.193316,185.959685,241.522147,80.499336,-102.908447,-5.085937,190.594245,245.635796,80.932747,-100.494957,-6.789092,195.435126,249.371022,81.35376,-98.085274,-8.137692,200.300521,252.380038,81.806129,-95.411011,-9.187582,205.740958,254.804819,82.338272,-92.193947,-10.088651,212.318713,256.980892,82.79541,-89.391602,-10.681291,218.066077,258.482846,83.266556,-86.454712,-11.06383,224.111177,259.568585,83.774574,-83.265984,-11.373079,230.684337,260.530224,84.246155,-80.25177,-11.405973,236.921457,260.908139,84.715576,-77.209877,-11.244373,243.233651,260.890774,85.115883,-74.570946,-10.895749,248.728732,260.449025,85.594696,-71.46048,-10.69477,255.186473,260.35812,86.068909,-68.366737,-10.433764,261.615106,260.142605,86.533997,-65.263588,-9.854705,268.092254,259.276978,86.956253,-62.430279,-9.254062,274.012744,258.339341,87.456932,-58.96368,-8.040005,281.300365,256.211273,87.812996,-56.433636,-6.872852,286.64479,254.082697,88.104752,-54.242996,-5.365281,291.317653,251.222292,88.343552,-52.348446,-3.655326,295.396064,247.917073,88.562721,-50.504471,-1.592919,299.401958,243.885134,88.722305,-48.986954,0.728975,302.755694,239.288365,88.809662,-47.825317,3.551604,305.41846,233.629861,88.86705,-46.775295,6.751564,307.884608,227.187441,88.859634,-46.242027,9.474956,309.237441,221.667336,88.79612,-46.03138,12.370966,309.938113,215.760634,88.646194,-46.42458,15.031265,309.367156,210.274235,88.403786,-47.363293,17.911827,307.686969,204.280714,88.137657,-48.521229,20.477251,305.524173,198.909733,87.814445,-50.036179,23.083328,302.625979,193.418738,87.442047,-51.939121,25.347555,298.893306,188.587559,87.067108,-54.025341,26.828936,294.709689,185.34005
88,0,285.497803,133.806595,0,2185.507568,2135523.5,416.327423,LATCONDYLECART,82.90522,-76.721397,-0.199812,10.743639,356.977844,7402.879883,17.649841,0,0,0,0,11,1.3.6.1.4.1.19291.2.1.3.16012510107846648592414729701,1.3.6.1.4.1.19291.2.1.2.16012510107846648592413659612,1.3.6.1.4.1.19291.2.1.1.16012510107846648592405358950,37,76.742622,-113.196815,13.896424,170.555079,205.592181,76.817963,-113.283081,11.228456,170.132731,211.044873,76.991234,-112.734657,8.594687,171.027468,216.492971,77.222168,-111.8022,6.029393,172.72349,221.840461,77.509644,-110.485931,3.56524,175.223337,227.020443,77.824448,-108.951813,1.301656,178.192519,231.812297,78.173836,-107.200859,-0.98419,181.608565,236.672074,78.55706,-105.184441,-3.04163,185.59505,241.091629,78.950012,-103.059227,-4.881047,189.826671,245.076075,79.356026,-100.792938,-6.451657,194.374923,248.5248,79.796631,-98.27549,-7.8834,199.455833,251.715113,80.229599,-95.76622,-9.124199,204.537249,254.513723,80.719276,-92.811012,-9.977581,210.577243,256.565186,81.197411,-89.874214,-10.570445,216.602935,258.08144,81.715279,-86.670586,-11.105705,223.186308,259.507301,82.169868,-83.805634,-11.328224,229.097096,260.258023,82.645042,-80.774193,-11.388187,235.367412,260.693135,83.106125,-77.798698,-11.28731,241.53661,260.793232,83.579201,-74.690659,-10.925284,248.004055,260.372418,84.03286,-71.692245,-10.493957,254.25088,259.798397,84.512527,-68.523415,-10.044806,260.852127,259.205479,85.017555,-65.167107,-9.478452,267.852227,258.391941,85.480324,-62.089615,-8.949836,274.271667,257.626923,85.89827,-59.19257,-7.920874,280.363238,255.81906,86.24054,-56.725098,-6.632876,285.589183,253.436667,86.545715,-54.429375,-5.035951,290.487773,250.404158,86.791359,-52.487041,-3.307379,294.666793,247.065743,87.011063,-50.661282,-1.346419,298.625704,243.239615,87.194145,-48.954865,1.155372,302.386972,238.294041,87.318306,-47.495461,4.268662,305.692705,232.07122,87.350128,-46.631111,7.365969,307.765104,225.819799,87.328552,-46.10746,10.469575,309.132746,219.520373,87.217979,-46.141048,13.634192,309.352347,213.038628,86.999924,-46.856606,16.829597,308.162936,206.423592,86.731804,-47.975025,19.639997,306.104323,200.555193,86.421593,-49.385143,22.347151,303.432365,194.86809,86.097008,-51.018311,24.440094,300.242563,190.415338,,,,,,,,,,
92,0,300.834167,133.806595,0,2061.612549,2071544.125,429.931183,LATCONDYLECART,81.556114,-75.72139,-0.614456,10.289138,348.960999,6823.692383,16.26895,0,0,0,0,11,1.3.6.1.4.1.19291.2.1.3.16012510107846648592414769705,1.3.6.1.4.1.19291.2.1.2.16012510107846648592413659612,1.3.6.1.4.1.19291.2.1.1.16012510107846648592405358950,36,75.282898,-113.268349,11.780463,169.739496,209.791627,75.445709,-112.774544,9.204814,170.526476,215.115115,75.685677,-111.80825,6.526709,172.282244,220.697014,75.940735,-110.671677,4.193724,174.42206,225.589986,76.307632,-108.870842,1.616006,177.914705,231.052382,76.632263,-107.225769,-0.422708,181.134127,235.395335,76.992157,-105.351883,-2.447653,184.828497,239.733691,77.379936,-103.261169,-4.293546,188.988112,243.727839,77.798164,-100.935493,-5.952223,193.65127,247.362968,78.296524,-98.106873,-7.660182,199.351137,251.150794,78.772957,-95.342812,-9.011906,204.949892,254.20271,79.247002,-92.512085,-9.979321,210.721769,256.474794,79.67617,-89.881332,-10.536351,216.117165,257.886179,80.229248,-86.427437,-10.955838,223.229206,259.100787,80.766144,-83.066437,-11.324902,230.153555,260.202622,81.245667,-80.005623,-11.377751,236.485323,260.626235,81.725197,-76.917274,-11.301888,242.885867,260.789148,82.135292,-74.195427,-10.85878,248.561224,260.162524,82.569801,-71.275681,-10.221092,254.664032,259.157987,83.000572,-68.444672,-9.886995,260.555412,258.765771,83.451637,-65.460556,-9.444654,266.773638,258.167749,83.906464,-62.388107,-8.701233,273.202271,256.962506,84.333443,-59.399521,-7.514509,279.497766,254.841112,84.684738,-56.873001,-6.220743,284.846476,252.452986,84.988754,-54.606197,-4.72444,289.675981,249.623486,85.264694,-52.51062,-3.187478,294.154741,246.693114,85.481194,-50.732796,-1.355103,298.00268,243.125261,85.631966,-49.267555,0.986305,301.249998,238.48316,85.721336,-48.084641,3.848504,303.960424,232.745848,85.779442,-47.154827,6.463135,306.124243,227.489262,85.759552,-46.621765,9.560231,307.510778,221.204135,85.63842,-46.748905,12.603135,307.525587,214.961908,85.448357,-47.322529,15.623326,306.613997,208.720189,85.213997,-48.234825,18.385971,304.977732,202.970782,84.903496,-49.597443,21.324526,302.425276,196.814862,84.682899,-50.623192,23.141943,300.467779,192.988733,,,,,,,,,,,,,,,
96,0,322.499817,133.806595,0,1947.629272,1766009,461.020538,LATCONDYLECART,79.758125,-77.817886,-2.063308,9.2005,332.018555,5410.542969,12.89974,0,0,0,0,11,1.3.6.1.4.1.19291.2.1.3.16012510107846648592414819709,1.3.6.1.4.1.19291.2.1.2.16012510107846648592413659612,1.3.6.1.4.1.19291.2.1.1.16012510107846648592405358950,33,73.800255,-112.969604,12.089803,169.912112,209.064400,73.993568,-112.315559,9.349088,171.015727,214.742310,74.212646,-111.439262,6.876763,172.603983,219.893691,74.489433,-110.238556,4.191748,174.844408,225.513894,74.789803,-108.773842,2.036442,177.679789,230.076956,75.129166,-107.026344,0.035562,181.114718,234.353006,75.497551,-105.089371,-1.948789,184.943403,238.614758,75.936073,-102.745079,-4.129925,189.597372,243.321325,76.376457,-100.298988,-5.889824,194.500555,247.176053,76.869934,-97.481461,-7.502790,200.186125,250.768285,77.366158,-94.597755,-8.888153,206.029501,253.901400,77.953667,-91.033722,-9.825641,213.322229,256.187782,78.548485,-87.361923,-10.477304,220.864176,257.900144,79.106659,-83.891632,-10.973203,228.003185,259.272893,79.631111,-80.600441,-11.295751,234.787262,260.272322,80.108391,-77.549316,-11.326785,241.100988,260.650236,80.582214,-74.392624,-10.759000,247.687935,259.813208,80.976143,-71.708764,-10.008156,253.312767,258.552712,80.987026,-71.628514,-9.958798,253.483428,258.459932,81.428169,-68.634087,-9.170135,259.754642,257.154017,81.864761,-65.708382,-8.567078,265.866642,256.220976,82.314407,-62.704765,-7.990785,272.137469,255.350752,82.690559,-60.135288,-7.242254,277.525305,254.083206,83.047142,-57.577698,-5.961452,282.937140,251.724815,83.355980,-55.220512,-4.186296,287.979239,248.333801,83.617210,-53.186245,-2.495003,292.345171,245.081182,83.866440,-51.099754,-0.198360,296.874529,240.594724,84.018707,-49.692066,1.828117,299.973936,236.591383,84.141357,-48.355347,4.411837,302.977335,231.440000,84.184517,-47.643681,6.452423,304.637091,227.336054,84.185371,-47.030197,9.303601,306.167647,221.562644,84.139702,-46.755791,11.962322,306.978632,216.148254,84.031975,-46.945267,14.310302,306.800909,211.322184
100,0,354.60144,138.76239,0,2051.700928,1527268.375,476.300323,LATCONDYLECART,77.559891,-82.451073,-3.383367,8.333895,310.909515,4253.623047,10.141428,0,0,0,0,11,1.3.6.1.4.1.19291.2.1.3.16012510107846648592414869713,1.3.6.1.4.1.19291.2.1.2.16012510107846648592413659612,1.3.6.1.4.1.19291.2.1.1.16012510107846648592405358950,28,72.529198,-111.793137,10.157906,171.696993,213.015650,72.698433,-111.240555,7.664800,172.613184,218.176225,72.908936,-110.388397,5.336954,174.164675,223.029361,73.154381,-109.236221,3.365984,176.369852,227.182846,73.491104,-107.518387,1.305240,179.737894,231.578399,73.864014,-105.589943,-0.854923,183.532866,236.199170,74.238266,-103.621605,-2.868129,187.423853,240.523227,74.673050,-101.254639,-4.830835,192.144721,244.784978,75.111282,-98.785774,-6.419200,197.110720,248.290901,75.521797,-96.412766,-7.624454,201.913298,251.002693,75.968445,-93.804253,-8.810861,207.205122,253.700186,76.456612,-90.856438,-9.653389,213.230818,255.728666,77.005341,-87.469490,-10.256271,220.187508,257.311821,77.520325,-84.207916,-10.433125,226.923577,258.009943,78.071648,-80.689362,-10.496759,234.202006,258.502764,78.565193,-77.516731,-10.446827,240.774653,258.727469,78.950928,-74.990471,-10.188938,246.028175,258.459864,79.427109,-71.852257,-9.778509,252.562521,257.943041,79.836899,-69.084549,-9.111057,258.353295,256.861898,80.251066,-66.262920,-8.322329,264.266814,255.538055,80.262050,-66.189609,-8.308546,264.419835,255.517396,80.660667,-63.507969,-7.708970,270.026255,254.566324,81.320854,-58.885517,-5.866712,279.764129,251.271355,81.784935,-55.452972,-3.712662,287.067100,247.215515,82.258408,-51.712383,-0.396202,295.114017,240.811839,82.558380,-48.998672,3.317285,301.071326,233.489604,82.643188,-47.823486,6.280161,303.774943,227.545410,82.631798,-47.304337,9.056838,305.103393,221.914783
104,0,410.539246,143.718185,0,2026.921997,1132677.75,511.890289,LATCONDYLECART,76.024315,-82.787476,-4.462208,7.063412,274.058899,2736.002441,6.523139,0,0,0,0,11,1.3.6.1.4.1.19291.2.1.3.16012510107846648592414919717,1.3.6.1.4.1.19291.2.1.2.16012510107846648592413659612,1.3.6.1.4.1.19291.2.1.1.16012510107846648592405358950,25,71.325241,-110.160995,8.347494,174.436366,216.765173,71.509972,-109.470406,6.03621,175.654879,221.567751,71.725327,-108.550156,3.88168,177.363162,226.073105,72.039711,-107.025894,1.584423,180.308848,230.932881,72.38298,-105.277779,-0.530932,183.734591,235.443341,72.740074,-103.397377,-2.441043,187.452963,239.547288,73.154083,-101.12619,-4.228701,191.991511,243.440828,73.556122,-98.879601,-5.77212,196.501463,246.831844,74.02681,-96.150673,-7.116122,202.028204,249.864353,74.539253,-93.095451,-8.184255,208.255625,252.365738,75.010452,-90.223701,-8.873939,214.137812,254.073504,75.543381,-86.95018,-9.533917,220.854475,255.761862,76.036858,-83.848549,-9.814865,227.249911,256.656599,76.589806,-80.357231,-10.055006,234.455821,257.507929,77.114807,-76.99247,-10.049041,241.422215,257.842434,77.584915,-73.899139,-9.666811,247.861061,257.378723,78.030235,-70.921547,-9.082355,254.078775,256.489092,78.425095,-68.22583,-8.304012,259.730639,255.17354,78.838242,-65.423782,-7.576459,265.598017,253.972897,79.219856,-62.809879,-6.783779,271.081862,252.619555,79.633469,-59.974617,-5.914348,277.030951,251.131899,79.932182,-57.787785,-4.633745,281.675215,248.735716,80.298378,-55.043034,-2.764244,287.528292,245.191492,80.565651,-52.975147,-1.096951,291.961638,241.991475,80.784927,-51.119415,1.017688,295.996642,237.853822,,,,,,,,,,,,,,,,,,,,,,,,,,,,,,,,,,,,,,,,,,,,,,,,,,,,,,,,,,,,,,,,,,,,,,
108,0,427.432922,153.629791,0,2021.966187,1220321,515.482239,TROCHLEACART,74.380005,-83.47065,-3.901137,7.057179,272.131409,2803.735596,6.684627,0,0,0,0,11,1.3.6.1.4.1.19291.2.1.3.16012510107846648592414969721,1.3.6.1.4.1.19291.2.1.2.16012510107846648592413659612,1.3.6.1.4.1.19291.2.1.1.16012510107846648592405358950,25,69.808289,-109.844109,9.772144,174.7484,213.756668,69.965393,-109.266426,7.761284,175.7606,217.932623,70.184296,-108.363548,5.418773,177.415759,222.820997,70.462288,-107.078949,3.090989,179.862498,227.718565,70.79113,-105.458076,0.812563,183.009917,232.549742,71.128883,-103.739113,-1.273818,186.377951,236.997897,71.518089,-101.650719,-3.173459,190.527861,241.101844,71.932526,-99.352089,-4.84523,195.133822,244.760976,72.367828,-96.867439,-6.27164,200.147315,247.936989,72.888359,-93.79557,-7.504827,206.394141,250.777987,73.416306,-90.606201,-8.409787,212.914187,252.959166,73.922806,-87.506004,-9.088717,219.270298,254.668463,74.369469,-84.718445,-9.435877,225.009491,255.666361,74.838646,-81.743454,-9.580503,231.155199,256.268982,75.381325,-78.27282,-9.609131,238.337616,256.685198,75.894852,-74.940079,-9.40868,245.255494,256.618298,76.328575,-72.086411,-9.056985,251.19539,256.192377,76.757011,-69.198486,-8.385978,257.235383,255.116343,77.113464,-66.779182,-7.750031,262.301989,254.063801,77.496063,-64.189125,-7.098759,267.72353,252.997469,77.905785,-61.340767,-6.051043,273.716029,251.146198,78.278297,-58.665936,-4.699222,279.377085,248.654516,78.649826,-55.932507,-3.042845,285.187266,245.545404,78.949173,-53.572266,-0.968167,290.263064,241.541553,79.15152,-51.798489,1.270576,294.139754,237.141403,,,,,,,,,,,,,,,,,,,,,,,,,,,,,,,,,,,,,,,,,,,,,,,,,,,,,,,,,,,,,,,,,,,,,,
112,0,507.572754,173.452988,0,2051.700928,875055.4375,563.366211,TROCHLEACART,71.940445,-89.235474,-3.277294,5.712888,224.356079,1681.560303,4.009152,0,0,0,0,11,1.3.6.1.4.1.19291.2.1.3.16012510107846648592415009725,1.3.6.1.4.1.19291.2.1.2.16012510107846648592413659612,1.3.6.1.4.1.19291.2.1.1.16012510107846648592405358950,21,68.312668,-109.284912,11.692725,175.607386,209.757923,68.451523,-108.915527,9.253256,176.149233,214.789805,68.664856,-108.086006,6.734175,177.636378,220.032091,68.949844,-106.766747,4.358738,180.15053,225.030776,69.237686,-105.369545,2.263145,182.851599,229.464632,69.598671,-103.532883,0.030756,186.449957,234.223801,69.971382,-101.564392,-1.935543,190.345541,238.451847,70.385582,-99.290962,-3.718348,194.889197,242.335684,70.828758,-96.795609,-5.331073,199.907801,245.894208,71.319252,-93.944984,-6.699391,205.684271,248.989021,71.839241,-90.839371,-7.757995,212.016894,251.476107,72.377472,-87.533043,-8.42356,218.800971,253.179276,72.852417,-84.547829,-8.693657,224.956379,254.039797,73.343941,-81.438744,-8.880684,231.375819,254.743025,73.718674,-79.032074,-8.853094,236.360714,254.934536,74.129433,-76.347717,-8.605711,241.940571,254.704723,74.598289,-73.204056,-7.949769,248.508622,253.685886,74.983154,-70.625,-7.418051,253.896457,252.863155,75.357178,-68.111595,-6.868677,259.149979,251.997526,75.723251,-65.67234,-6.428069,264.240078,251.346901,76.106064,-63.041576,-5.592381,269.762736,249.907251,,,,,,,,,,,,,,,,,,,,,,,,,,,,,,,,,,,,,,,,,,,,,,,,,,,,,,,,,,,,,,,,,,,,,,,,,,,,,,,,,,,,,,,,,,
116,0,537.097168,193.276184,0,2116.126465,1098363.75,577.070496,TROCHLEACART,69.959343,-91.843452,-1.623891,6.147107,239.615997,2028.18042,4.835559,0,0,0,0,11,1.3.6.1.4.1.19291.2.1.3.16012510107846648592415059729,1.3.6.1.4.1.19291.2.1.2.16012510107846648592413659612,1.3.6.1.4.1.19291.2.1.1.16012510107846648592405358950,17,66.857788,-108.77449,12.160223,176.232631,208.728746,66.984833,-108.477547,9.735824,176.625873,213.722324,67.232262,-107.476082,6.998621,178.449054,219.428833,67.563156,-105.902824,4.435148,181.471858,224.838628,67.886879,-104.272247,2.356035,184.657573,229.262781,68.251884,-102.400513,0.167325,188.332538,233.936153,68.59729,-100.569527,-1.623529,191.959495,237.790881,68.952583,-98.627731,-3.191771,195.836181,241.201303,69.34523,-96.431931,-4.691092,200.245013,244.49682,69.822296,-93.651634,-5.985856,205.882579,247.433828,70.32235,-90.693428,-7.136704,211.901633,250.094551,70.856964,-87.43766,-7.930799,218.56927,252.05562,71.502937,-83.370491,-8.265421,226.958695,253.159708,72.330284,-78.117142,-8.486539,237.814163,254.153686,73.36895,-71.235336,-7.419711,252.158597,252.67891,74.258255,-65.203773,-5.853061,264.788469,250.093338,75.17485,-58.696388,-2.87487,278.532415,244.667243,,,,,,,,,,,,,,,,,,,,,,,,,,,,,,,,,,,,,,,,,,,,,,,,,,,,,,,,,,,,,,,,,,,,,,,,,,,,,,,,,,,,,,,,,,,,,,,,,,,,,,,,,,,,,,
120,0,535.647339,183.364578,0,2031.877808,1223418.5,588.101013,TROCHLEACART,68.411392,-91.673515,0.043358,6.218181,238.296371,2203.739014,5.254124,0,0,0,0,11,1.3.6.1.4.1.19291.2.1.3.16012510107846648592415099733,1.3.6.1.4.1.19291.2.1.2.16012510107846648592413659612,1.3.6.1.4.1.19291.2.1.1.16012510107846648592405358950,15,65.422554,-107.512756,15.560898,178.681293,201.772485,65.510818,-107.629539,12.361573,178.147212,208.309787,65.726723,-106.932884,9.142117,179.295306,214.972102,66.032631,-105.652939,5.953825,181.653796,221.63073,66.395844,-103.902893,3.248526,185.029636,227.349075,66.768021,-102.044304,0.782861,188.652075,232.588044,67.125641,-100.159424,-1.122283,192.380152,236.682288,67.564011,-97.750092,-2.994052,197.197028,240.762232,68.033043,-95.076736,-4.548666,202.589461,244.220149,68.770988,-90.690063,-6.148092,211.524779,247.946346,70.022499,-83.071152,-8.019358,227.12675,252.562092,70.983025,-76.947914,-8.162252,239.790233,253.485568,71.8367,-71.260124,-7.137309,251.658943,251.973493,72.514771,-66.556099,-5.449667,261.551585,249.003446,73.463638,-59.91581,-2.817794,275.539006,244.299984,,,,,,,,,,,,,,,,,,,,,,,,,,,,,,,,,,,,,,,,,,,,,,,,,,,,,,,,,,,,,,,,,,,,,,,,,,,,,,,,,,,,,,,,,,,,,,,,,,,,,,,,,,,,,,,,,,,,,,,,
124,0,930.557434,1025.850464,14.867399,1952.585083,793765.5,654.642151,TROCHLEACART,66.088058,-96.729851,0.497279,4.005678,159.270248,781.123596,1.862344,0,0,0,0,11,1.3.6.1.4.1.19291.2.1.3.16012510107846648592415149737,1.3.6.1.4.1.19291.2.1.2.16012510107846648592413659612,1.3.6.1.4.1.19291.2.1.1.16012510107846648592405358950,16,63.946365,-107.323906,15.160597,178.561512,202.486651,64.078712,-107.080368,12.326655,178.806774,208.313088,64.229904,-106.59539,10.058622,179.603579,213.005945,64.422287,-105.840584,7.818431,180.96152,217.669615,64.662781,-104.787262,5.532643,182.93331,222.457382,64.972557,-103.287277,3.260103,185.830996,227.264046,65.3106,-101.565956,1.176085,189.204138,231.707605,65.674385,-99.664909,-0.838265,192.955706,236.027066,66.084915,-97.40715,-2.584441,197.470252,239.834298,66.460091,-95.312904,-4.035235,201.673274,243.020016,66.860748,-92.989159,-5.175108,206.379839,245.592898,67.291138,-90.435097,-6.128513,211.580248,247.807783,67.727943,-87.772003,-6.763091,217.035496,249.381235,68.135857,-85.240585,-7.147332,222.241013,250.428671,68.555405,-82.585007,-7.298808,227.724858,251.012396,68.995232,-79.790031,-7.405849,233.501332,251.519516,,,,,,,,,,,,,,,,,,,,,,,,,,,,,,,,,,,,,,,,,,,,,,,,,,,,,,,,,,,,,,,,,,,,,,,,,,,,,,,,,,,,,,,,,,,,,,,,,,,,,,,,,,,,,,,,,,,
128,0,904.232544,1065.496948,0,1972.408203,802958.5,670.205566,TROCHLEACART,64.84919,-94.975479,0.308743,4.082214,161.335693,842.377625,2.008385,0,0,0,0,11,1.3.6.1.4.1.19291.2.1.3.16012510107846648592415199741,1.3.6.1.4.1.19291.2.1.2.16012510107846648592413659612,1.3.6.1.4.1.19291.2.1.1.16012510107846648592405358950,17,62.551872,-106.672531,14.475331,179.373255,203.831816,62.639297,-106.568726,12.335587,179.392664,208.222775,62.80331,-106.044983,9.864225,180.251139,213.335856,63.025776,-105.126534,7.487576,181.935412,218.295727,63.29871,-103.866707,5.195717,184.334147,223.117201,63.595615,-102.4058,3.126535,187.169527,227.503562,63.928699,-100.722626,1.012651,190.460959,232.004319,64.248528,-99.040733,-0.708873,193.785586,235.701753,64.642395,-96.881805,-2.417864,198.098917,239.422678,65.015556,-94.748901,-3.626721,202.404078,242.117107,65.438866,-92.262711,-4.68557,207.454344,244.540866,65.876678,-89.629372,-5.490036,212.832476,246.459037,66.278496,-87.154526,-5.956464,217.913382,247.668874,66.721664,-84.392258,-6.317368,223.598952,248.692309,67.10865,-81.943512,-6.460545,228.655344,249.23773,67.454659,-79.723946,-6.447114,233.251602,249.438944,67.80751,-77.397522,-6.138417,238.096057,249.04673,,,,,,,,,,,,,,,,,,,,,,,,,,,,,,,,,,,,,,,,,,,,,,,,,,,,,,,,,,,,,,,,,,,,,,,,,,,,,,,,,,,,,,,,,,,,,,,,,,,,,,,,,,,,,,
132,0,879.733826,1030.806274,4.9558,1977.364014,796159.125,679.268372,TROCHLEACART,63.314648,-95.002205,0.650618,4.065588,160.40979,848.116516,2.022067,0,0,0,0,11,1.3.6.1.4.1.19291.2.1.3.16012510107846648592415249745,1.3.6.1.4.1.19291.2.1.2.16012510107846648592413659612,1.3.6.1.4.1.19291.2.1.1.16012510107846648592405358950,17,61.067032,-106.42215,14.623326,179.430964,203.429899,61.188129,-106.114372,12.428486,179.867609,207.954659,61.336926,-105.632278,10.218977,180.663783,212.527424,61.541615,-104.808365,7.933113,182.160628,217.2917,61.809441,-103.619347,5.462561,184.396452,222.471682,62.077999,-102.325905,3.459786,186.8912,226.704835,62.373711,-100.825836,1.610108,189.827696,230.64587,62.700024,-99.105957,-0.128213,193.229437,234.381606,63.033787,-97.295525,-1.665641,196.836989,237.715424,63.42804,-95.086311,-3.150319,201.274931,240.982342,63.846233,-92.664597,-4.357861,206.178114,243.703837,64.254494,-90.228661,-5.200201,211.144114,245.679206,64.726425,-87.347931,-5.869724,217.046732,247.346625,65.170143,-84.583839,-6.238519,222.735365,248.3864,65.564133,-82.064041,-6.258874,227.950076,248.687712,65.936195,-79.65255,-6.12826,232.954378,248.668816,66.294685,-77.259834,-5.678262,237.948977,247.994186,,,,,,,,,,,,,,,,,,,,,,,,,,,,,,,,,,,,,,,,,,,,,,,,,,,,,,,,,,,,,,,,,,,,,,,,,,,,,,,,,,,,,,,,,,,,,,,,,,,,,,,,,,,,,,
136,0,901.942566,1080.364258,0,1893.115479,687280.25,639.519897,TROCHLEACART,61.946812,-94.202942,-0.142045,3.833448,151.962173,731.935181,1.745069,0,0,0,0,11,1.3.6.1.4.1.19291.2.1.3.16012510107846648592415289749,1.3.6.1.4.1.19291.2.1.2.16012510107846648592413659612,1.3.6.1.4.1.19291.2.1.1.16012510107846648592405358950,16,59.728806,-105.674728,12.698024,180.328257,207.323441,59.846481,-105.347824,10.695741,180.8221,211.455986,60.027321,-104.684395,8.373861,181.983416,216.277459,60.254833,-103.681908,6.23969,183.863799,220.749618,60.509663,-102.528229,3.993883,186.047018,225.465888,60.79475,-101.09951,2.128889,188.834395,229.430926,61.120358,-99.405342,0.291226,192.17383,233.367365,61.503208,-97.347015,-1.558535,196.266032,237.366108,61.93446,-94.945511,-3.253071,201.082907,241.082438,62.381382,-92.36348,-4.571791,206.307833,244.048045,62.813488,-89.788513,-5.478734,211.555735,246.169984,63.25798,-87.102669,-6.237653,217.046732,248.000315,63.680416,-84.471504,-6.590434,222.461632,248.993618,64.090874,-81.845123,-6.605669,227.897473,249.295439,64.454285,-79.471939,-6.394903,232.829768,249.108524,64.750702,-77.489357,-6.003228,236.969974,248.511011,,,,,,,,,,,,,,,,,,,,,,,,,,,,,,,,,,,,,,,,,,,,,,,,,,,,,,,,,,,,,,,,,,,,,,,,,,,,,,,,,,,,,,,,,,,,,,,,,,,,,,,,,,,,,,,,,,,
140,0,820.714294,862.309143,9.911599,1967.452393,649185,641.080811,TROCHLEACART,60.546223,-93.568932,-0.72618,3.823745,151.721039,722.816956,1.72333,0,0,0,0,11,1.3.6.1.4.1.19291.2.1.3.16012510107846648592415339753,1.3.6.1.4.1.19291.2.1.2.16012510107846648592413659612,1.3.6.1.4.1.19291.2.1.1.16012510107846648592405358950,16,58.315872,-105.159164,11.929334,180.851206,208.825394,58.436581,-104.821152,9.887946,181.364455,213.039141,58.601593,-104.217422,7.761641,182.420062,217.454102,58.822392,-103.27607,5.542564,184.166129,222.093767,59.073662,-102.126289,3.385366,186.349352,226.628231,59.372242,-100.630836,1.427934,189.266444,230.789375,59.744286,-98.682297,-0.611962,193.11402,235.166034,60.150681,-96.457901,-2.390251,197.556559,239.035571,60.523678,-94.354607,-3.733069,201.78818,242.001179,60.998718,-91.603516,-5.103901,207.358332,245.090884,61.446453,-88.924538,-5.992393,212.823283,247.185757,61.879219,-86.267914,-6.536232,218.273421,248.572805,62.28376,-83.749817,-6.881489,223.454936,249.53904,62.682281,-81.21727,-6.978282,228.689051,249.998156,63.054745,-78.801659,-6.840477,233.702546,249.96496,63.353416,-76.812508,-6.485637,237.852966,249.443541,,,,,,,,,,,,,,,,,,,,,,,,,,,,,,,,,,,,,,,,,,,,,,,,,,,,,,,,,,,,,,,,,,,,,,,,,,,,,,,,,,,,,,,,,,,,,,,,,,,,,,,,,,,,,,,,,,,
144,0,678.677612,416.28717,4.9558,1937.717651,642707.6875,611.836426,TROCHLEACART,58.925285,-94.112717,-0.213094,4.072224,158.917679,892.209045,2.127192,0,0,0,0,11,1.3.6.1.4.1.19291.2.1.3.16012510107846648592415389757,1.3.6.1.4.1.19291.2.1.2.16012510107846648592413659612,1.3.6.1.4.1.19291.2.1.1.16012510107846648592405358950,16,56.820797,-104.660896,13.547724,181.556475,205.438974,56.851341,-104.884666,11.58084,180.913508,209.442314,56.969067,-104.630661,9.235109,181.225039,214.270428,57.168938,-103.911781,6.601439,182.472662,219.735888,57.404282,-102.873726,4.398955,184.420454,224.351551,57.668324,-101.644714,2.229532,186.766589,228.919209,57.970722,-100.131577,0.240305,189.717387,233.147255,58.361073,-98.065018,-1.796147,193.809588,237.52902,58.822197,-95.47924,-3.52406,199.004889,241.332679,59.27179,-92.886307,-4.871919,204.249731,244.359058,59.770275,-89.938591,-6.025048,210.246825,247.023356,60.280655,-86.835777,-6.808125,216.598853,248.946123,60.741249,-83.964233,-7.179994,222.509638,250.003262,61.196911,-81.082779,-7.357273,228.458727,250.66308,61.593685,-78.469383,-7.022405,233.899674,250.246864,61.913284,-76.344223,-6.658475,238.332509,249.720848,,,,,,,,,,,,,,,,,,,,,,,,,,,,,,,,,,,,,,,,,,,,,,,,,,,,,,,,,,,,,,,,,,,,,,,,,,,,,,,,,,,,,,,,,,,,,,,,,,,,,,,,,,,,,,,,,,,
148,0,682.875,530.270569,9.911599,1838.601685,633708,578.344543,TROCHLEACART,57.407658,-94.355957,-1.394396,4.045628,158.449646,868.552734,2.070791,0,0,0,0,11,1.3.6.1.4.1.19291.2.1.3.16012510107846648592415429761,1.3.6.1.4.1.19291.2.1.2.16012510107846648592413659612,1.3.6.1.4.1.19291.2.1.1.16012510107846648592405358950,16,55.32069,-104.715477,12.72464,180.894106,206.99353,55.385208,-104.813423,10.32701,180.472269,211.891609,55.515415,-104.501564,7.877668,180.894106,216.937788,55.683372,-103.869652,5.79494,182.012019,221.266441,55.928371,-102.809341,3.406723,183.988917,226.264616,56.192142,-101.573074,1.279579,186.353949,230.746477,56.498657,-100.055405,-0.812201,189.304743,235.184929,56.870071,-98.111435,-2.854571,193.142619,239.566184,57.321564,-95.635162,-4.806543,198.090746,243.817211,57.76318,-93.103722,-6.203146,203.203825,246.937048,58.218689,-90.410675,-7.259319,208.682566,249.376638,58.702568,-87.467361,-7.994298,214.708769,251.1845,59.190125,-84.443367,-8.461275,220.926484,252.452046,59.59071,-81.898949,-8.564462,226.184601,252.925461,59.982117,-79.381783,-8.519586,231.399821,253.092968,60.359615,-76.904839,-8.24547,236.552736,252.787062,,,,,,,,,,,,,,,,,,,,,,,,,,,,,,,,,,,,,,,,,,,,,,,,,,,,,,,,,,,,,,,,,,,,,,,,,,,,,,,,,,,,,,,,,,,,,,,,,,,,,,,,,,,,,,,,,,,
152,0,559.926453,218.055176,4.9558,1704.795044,667992.25,553.592712,TROCHLEACART,56.485413,-90.929878,-3.25616,4.611021,179.816895,1138.515503,2.714432,0,0,0,0,11,1.3.6.1.4.1.19291.2.1.3.16012510107846648592415479765,1.3.6.1.4.1.19291.2.1.2.16012510107846648592413659612,1.3.6.1.4.1.19291.2.1.1.16012510107846648592405358950,17,53.79567,-105.11219,11.045604,179.445261,210.265045,53.869896,-105.147774,8.64887,179.152636,215.167719,54.057323,-104.513687,5.991468,180.222544,220.673014,54.342545,-103.251801,3.339974,182.592677,226.230909,54.631538,-101.907097,0.963575,185.15943,231.234191,54.982304,-100.193054,-1.536684,188.47946,236.529079,55.364067,-98.180077,-3.566353,192.461352,240.891438,55.812389,-95.728951,-5.541042,197.355345,245.186385,56.249718,-93.207535,-6.855829,202.455145,248.137693,56.757069,-90.196335,-7.977563,208.586554,250.744282,57.253349,-87.1511,-8.607128,214.833378,252.346842,57.783436,-83.834503,-8.979791,221.665459,253.451477,58.256702,-80.818436,-9.054742,227.902581,253.915699,58.689831,-77.998329,-8.842692,233.760254,253.772194,59.113396,-75.223053,-8.55356,239.532132,253.466286,59.48341,-72.760246,-8.120994,244.670237,252.834557,59.809387,-70.583733,-7.707825,249.213892,252.213041,,,,,,,,,,,,,,,,,,,,,,,,,,,,,,,,,,,,,,,,,,,,,,,,,,,,,,,,,,,,,,,,,,,,,,,,,,,,,,,,,,,,,,,,,,,,,,,,,,,,,,,,,,,,,,
156,0,558.047119,198.231979,9.911599,1838.601685,803587.875,571.728516,TROCHLEACART,54.604095,-93.205711,-3.042815,5.064957,196.984634,1384.088013,3.299923,0,0,0,0,11,1.3.6.1.4.1.19291.2.1.3.16012510107846648592415529769,1.3.6.1.4.1.19291.2.1.2.16012510107846648592413659612,1.3.6.1.4.1.19291.2.1.1.16012510107846648592405358950,16,52.206116,-105.68158,10.495723,177.742091,211.207277,52.264843,-105.741943,8.448252,177.430056,215.392424,52.378738,-105.491943,6.198862,177.742091,220.022899,52.570873,-104.762352,3.847882,179.03773,224.910762,52.812656,-103.713333,1.503252,180.995226,229.818544,53.128052,-102.08197,-0.322061,184.20576,233.723239,53.483578,-100.22422,-2.291512,187.871799,237.946313,53.913052,-97.908279,-4.3338,192.479755,242.365723,54.326149,-95.633812,-6.07868,197.029009,246.172027,54.804779,-92.922935,-7.745912,202.488852,249.864353,55.354401,-89.684822,-9.07352,209.071204,252.915756,55.857502,-86.674484,-10.071541,215.212131,255.268991,56.524315,-82.553192,-10.77833,223.679593,257.140538,57.203121,-78.139526,-10.474468,232.844684,256.973304,57.984665,-72.975204,-9.736976,243.603419,255.995721,58.852692,-67.101707,-8.272186,255.896773,253.602388,,,,,,,,,,,,,,,,,,,,,,,,,,,,,,,,,,,,,,,,,,,,,,,,,,,,,,,,,,,,,,,,,,,,,,,,,,,,,,,,,,,,,,,,,,,,,,,,,,,,,,,,,,,,,,,,,,,
160,0,531.412659,218.055176,4.9558,1912.938599,1828590.875,540.731812,TROCHLEACART,54.979996,-81.26963,-3.998141,7.497306,280.346619,3368.491943,8.031111,0,0,0,0,11,1.3.6.1.4.1.19291.2.1.3.16012510107846648592415579773,1.3.6.1.4.1.19291.2.1.2.16012510107846648592413659612,1.3.6.1.4.1.19291.2.1.1.16012510107846648592405358950,17,50.72337,-105.700317,9.319155,177.121669,213.489129,50.736874,-106.292931,6.13452,175.603854,219.94732,50.984135,-105.291153,3.403772,177.428264,225.640662,51.368366,-103.41861,0.641364,181.052493,231.488531,51.793243,-101.212036,-1.775859,185.39976,236.664184,52.31863,-98.375214,-4.257064,191.045966,242.035764,53.07082,-94.209015,-7.31829,199.391284,248.731691,53.804749,-90.017281,-9.711072,207.850547,254.061872,54.638268,-84.984344,-11.151275,218.13832,257.528703,55.421658,-80.036835,-11.485888,228.350265,258.723525,56.319218,-74.228493,-11.213942,240.399736,258.765334,57.399406,-67.13932,-10.422404,255.148318,257.875467,58.156242,-62.059391,-9.338351,265.764002,256.179761,58.825275,-57.445995,-7.804245,275.454978,253.514671,59.375031,-53.261528,-4.698106,284.401599,247.587283,59.742321,-50.155788,-1.16872,291.153682,240.682314,59.982304,-47.755352,2.877995,296.492877,232.645644,,,,,,,,,,,,,,,,,,,,,,,,,,,,,,,,,,,,,,,,,,,,,,,,,,,,,,,,,,,,,,,,,,,,,,,,,,,,,,,,,,,,,,,,,,,,,,,,,,,,,,,,,,,,,,
164,0,473.912201,173.452988,0,1972.408203,1735466.5,552.444092,TROCHLEACART,53.60677,-80.515457,-4.840661,7.71147,289.636658,3597.493408,8.577093,0,0,0,0,11,1.3.6.1.4.1.19291.2.1.3.16012510107846648592415619777,1.3.6.1.4.1.19291.2.1.2.16012510107846648592413659612,1.3.6.1.4.1.19291.2.1.1.16012510107846648592405358950,18,49.137695,-106.413368,7.978969,175.04888,216.0344,49.288059,-106.106758,4.899415,175.402274,222.370135,49.536034,-105.045265,2.427147,177.373915,227.540484,49.862473,-103.426414,0.211396,180.522887,232.243149,50.285263,-101.246216,-2.266695,184.809996,237.540701,50.77327,-98.595917,-4.499676,190.092726,242.384916,51.362507,-95.282852,-6.665888,196.753638,247.160746,52.097824,-91.21257,-9.669986,204.905592,253.729844,52.843243,-86.822884,-11.47972,213.82794,257.886878,53.621323,-82.010719,-12.289638,223.716254,260.040712,54.420341,-76.996803,-12.782449,234.051215,261.566186,55.422379,-70.58802,-12.833607,247.314223,262.331313,56.201164,-65.392128,-11.865199,258.159428,260.884265,56.973244,-60.027145,-9.902462,269.445539,257.419194,57.648651,-55.166618,-7.400978,279.736505,252.799258,58.178974,-51.084034,-4.188794,288.481913,246.644285,58.558151,-47.854546,-0.436241,295.510565,239.295235,58.711254,-46.006012,3.63247,299.709204,231.156668,,,,,,,,,,,,,,,,,,,,,,,,,,,,,,,,,,,,,,,,,,,,,,,,,,,,,,,,,,,,,,,,,,,,,,,,,,,,,,,,,,,,,,,,,,,,,,,,,,,,,,,,,
168,0,383.303406,173.452988,0,2021.966187,2364982,481.513397,TROCHLEACART,53.349689,-71.671402,-1.279096,9.751385,327.858093,6077.992188,14.491062,0,0,0,0,11,1.3.6.1.4.1.19291.2.1.3.16012510107846648592415669781,1.3.6.1.4.1.19291.2.1.2.16012510107846648592413659612,1.3.6.1.4.1.19291.2.1.1.16012510107846648592405358950,27,47.922222,-105.295372,4.103291,176.53514,223.958731,48.139656,-104.377296,1.876088,178.232291,228.612619,48.330799,-103.448875,0.487341,180.027472,231.551187,48.615406,-102.003426,-1.284883,182.857962,235.328048,48.942787,-100.236359,-2.833945,186.374678,238.68122,49.258377,-98.511719,-4.227703,189.817755,241.712081,49.6339,-96.436455,-5.777844,193.972395,245.099205,50.139545,-93.717598,-8.219243,199.378027,250.377151,50.577602,-91.267616,-9.890917,204.297316,254.051677,51.147861,-87.908607,-11.271548,211.125121,257.224086,51.774509,-84.069473,-12.094934,218.997809,259.305234,52.47644,-79.674538,-12.573583,228.052615,260.737935,53.13673,-75.549271,-13.06579,236.547923,262.170636,53.954487,-70.34214,-13.215525,247.314223,263.013711,54.66256,-65.722664,-12.82578,256.913228,262.691878,55.452183,-60.434483,-11.750177,267.959279,261.0349,56.101002,-55.854458,-9.765278,277.622361,257.443582,56.620827,-51.952209,-7.083338,285.945993,252.355484,57.026421,-48.744606,-4.227052,292.847444,246.838914,57.351078,-45.863613,-0.47079,299.154965,239.446347,57.508236,-43.933887,3.85687,303.545361,230.78606,57.524338,-42.981869,7.837468,305.879958,222.735482,57.435658,-42.808472,11.314713,306.556616,215.635099,57.267189,-43.246738,14.320831,305.923953,209.436132,56.920757,-44.703072,17.899414,303.235964,201.960355,56.516083,-46.63562,20.994532,299.517922,195.42521,56.004967,-49.407372,23.352215,293.995135,190.313203,,,,,,,,,,,,,,,,,,,,,,,,,,,,,,,,,,,,,,,,,,,,,,,,,,,,,,,,,,,,
172,0,476.792236,178.408783,0,2126.038086,1312132.25,562.358398,MEDCONDYLECART,53.253506,-63.7766,-7.002722,6.825732,260.281281,2695.041748,6.42548,0,0,0,0,11,1.3.6.1.4.1.19291.2.1.3.16012510107846648592415709785,1.3.6.1.4.1.19291.2.1.2.16012510107846648592413659612,1.3.6.1.4.1.19291.2.1.1.16012510107846648592405358950,23,48.630386,-93.710381,-8.480698,198.894897,250.788363,49.03455,-91.450996,-10.02781,203.431007,254.188269,49.481323,-88.856064,-11.281643,208.688575,257.022377,49.954613,-86.010689,-12.157689,214.499136,259.108916,50.421246,-83.141678,-12.722882,220.387016,260.561556,50.883747,-80.244415,-13.031523,226.356821,261.491923,51.406281,-76.959892,-13.327676,233.129496,262.436627,51.871746,-74.034378,-13.592884,239.16177,263.28097,52.352463,-70.984322,-13.732247,245.463373,263.880562,52.791542,-68.16301,-13.69329,251.30773,264.091519,53.276093,-65.028,-13.549499,257.811075,264.120194,53.753109,-61.845325,-12.955822,264.454206,263.232838,54.205841,-58.691174,-11.766273,271.092727,261.122746,54.622757,-55.718983,-10.354024,277.374874,258.537998,55.021141,-52.7229,-8.272987,283.76762,254.586632,55.34927,-50.231251,-6.446699,289.092773,251.104799,55.60685,-48.215672,-4.733425,293.422023,247.805252,55.825817,-46.323463,-2.438564,297.549015,243.302424,55.992252,-44.685062,0.244227,301.185993,237.979318,56.11021,-43.29644,3.2121,304.331932,232.046891,56.149067,-42.412548,6.189578,306.43383,226.042779,56.111744,-41.958866,9.438308,307.669883,219.439076,55.978607,-42.176231,12.41888,307.492206,213.315148,,,,,,,,,,,,,,,,,,,,,,,,,,,,,,,,,,,,,,,,,,,,,,,,,,,,,,,,,,,,,,,,,,,,,,,,,,,,,,,,
176,0,417.998535,158.585587,4.9558,2121.082275,1359331.25,550.125854,MEDCONDYLECART,52.236008,-60.236664,-5.46884,7.245797,268.890289,3198.82373,7.62659,0,0,0,0,11,1.3.6.1.4.1.19291.2.1.3.16012510107846648592415759789,1.3.6.1.4.1.19291.2.1.2.16012510107846648592413659612,1.3.6.1.4.1.19291.2.1.1.16012510107846648592405358950,24,47.588226,-91.048637,-10.323884,203.762806,254.711056,48.020779,-88.534698,-11.530272,208.857032,257.439686,48.489738,-85.701653,-12.334145,214.648651,259.377222,48.949696,-82.851662,-12.78798,220.507345,260.599959,49.534458,-79.244469,-13.440585,227.915453,262.307593,50.018188,-76.206673,-13.7279,234.178142,263.208773,50.503212,-73.17115,-14.064852,240.431614,264.211334,50.960438,-70.29895,-14.33249,246.353289,265.055168,51.454479,-67.161095,-14.460427,252.837688,265.640423,51.949505,-63.89716,-14.026751,259.634429,265.088963,52.324398,-61.354137,-13.364481,264.959583,263.995259,52.707478,-58.684917,-12.356424,270.577621,262.206722,53.122818,-55.735569,-11.003852,276.807027,259.741791,53.533382,-52.752945,-9.351957,283.132698,256.667538,53.874428,-50.181736,-7.540678,288.621189,253.224621,54.16029,-47.880989,-5.339804,293.585361,248.956305,54.404095,-45.85165,-3.148096,297.986805,244.678772,54.59557,-44.041485,-0.412137,301.984256,239.264523,54.745899,-42.488209,2.355412,305.452774,233.759133,54.808411,-41.453121,5.33125,307.867527,227.773967,54.769596,-40.94902,8.861158,309.233635,220.599857,54.617382,-41.199032,12.261806,309.026771,213.612641,54.410954,-41.857151,15.377275,307.94894,207.167155,54.120819,-43.133678,18.107691,305.555694,201.446198,,,,,,,,,,,,,,,,,,,,,,,,,,,,,,,,,,,,,,,,,,,,,,,,,,,,,,,,,,,,,,,,,,,,,,,,,,,
180,0,327.763641,128.850784,0,2145.861328,1729608.75,494.554749,MEDCONDYLECART,50.545174,-60.679298,-2.38162,8.972367,304.352478,5149.461426,12.277273,0,0,0,0,11,1.3.6.1.4.1.19291.2.1.3.16012510107846648592415799793,1.3.6.1.4.1.19291.2.1.2.16012510107846648592413659612,1.3.6.1.4.1.19291.2.1.1.16012510107846648592405358950,19,45.266983,-95.569984,-7.424015,194.193327,248.184104,45.901985,-92.100609,-10.23224,201.11917,254.2903,46.55817,-88.260612,-11.938828,208.912947,258.17954,47.139626,-84.781357,-13.09196,216.010462,260.898612,47.817722,-80.585426,-13.787828,224.633452,262.755481,48.729847,-74.911392,-14.58309,236.307387,264.968133,49.737217,-68.56144,-15.070308,249.40876,266.619853,50.724266,-62.045498,-14.168595,262.980689,265.445382,51.451607,-57.041607,-12.55506,273.487325,262.657928,52.132687,-52.206432,-10.342885,283.699387,258.627618,52.653984,-48.202278,-7.227382,292.273598,252.662491,53.055027,-44.893848,-3.76146,299.439496,245.908328,53.321911,-42.392101,-0.04788,304.957978,238.56406,53.393658,-40.97858,4.42502,308.292979,229.553248,53.338699,-40.553982,8.067222,309.50475,222.141074,53.132935,-40.956676,12.360633,309.063366,213.310546,52.697536,-42.732548,17.113565,305.821139,203.39784,52.041389,-45.917011,21.893011,299.665209,193.285722,51.263027,-50.215244,25.121342,291.061827,186.234117,,,,,,,,,,,,,,,,,,,,,,,,,,,,,,,,,,,,,,,,,,,,,,,,,,,,,,,,,,,,,,,,,,,,,,,,,,,,,,,,,,,,,,,,,,,,,,,,,,,,
184,0,341.652039,128.850784,0,2240.021484,1811780.75,515.278015,MEDCONDYLECART,49.341022,-58.869225,-3.352028,9.0373,308.772858,5218.114746,12.440954,0,0,0,0,11,1.3.6.1.4.1.19291.2.1.3.16012510107846648592415849797,1.3.6.1.4.1.19291.2.1.2.16012510107846648592413659612,1.3.6.1.4.1.19291.2.1.1.16012510107846648592405358950,27,43.824028,-95.127716,-7.634165,194.615581,248.535106,44.411339,-91.873802,-10.019897,201.133994,253.754234,45.006996,-88.412437,-11.683647,208.147818,257.516748,45.613628,-84.811172,-13.021008,215.481089,260.625556,46.139847,-81.532112,-13.453515,222.229994,261.848804,46.6577,-78.30722,-13.888733,228.866518,263.072051,47.293636,-74.34697,-14.423133,237.016338,264.574093,47.739384,-71.575912,-14.820163,242.716813,265.672406,48.204769,-68.664009,-15.146834,248.715293,266.641175,48.685982,-65.567299,-15.082253,255.132103,266.828065,49.129349,-62.654587,-14.743537,261.193051,266.434823,49.634232,-59.254616,-13.968095,268.302645,265.197751,50.126125,-55.847813,-12.77033,275.464978,263.096873,50.520782,-53.050079,-11.507442,281.372315,260.799889,50.945805,-49.97842,-9.872323,287.88078,257.769158,51.340813,-47.018829,-7.860903,294.191601,253.956553,51.641743,-44.551315,-5.330722,299.53109,249.031296,51.866241,-42.560608,-2.740254,303.889012,243.933486,52.012489,-40.894382,0.67956,307.650929,237.104487,52.066387,-39.882286,3.806322,310.031884,230.808004,52.054005,-39.289322,6.959005,311.547509,224.415259,51.959702,-39.246597,9.992443,311.913102,218.209918,51.784672,-39.739285,12.940403,311.162461,212.124392,51.559414,-40.481384,16.227795,309.926526,205.318311,51.134979,-42.455162,19.723339,306.159707,197.959218,50.789833,-44.175137,22.026972,302.809405,193.066228,50.063679,-48.170658,25.106316,294.819083,186.350797,,,,,,,,,,,,,,,,,,,,,,,,,,,,,,,,,,,,,,,,,,,,,,,,,,,,,,,,,,,,
188,0,371.80957,143.718185,0,2200.375,1508431.375,537.108215,MEDCONDYLECART,48.249168,-56.134007,-3.357985,7.910243,283.234772,3980.250977,9.489657,0,0,0,0,11,1.3.6.1.4.1.19291.2.1.3.16012510107846648592415889801,1.3.6.1.4.1.19291.2.1.2.16012510107846648592413659612,1.3.6.1.4.1.19291.2.1.1.16012510107846648592405358950,26,43.477215,-88.507057,-11.803006,207.466861,257.626578,43.901466,-86.002434,-12.803749,212.560577,259.933291,44.418301,-82.876022,-13.670152,218.953832,262.029047,44.860168,-80.142212,-14.125333,224.57187,263.242567,45.362007,-76.986168,-14.402192,231.080336,264.134529,45.935036,-73.415024,-14.871264,238.430585,265.462746,46.50758,-69.813667,-15.184237,245.85764,266.474526,46.986301,-66.771545,-15.300743,252.144906,267.026501,47.522118,-63.305012,-15.142515,259.335912,267.05978,47.922535,-60.628006,-14.618822,264.925788,266.263569,48.463573,-56.920689,-13.488222,272.704099,264.33115,48.885426,-53.950867,-12.235425,278.966789,262.072569,49.258335,-51.294456,-10.981887,284.58073,259.780194,49.589794,-48.826199,-9.365394,289.838295,256.725397,49.911636,-46.281826,-7.102986,295.31245,252.356211,50.151043,-44.280472,-4.910429,299.656036,248.07407,50.373947,-42.289463,-2.270668,304.019081,242.875387,50.536865,-40.622353,0.652434,307.737472,237.063289,50.591885,-39.524181,4.149209,310.33041,230.018212,50.558681,-39.052452,7.358827,311.600254,223.496433,50.429203,-39.248585,10.328966,311.465587,217.39606,50.268082,-39.666359,13.210407,310.863948,211.454416,50.064831,-40.365059,16.040192,309.676029,205.589579,49.819466,-41.343018,18.825657,307.905929,199.786696,49.521069,-42.752796,21.179422,305.202388,194.823036,49.161842,-44.618141,23.224363,301.527523,190.444634,,,,,,,,,,,,,,,,,,,,,,,,,,,,,,,,,,,,,,,,,,,,,,,,,,,,,,,,,,,,,,,,,
192,0,359.410248,138.76239,0,2160.728516,1443391.5,524.80957,MEDCONDYLECART,46.735245,-56.091091,-3.308761,7.892262,281.621948,3982.123779,9.494123,0,0,0,0,11,1.3.6.1.4.1.19291.2.1.3.16012510107846648592415939805,1.3.6.1.4.1.19291.2.1.2.16012510107846648592413659612,1.3.6.1.4.1.19291.2.1.1.16012510107846648592405358950,26,42.107265,-87.57222,-11.896679,208.919502,257.789917,42.508331,-85.223808,-12.933311,213.686538,260.153979,42.928356,-82.698631,-13.710656,218.843233,262.005493,43.42469,-79.625679,-14.211811,225.159174,263.348046,43.919891,-76.523232,-14.540639,231.55192,264.340882,44.411064,-73.448372,-14.877862,237.886805,265.348053,44.915165,-70.27816,-15.15626,244.424456,266.244621,45.400208,-67.206139,-15.32253,250.769071,266.901562,45.880562,-64.127579,-15.317405,257.14287,267.208271,46.365829,-60.924374,-14.875276,263.814674,266.633255,46.843418,-57.681431,-14.016174,270.606807,265.208779,47.319046,-54.371395,-12.783522,277.572006,263.026489,47.763794,-51.187683,-11.215558,284.306278,260.14476,48.145798,-48.315331,-9.222534,290.434814,256.360829,48.430313,-46.06422,-7.214008,295.278656,252.481148,48.655621,-44.137993,-4.950194,299.473239,248.045395,48.825832,-42.513481,-2.445944,303.065158,243.086346,48.99765,-40.801346,0.420904,306.87162,237.394063,49.088387,-39.432991,4.111617,310.041622,229.979809,49.039589,-38.935978,7.9083,311.417461,222.258847,48.932606,-38.9496,11.058462,311.677059,215.808754,48.768124,-39.399769,13.889003,311.003734,209.967982,48.572826,-40.061028,16.65539,309.8875,204.236784,48.283276,-41.316628,19.4664,307.544944,198.353001,47.972874,-42.843491,21.631683,304.581806,193.763127,47.615891,-44.727699,23.520842,300.853683,189.701672,,,,,,,,,,,,,,,,,,,,,,,,,,,,,,,,,,,,,,,,,,,,,,,,,,,,,,,,,,,,,,,,,
196,0,368.204651,138.76239,0,2106.214844,1427161.25,526.402222,MEDCONDYLECART,45.444485,-54.67588,-3.528874,7.686064,275.565552,3771.985352,8.993114,0,0,0,0,11,1.3.6.1.4.1.19291.2.1.3.16012510107846648592415979809,1.3.6.1.4.1.19291.2.1.2.16012510107846648592413659612,1.3.6.1.4.1.19291.2.1.1.16012510107846648592405358950,25,40.907242,-85.63839,-12.410809,212.401844,258.916903,41.257305,-83.598061,-13.359892,216.539079,261.070008,41.693161,-80.953644,-14.053699,221.950256,262.762791,42.201042,-77.792801,-14.489652,228.454113,263.980919,42.75119,-74.3386,-14.81978,235.574971,265.012671,43.365761,-70.485741,-15.21589,243.515084,266.220558,43.903854,-67.09745,-15.492822,250.504349,267.136585,44.477051,-63.420177,-15.469307,258.11932,267.467362,44.99966,-59.90934,-14.706532,265.457281,266.267666,45.496262,-56.51313,-13.699896,272.580187,264.556959,45.855095,-53.997387,-12.683062,277.881277,262.734631,46.214027,-51.421906,-11.389082,283.331366,260.351112,46.597198,-48.58289,-9.587586,289.373369,256.955814,46.923519,-46.043846,-7.484781,294.821922,252.912792,47.188129,-43.897396,-5.368962,299.458904,248.802695,47.399849,-42.039982,-3.019576,303.518821,244.184659,47.570297,-40.378117,-0.347359,307.203418,238.885618,47.650581,-39.252205,2.52049,309.79636,233.130867,47.651669,-38.63501,5.382,311.335535,227.33669,47.572525,-38.48711,8.453246,311.922329,221.064784,47.431255,-38.700096,11.698682,311.777935,214.399124,47.234524,-39.266624,14.952334,310.902355,207.680212,46.939178,-40.443134,18.308342,308.773317,200.688902,46.605129,-42.021183,20.94404,305.747194,195.13077,46.226601,-43.982735,23.117704,301.88492,190.478941,,,,,,,,,,,,,,,,,,,,,,,,,,,,,,,,,,,,,,,,,,,,,,,,,,,,,,,,,,,,,,,,,,,,,,
200,0,371.811707,133.806595,0,2086.391602,1409910,539.146484,MEDCONDYLECART,44.074814,-53.679146,-3.340657,7.579669,271.184326,3684.705566,8.785023,0,0,0,0,11,1.3.6.1.4.1.19291.2.1.3.16012510107846648592416029813,1.3.6.1.4.1.19291.2.1.2.16012510107846648592413659612,1.3.6.1.4.1.19291.2.1.1.16012510107846648592405358950,25,39.608807,-84.258583,-12.566386,214.770002,259.252798,40.004597,-81.94487,-13.607255,219.464844,261.621981,40.501373,-78.92717,-14.380828,225.64151,263.516506,41.090328,-75.250824,-14.835093,233.21091,264.825266,41.724239,-71.27755,-15.247548,241.398833,266.079003,42.196274,-68.30529,-15.490844,247.529894,266.883344,42.704613,-65.027321,-15.391273,254.325148,267.017283,43.24015,-61.524212,-15.053116,261.60832,266.685997,43.71656,-58.326832,-14.37216,268.289852,265.621479,44.114956,-55.57151,-13.420548,274.080959,263.957367,44.502148,-52.847355,-12.278419,279.824957,261.900015,44.839413,-50.401619,-10.941939,285.010324,259.416138,45.177929,-47.873558,-9.256902,290.397947,256.227188,45.506721,-45.311909,-7.122435,295.89617,252.121699,45.738682,-43.390064,-5.078954,300.061567,248.136539,45.936321,-41.638481,-2.802926,303.895678,243.657776,46.076153,-40.145103,-0.000869,307.243357,238.075581,46.151257,-39.036541,2.941145,309.807116,232.16722,46.143978,-38.434292,5.983994,311.331949,226.000281,46.064415,-38.280903,9.093538,311.933588,219.650547,45.917004,-38.558418,12.220913,311.6448,213.21991,45.689938,-39.300694,15.561762,310.413362,206.304377,45.429325,-40.353184,18.455784,308.498865,200.271593,45.101395,-41.920422,20.958452,305.482984,194.986887,44.693768,-44.071934,23.115555,301.225935,190.349398,,,,,,,,,,,,,,,,,,,,,,,,,,,,,,,,,,,,,,,,,,,,,,,,,,,,,,,,,,,,,,,,,,,,,,
204,0,397.137177,143.718185,4.9558,2235.065674,1397525.75,566.771606,MEDCONDYLECART,42.714375,-52.469231,-2.43014,7.304053,261.966553,3415.073242,8.142169,0,0,0,0,11,1.3.6.1.4.1.19291.2.1.3.16012510107846648592416069817,1.3.6.1.4.1.19291.2.1.2.16012510107846648592413659612,1.3.6.1.4.1.19291.2.1.1.16012510107846648592405358950,24,38.603611,-81.161537,-13.478946,220.624088,261.315271,38.982689,-78.864128,-14.09417,225.324049,262.811436,39.473225,-75.843849,-14.668266,231.52427,264.297871,40.006184,-72.484764,-14.927899,238.454651,265.175497,40.593948,-68.801697,-15.314919,246.044112,266.347276,41.142296,-65.284363,-15.294849,253.327649,266.66863,41.686714,-61.695862,-14.823039,260.799819,266.07258,42.129848,-58.758392,-14.36128,266.923235,265.429978,42.571606,-55.729836,-13.430933,273.278089,263.837551,42.957626,-53.009216,-12.270213,279.016455,261.741797,43.341461,-50.211903,-10.684176,284.952467,258.783262,43.700615,-47.545593,-8.970914,290.628878,255.550793,43.979954,-45.319427,-6.92387,295.424585,251.589696,44.239151,-43.17318,-4.646484,300.075907,247.148825,44.440353,-41.325283,-2.025689,304.140943,241.974208,44.607159,-39.59816,1.062027,307.998609,235.831335,44.679352,-38.500381,4.041013,310.543421,229.84617,44.639977,-38.072109,7.232187,311.721605,223.357673,44.503899,-38.206024,10.69245,311.760523,216.260368,44.33849,-38.662937,13.519154,311.072863,210.426764,44.117779,-39.42979,16.553858,309.762567,204.135401,43.810619,-40.786903,19.417786,307.214685,198.132826,43.491901,-42.369221,21.573025,304.135824,193.557802,43.106537,-44.427013,23.500727,300.05184,189.399572,,,,,,,,,,,,,,,,,,,,,,,,,,,,,,,,,,,,,,,,,,,,,,,,,,,,,,,,,,,,,,,,,,,,,,,,,,,
208,0,441.040039,153.629791,0,2309.402588,1253435.75,596.926636,MEDCONDYLECART,41.359638,-51.691723,-3.718582,6.620964,243.725739,2745.874512,6.546675,0,0,0,0,11,1.3.6.1.4.1.19291.2.1.3.16012510107846648592416119821,1.3.6.1.4.1.19291.2.1.2.16012510107846648592413659612,1.3.6.1.4.1.19291.2.1.1.16012510107846648592405358950,22,37.531448,-78.363258,-13.780732,225.915449,262.096636,37.958996,-75.768135,-14.456,231.226266,263.74641,38.422886,-72.890663,-14.89921,237.142819,264.950201,39.046604,-68.932686,-15.077176,245.320516,265.722349,39.611549,-65.332108,-15.165318,252.766516,266.27381,40.166348,-61.707829,-14.837565,260.299561,265.976318,40.594387,-58.848419,-14.288426,266.269367,265.146822,41.075867,-55.535851,-13.219721,273.224838,263.300428,41.460587,-52.812557,-12.007345,278.973444,261.099194,41.779846,-50.490498,-10.709873,283.899214,258.682392,42.067497,-48.362988,-9.375159,288.425592,256.169329,42.382565,-45.989792,-7.711908,293.490633,253.009055,42.643841,-43.88163,-5.675567,298.041082,249.057688,42.872772,-41.872314,-3.130935,302.43331,244.055627,43.039036,-40.282467,-0.670694,305.949449,239.183111,43.117844,-39.162071,2.215639,308.532659,233.389957,43.094105,-38.573994,5.686483,310.067224,226.345392,43.035744,-38.285843,8.791057,310.947412,220.019724,42.909073,-38.415367,11.989163,310.971476,213.459543,42.678562,-39.17495,15.352413,309.706243,206.496389,42.360878,-40.550591,18.44577,307.140951,200.02223,42.061573,-41.983925,20.716314,304.381086,195.226523,,,,,,,,,,,,,,,,,,,,,,,,,,,,,,,,,,,,,,,,,,,,,,,,,,,,,,,,,,,,,,,,,,,,,,,,,,,,,,,,,,,,,
212,0,462.540497,128.850784,4.9558,2225.154053,930168.9375,619.406311,MEDCONDYLECART,39.961056,-51.087551,-4.502655,5.744594,218.032715,1953.882568,4.658419,0,0,0,0,11,1.3.6.1.4.1.19291.2.1.3.16012510107846648592416169825,1.3.6.1.4.1.19291.2.1.2.16012510107846648592413659612,1.3.6.1.4.1.19291.2.1.1.16012510107846648592405358950,18,36.694321,-74.137512,-14.449623,234.128475,263.776619,37.259781,-70.594559,-14.82357,241.429057,264.90719,37.706421,-67.747513,-14.891116,247.316937,265.338835,38.257507,-64.187157,-14.751675,254.700469,265.420248,38.772751,-60.820065,-14.441608,261.699463,265.132486,39.284691,-57.343082,-13.516969,268.982122,263.59792,39.6875,-54.54808,-12.511839,274.860275,261.828329,40.100216,-51.589931,-11.039264,281.118868,259.118645,40.450169,-49.018578,-9.494864,286.583296,256.222069,40.7924,-46.442169,-7.694824,292.081518,252.802705,41.099888,-43.938763,-5.193353,297.492693,247.939918,41.308899,-42.115078,-2.920702,301.475805,243.475492,41.441654,-40.592781,0.229483,304.91514,237.183618,41.510746,-39.408043,3.709356,307.685755,230.182063,41.50243,-38.722084,7.175878,309.422575,223.156444,41.356453,-38.765022,11.360092,309.715971,214.586529,41.165695,-39.280727,14.672581,308.950991,207.752411,40.907467,-40.324863,17.534254,307.050833,201.786703,,,,,,,,,,,,,,,,,,,,,,,,,,,,,,,,,,,,,,,,,,,,,,,,,,,,,,,,,,,,,,,,,,,,,,,,,,,,,,,,,,,,,,,,,,,,,,,,,,,,,,,,,
216,0,520.721008,163.541382,4.9558,2121.082275,705577,621.625122,MEDCONDYLECART,38.526688,-50.721821,-5.329761,4.91834,190.877975,1330.922974,3.173168,0,0,0,0,11,1.3.6.1.4.1.19291.2.1.3.16012510107846648592416209829,1.3.6.1.4.1.19291.2.1.2.16012510107846648592413659612,1.3.6.1.4.1.19291.2.1.1.16012510107846648592405358950,16,35.594475,-71.410843,-14.255514,239.316916,263.535452,36.099979,-68.208351,-14.424728,245.931373,264.211849,36.683525,-64.4991,-14.562142,253.597834,264.875362,37.189293,-61.160015,-14.098787,260.552844,264.270911,37.669998,-57.901287,-13.259331,267.375872,262.888241,38.062023,-55.191296,-12.32877,273.071228,261.262531,38.488819,-52.171783,-10.99142,279.444517,258.836002,38.882786,-49.313339,-9.423064,285.505465,255.919968,39.196499,-46.922165,-7.634853,290.619146,252.505725,39.50156,-44.450111,-5.207502,295.958639,247.791428,39.755714,-42.188087,-2.235692,300.91308,241.940926,39.874992,-40.838387,0.510109,303.958147,236.459089,39.958229,-39.653484,3.565776,306.690363,230.325945,39.942757,-39.079494,6.722252,308.167067,223.923471,39.858505,-39.008507,9.586278,308.57567,218.067848,39.66787,-39.552773,12.761258,307.739008,211.512278,,,,,,,,,,,,,,,,,,,,,,,,,,,,,,,,,,,,,,,,,,,,,,,,,,,,,,,,,,,,,,,,,,,,,,,,,,,,,,,,,,,,,,,,,,,,,,,,,,,,,,,,,,,,,,,,,,,
220,0,496.668854,203.18779,4.9558,2076.47998,840860.375,546.557495,MEDCONDYLECART,37.268692,-48.124054,-0.98883,5.202341,195.96106,1636.198242,3.901001,0,0,0,0,11,1.3.6.1.4.1.19291.2.1.3.16012510107846648592416259833,1.3.6.1.4.1.19291.2.1.2.16012510107846648592413659612,1.3.6.1.4.1.19291.2.1.1.16012510107846648592405358950,18,34.733662,-67.113564,-13.877532,247.773671,263.079741,35.199337,-64.101349,-13.742411,254.022023,263.113535,35.678471,-60.948929,-13.35412,260.58374,262.643488,36.097687,-58.134064,-12.748695,266.466499,261.694178,36.560989,-54.968494,-11.823215,273.104509,260.125816,36.991592,-51.958118,-10.643153,279.444517,258.020332,37.334518,-49.432793,-9.103575,284.813192,255.128876,37.650536,-46.996876,-7.17479,290.032358,251.431478,37.910751,-44.900127,-5.160028,294.557203,247.523122,38.150631,-42.857265,-2.787048,299.003195,242.8759,38.284267,-41.428265,-0.100792,302.206991,237.52412,38.377991,-40.177948,2.946659,305.07387,231.414529,38.388252,-39.440853,6.094843,306.887495,225.04585,38.31601,-39.283527,9.002988,307.478895,219.108814,38.172218,-39.560749,12.022819,307.180891,212.898354,37.943226,-40.389771,15.01488,305.737978,206.687891,37.649513,-41.680878,17.784328,303.318106,200.885523,37.396824,-42.85931,19.849842,301.067202,196.535792,,,,,,,,,,,,,,,,,,,,,,,,,,,,,,,,,,,,,,,,,,,,,,,,,,,,,,,,,,,,,,,,,,,,,,,,,,,,,,,,,,,,,,,,,,,,,,,,,,,,,,,,,
224,0,550.934753,237.878387,9.911599,1838.601685,934936.3125,537.443481,MEDCONDYLECART,35.856678,-46.900562,1.534828,5.135972,192.391388,1602.356934,3.820317,0,0,0,0,11,1.3.6.1.4.1.19291.2.1.3.16012510107846648592416309837,1.3.6.1.4.1.19291.2.1.2.16012510107846648592413659612,1.3.6.1.4.1.19291.2.1.1.16012510107846648592405358950,13,33.419067,-65.817146,-13.938603,249.977824,263.213601,34.256016,-60.263016,-13.03766,261.558508,261.941575,35.043186,-54.914749,-11.606747,272.76141,259.563464,35.683384,-50.377682,-9.564216,282.340807,255.849727,36.159744,-46.752831,-6.877314,290.090594,250.722893,36.5285,-43.630875,-3.315887,296.879187,243.754016,36.737862,-41.510391,0.337856,301.602894,236.492955,36.816177,-40.230892,3.985009,304.584979,229.158729,36.770332,-39.466545,8.94663,306.620696,219.080564,36.612465,-39.773556,12.249721,306.28691,212.287187,36.390522,-40.6474,14.819733,304.71266,206.936076,36.064171,-42.142529,17.613102,301.872601,201.063722,35.655392,-44.179684,20.341106,297.904459,195.269315,,,,,,,,,,,,,,,,,,,,,,,,,,,,,,,,,,,,,,,,,,,,,,,,,,,,,,,,,,,,,,,,,,,,,,,,,,,,,,,,,,,,,,,,,,,,,,,,,,,,,,,,,,,,,,,,,,,,,,,,,,,,,,,,,,
