ImageNo,RoiNo,RoiMean,RoiMedian,RoiMin,RoiMax,RoiTotal,RoiDev,RoiName,RoiCenterX,RoiCenterY,RoiCenterZ,LengthCm,LengthPix,AreaPix2,AreaCm2,RadiusWidthCM,RadiusHeightCM,RadiusWidthPIX,RadiusHeightPIX,RoiType,SOPInstanceUID,SeriesInstanceUID,StudyInstanceUID,NumOfPoints,mmX,mmY,mmZ,pxX,pxY,...,,,,,,,,,,,,,,,,,,,,,,,,,,,,,,,,,,,,,,,,,,,,,,,,,,,,,,,,,,,,,,,,
24,0,1059.706055,1031.606812,879.152649,1295.86084,18015.00391,121.915016,LACS,125.607483,-47.441067,-7.944817,1.520834,63.786469,10.612903,0.025303,0,0,0,0,11,1.3.6.1.4.1.19291.2.1.3.16012510615619649342547821675,1.3.6.1.4.1.19291.2.1.2.16012510615619649342547581650,1.3.6.1.4.1.19291.2.1.1.16012510615619649342528272,5,124.714256,-54.876999,-6.234917,272.469464,267.818318,125.181763,-50.912769,-6.952817,280.679778,269.076459,125.597366,-47.476768,-7.806668,287.810796,270.641516,126.058228,-43.708153,-8.855226,295.639216,272.587689,126.485817,-40.230602,-9.874439,302.866293,274.489346,,,,,,,,,,,,,,,,,,,,,,,,,,,,,,,,,,,,,,,,,,,,,
28,0,1271.931152,1295.86084,813.089111,1605.851074,100482.5625,173.284256,LACS,124.045372,-47.945267,-8.028832,2.093411,87.413254,64.321762,0.153355,0,0,0,0,11,1.3.6.1.4.1.19291.2.1.3.16012510615619649342547861679,1.3.6.1.4.1.19291.2.1.2.16012510615619649342547581650,1.3.6.1.4.1.19291.2.1.1.16012510615619649342528272,7,122.876266,-57.860172,-6.237172,265.984307,267.855025,123.145256,-55.378685,-6.159298,271.090276,267.562161,123.553703,-51.9062,-6.764464,278.280644,268.615687,124.037186,-47.873055,-7.669786,286.644811,270.254157,124.484604,-44.190823,-8.629951,294.289704,272.023831,124.928688,-40.560257,-9.642497,301.83151,273.90362,125.291878,-37.847713,-11.098631,307.510708,276.741656,,,,,,,,,,,,,,,,,,,,,,,,,,,,,,,,,,,
32,0,869.69812,1006.197815,0,1702.405396,186985.0938,522.631348,LACS,122.753922,-46.282162,-8.841301,2.671013,110.030571,192.037384,0.457853,0,0,0,0,11,1.3.6.1.4.1.19291.2.1.3.16012510615619649342547901683,1.3.6.1.4.1.19291.2.1.2.16012510615619649342547581650,1.3.6.1.4.1.19291.2.1.1.16012510615619649342528272,8,121.197639,-59.332371,-6.093445,262.601937,267.511399,121.494713,-56.655605,-6.163606,268.119473,267.511399,121.92083,-52.899734,-6.468995,275.874484,267.935464,122.550049,-47.634193,-7.606339,286.791633,269.983161,123.061462,-43.352352,-8.525433,295.668893,271.636469,123.602524,-39.038403,-10.026967,304.649242,274.481536,123.980766,-36.34893,-11.875054,310.305792,278.123969,124.223373,-34.995739,-13.970538,313.225831,282.345101,,,,,,,,,,,,,,,,,,,,,,,,,,,,,,
36,0,940.523193,1087.506714,10.163614,1636.341919,184342.5469,473.839203,LACS,121.174271,-46.86227,-8.720362,2.805237,115.838089,199.769119,0.476287,0,0,0,0,11,1.3.6.1.4.1.19291.2.1.3.16012510615619649342547941687,1.3.6.1.4.1.19291.2.1.2.16012510615619649342547581650,1.3.6.1.4.1.19291.2.1.1.16012510615619649342528272,8,119.551888,-60.655495,-6.317588,259.549912,267.913596,119.774933,-58.505699,-6.027489,263.959256,267.203698,120.304016,-53.890026,-6.5235,273.497216,267.972169,120.95401,-48.34341,-7.4361,284.979007,269.544257,121.516586,-43.664024,-8.522634,294.685655,271.519326,122.068741,-39.1348,-9.744349,304.091631,273.779446,122.492409,-36.070614,-11.688014,310.526025,277.597598,122.731598,-34.63409,-13.503261,313.599914,281.240031,,,,,,,,,,,,,,,,,,,,,,,,,,,,,,
40,0,928.4599,1112.915771,25.409035,1631.260132,240471.1094,506.983612,LACS,119.753395,-46.114037,-8.887069,2.871028,118.107117,241.983185,0.576933,0,0,0,0,11,1.3.6.1.4.1.19291.2.1.3.16012510615619649342547981691,1.3.6.1.4.1.19291.2.1.2.16012510615619649342547581650,1.3.6.1.4.1.19291.2.1.1.16012510615619649342528272,9,118.133263,-59.897476,-6.510526,260.782281,268.140078,118.425491,-57.186359,-6.388734,266.358392,267.744908,118.816887,-53.701622,-6.583746,273.547982,267.957331,119.268646,-49.791321,-7.082611,281.63334,268.769538,119.796036,-45.343765,-7.952313,290.84876,270.312729,120.261604,-41.486366,-8.888474,298.852899,272.023831,120.65493,-38.376671,-10.044388,305.331027,274.225379,121.051582,-35.573334,-12.024287,311.230458,278.131779,121.372101,-33.669422,-14.508475,315.309452,283.11982,,,,,,,,,,,,,,,,,,,,,,,,,
44,0,1160.684692,1295.86084,50.818069,1692.241821,243743.7969,383.877655,LACS,118.12088,-47.115723,-8.619549,2.892199,119.419685,211.400177,0.504017,0,0,0,0,11,1.3.6.1.4.1.19291.2.1.3.16012510615619649342548021695,1.3.6.1.4.1.19291.2.1.2.16012510615619649342547581650,1.3.6.1.4.1.19291.2.1.1.16012510615619649342528272,9,116.534874,-60.731682,-6.59389,258.728334,268.227545,116.846626,-57.908333,-6.632448,264.545766,268.154915,117.211174,-54.723125,-6.962152,271.126981,268.659421,117.611801,-51.198483,-7.265308,278.405601,269.091296,118.031998,-47.496033,-7.569297,286.050494,269.515362,118.57785,-42.854691,-8.376239,295.661083,270.919541,119.042992,-39.031437,-9.386582,303.599621,272.784493,119.423004,-36.281353,-11.125735,309.374097,276.200446,119.807564,-33.816391,-13.664275,314.612048,281.269708,,,,,,,,,,,,,,,,,,,,,,,,,
48,0,783.679565,874.070801,5.081807,1722.732666,368329.4063,588.834167,LACS,116.962097,-44.407669,-9.831666,3.342968,134.931885,420.004639,1.001369,0,0,0,0,11,1.3.6.1.4.1.19291.2.1.3.16012510615619649342548061699,1.3.6.1.4.1.19291.2.1.2.16012510615619649342547581650,1.3.6.1.4.1.19291.2.1.1.16012510615619649342528272,10,115.061432,-60.534164,-6.936797,258.815805,268.791405,115.425598,-57.202267,-6.899116,265.675824,268.535246,115.832718,-53.590168,-7.132912,273.130162,268.8203,116.296753,-49.469578,-7.3907,281.63334,269.127221,116.769974,-45.367283,-7.898023,290.11465,269.946456,117.231354,-41.475624,-8.657107,298.178143,271.292843,117.72155,-37.47863,-9.800459,306.482954,273.420981,118.135201,-34.503361,-11.738368,312.73382,277.232104,118.443077,-32.824642,-14.491822,316.366102,282.784005,118.703339,-31.630978,-17.371309,319.007335,288.620177,,,,,,,,,,,,,,,,,,,,
52,0,746.356506,726.698425,0,1687.159912,419452.3438,597.29187,LACS,115.288971,-45.886688,-9.827087,3.729542,149.559311,554.394531,1.32178,0,0,0,0,11,1.3.6.1.4.1.19291.2.1.3.16012510615619649342548101703,1.3.6.1.4.1.19291.2.1.2.16012510615619649342547581650,1.3.6.1.4.1.19291.2.1.1.16012510615619649342528272,12,113.327103,-62.893459,-7.722633,253.665322,270.400199,113.538925,-60.746807,-7.190048,258.052796,269.193602,113.82534,-58.142929,-7.201123,263.416486,269.076459,114.225174,-54.537312,-7.288393,270.848176,269.061619,114.689484,-50.470192,-7.683183,279.249916,269.652144,115.116356,-46.683662,-7.930309,287.064353,269.955137,115.391388,-44.257198,-8.121918,292.074099,270.217452,115.883667,-40.19244,-9.145844,300.510894,272.097241,116.370995,-36.173641,-10.172007,308.853192,273.984059,116.735626,-33.624161,-12.059496,314.223907,277.714743,117.033592,-32.177567,-15.160181,317.400104,283.9906,117.329979,-30.740892,-18.249941,320.555213,290.24459,,,,,,,,,,
56,0,654.394592,365.890106,5.081807,1732.89624,467892.125,599.68396,LACS,113.787415,-45.92086,-10.110588,3.911628,155.006088,673.042236,1.604658,0,0,0,0,11,1.3.6.1.4.1.19291.2.1.3.16012510615619649342548151707,1.3.6.1.4.1.19291.2.1.2.16012510615619649342547581650,1.3.6.1.4.1.19291.2.1.1.16012510615619649342528272,12,111.779869,-63.582344,-8.590365,251.960469,272.087088,111.956718,-61.631569,-7.757653,255.925443,270.276024,112.266174,-58.706055,-7.495125,261.934209,269.580964,112.673004,-55.024433,-7.552366,269.520528,269.500523,113.125122,-51.018436,-7.825067,277.788636,269.844149,113.59095,-46.790905,-7.861171,286.497989,269.691079,113.900894,-44.042912,-8.043738,292.169376,269.917559,114.441299,-39.582062,-9.171041,301.428531,271.987906,114.944252,-35.501854,-10.395077,309.909841,274.276923,115.317924,-32.893894,-12.340887,315.404731,278.123969,115.579704,-31.724319,-15.313124,318.00223,284.151479,115.873062,-30.551554,-18.981379,320.650491,291.605036,,,,,,,,,,
60,0,736.572693,696.207581,5.081807,1778.632446,413953.8438,609.913818,LACS,112.255287,-46.037964,-9.915686,3.751061,150.675095,555.77124,1.325062,0,0,0,0,11,1.3.6.1.4.1.19291.2.1.3.16012510615619649342548231711,1.3.6.1.4.1.19291.2.1.2.16012510615619649342547581650,1.3.6.1.4.1.19291.2.1.1.16012510615619649342528272,12,110.248672,-63.912392,-8.937346,250.96161,272.687653,110.553734,-60.915924,-8.403027,257.099237,271.431857,110.873962,-57.751934,-7.796875,263.577363,270.019868,111.207649,-54.686108,-7.730877,269.887586,269.719975,111.634125,-50.830425,-7.799934,277.83315,269.654374,112.00473,-47.488132,-7.880287,284.722068,269.639535,112.387756,-43.994488,-7.867055,291.916793,269.424788,112.75367,-40.982365,-8.650715,298.170333,270.868779,113.286903,-36.754856,-10.189241,306.974964,273.794284,113.775124,-33.00658,-11.897383,314.803386,277.093093,114.08445,-31.421612,-14.912513,318.259168,283.186203,114.252701,-30.710789,-16.922949,319.850781,287.267541,,,,,,,,,,
64,0,811.367493,975.70697,10.163614,1814.2052,495745.5313,621.868042,LACS,110.719971,-46.224102,-9.818521,3.718897,149.770218,562.025513,1.339973,0,0,0,0,11,1.3.6.1.4.1.19291.2.1.3.16012510615619649342548271715,1.3.6.1.4.1.19291.2.1.2.16012510615619649342547581650,1.3.6.1.4.1.19291.2.1.1.16012510615619649342528272,12,108.808746,-63.475243,-9.440887,251.552804,273.567803,109.034767,-61.200512,-8.911272,256.204248,272.360427,109.257935,-58.94294,-8.360266,260.818986,271.110098,109.540619,-56.089809,-7.678112,266.652036,269.559096,109.95742,-52.235477,-7.534784,274.581352,269.058386,110.323257,-48.773457,-7.215739,281.691528,268.218695,110.83812,-44.17326,-7.432691,291.179916,268.416159,111.365685,-39.942375,-8.836567,299.982959,271.065583,111.831161,-36.13496,-9.893006,307.89182,273.025813,112.294945,-32.761402,-11.973608,314.972075,277.10793,112.611298,-30.8388,-14.319167,319.080746,281.810918,112.775681,-30.120996,-16.226112,320.680168,285.679833,,,,,,,,,,
68,0,874.294739,1128.161133,0,1804.041504,456381.8438,603.466553,LACS,109.367561,-44.670845,-9.541196,3.461197,138.771606,522.66803,1.246138,0,0,0,0,11,1.3.6.1.4.1.19291.2.1.3.16012510615619649342548311719,1.3.6.1.4.1.19291.2.1.2.16012510615619649342547581650,1.3.6.1.4.1.19291.2.1.1.16012510615619649342528272,11,107.612785,-60.640137,-9.513331,257.055501,273.43582,107.827766,-58.187836,-8.303098,262.029485,270.824263,108.147018,-55.003838,-7.626206,268.54432,269.266232,108.4562,-52.089592,-7.385111,274.531219,268.615687,108.851807,-48.364777,-7.086358,282.183923,267.803481,109.286575,-44.389626,-7.047948,290.368759,267.511252,109.729416,-40.808086,-8.15259,297.815444,269.582396,110.212547,-36.97963,-9.551041,305.789314,272.242315,110.628357,-33.803303,-11.044963,312.426119,275.132863,111.014221,-31.185125,-13.23763,317.957714,279.485197,111.276497,-29.927326,-16.004833,320.723902,285.08786,,,,,,,,,,,,,,,
72,0,742.454224,665.716736,0,1743.059814,510066.0625,621.119324,LACS,107.949898,-43.985882,-9.934469,3.613222,142.495148,643.57489,1.534402,0,0,0,0,11,1.3.6.1.4.1.19291.2.1.3.16012510615619649342548351723,1.3.6.1.4.1.19291.2.1.2.16012510615619649342547581650,1.3.6.1.4.1.19291.2.1.1.16012510615619649342528272,12,106.12722,-60.479546,-9.676505,257.055501,273.633404,106.327576,-58.389992,-9.028087,261.318025,272.192519,106.585075,-55.530045,-7.767952,267.128427,269.45679,106.895668,-52.493401,-7.258695,273.350396,268.250193,107.272926,-48.724621,-6.443536,281.060891,266.377432,107.649567,-45.320778,-6.5076,288.075543,266.325888,108.081612,-41.758366,-7.4185,295.470528,268.001065,108.560074,-38.002823,-8.891294,303.298949,270.817235,108.983078,-34.803204,-10.488634,309.990281,273.918458,109.418594,-31.770782,-12.774102,316.38094,278.4387,109.647804,-30.743118,-15.367576,318.662148,283.697736,109.849586,-29.813995,-17.591063,320.716873,288.203921,,,,,,,,,,
76,0,623.948914,208.354095,0,1753.223511,464218,609.720032,LACS,106.549973,-43.215092,-10.513032,3.65766,142.69722,713.896057,1.702061,0,0,0,0,11,1.3.6.1.4.1.19291.2.1.3.16012510615619649342548391727,1.3.6.1.4.1.19291.2.1.2.16012510615619649342547581650,1.3.6.1.4.1.19291.2.1.1.16012510615619649342528272,11,104.740784,-59.483387,-10.00414,258.786908,274.123072,104.942619,-57.102093,-8.674656,263.607041,271.270978,105.209938,-54.310963,-7.801851,269.300298,269.332615,105.544579,-50.891506,-6.89178,276.285272,267.284136,105.915527,-47.237381,-6.216532,283.768506,265.704239,106.508034,-42.123066,-6.905763,294.345726,266.841864,107.026688,-38.06152,-8.525383,302.81372,269.942457,107.465591,-34.927315,-10.637108,309.402993,274.101205,107.960838,-31.889231,-14.23992,315.88893,281.32047,108.294563,-29.890949,-16.787569,320.166291,286.433468,108.440552,-29.448614,-18.958651,321.215131,290.858431,,,,,,,,,,,,,,,
80,0,603.954224,198.190475,5.081807,1890.432251,471688.25,608.127075,LACS,104.924622,-44.02681,-9.94031,3.850012,150.81543,746.127625,1.778907,0,0,0,0,11,1.3.6.1.4.1.19291.2.1.3.16012510615619649342548431731,1.3.6.1.4.1.19291.2.1.2.16012510615619649342547581650,1.3.6.1.4.1.19291.2.1.1.16012510615619649342528272,14,103.001633,-61.958443,-10.965692,253.409165,276.098139,103.245598,-59.562523,-10.539499,258.316766,275.096158,103.453346,-57.07737,-9.087738,263.343076,271.987906,103.738686,-53.903042,-7.67881,269.791524,268.930417,104.066208,-50.524643,-6.710487,276.688252,266.764792,104.37677,-47.403099,-5.992684,283.071883,265.126322,104.675026,-44.56562,-5.695842,288.897122,264.36566,105.06601,-41.350021,-6.540491,295.573615,265.923691,105.510864,-37.874222,-7.948776,302.821777,268.622716,105.816063,-35.842857,-9.779613,307.121786,272.265149,106.056686,-34.368862,-11.535255,310.269086,275.78341,106.400589,-32.120174,-13.696896,315.037676,280.092008,106.659821,-30.501694,-15.513486,318.486429,283.727414,106.877464,-29.322702,-17.479017,321.039413,287.691606
84,0,714.955688,553.916992,0,1768.468872,432548.1875,611.355225,LACS,103.218826,-45.371933,-8.879952,3.462045,135.967239,586.040649,1.39723,0,0,0,0,11,1.3.6.1.4.1.19291.2.1.3.16012510615619649342548471735,1.3.6.1.4.1.19291.2.1.2.16012510615619649342547581650,1.3.6.1.4.1.19291.2.1.1.16012510615619649342528272,11,101.621964,-60.755684,-10.938561,255.54355,275.849791,101.900253,-58.007145,-10.414514,261.171201,274.628358,102.090004,-55.620575,-8.802761,265.984307,271.197566,102.353096,-52.529781,-7.102369,272.242204,267.547322,102.673141,-49.115074,-5.878491,279.197501,264.856108,103.029549,-45.64249,-5.323499,286.314462,263.532366,103.457283,-41.957115,-5.837423,293.937488,264.387526,104.0112,-37.745407,-7.875595,302.741338,268.337662,104.42543,-34.639336,-9.506302,309.242114,271.512295,104.788895,-32.231709,-11.714792,314.341052,275.908364,105.056282,-30.846891,-14.285233,317.356369,281.101019,,,,,,,,,,,,,,,
88,0,684.01123,431.953613,10.163614,1798.959717,410406.75,602.052368,LACS,101.838882,-44.030487,-8.507358,3.29245,127.234352,563.559204,1.34363,0,0,0,0,11,1.3.6.1.4.1.19291.2.1.3.16012510615619649342548511739,1.3.6.1.4.1.19291.2.1.2.16012510615619649342547581650,1.3.6.1.4.1.19291.2.1.1.16012510615619649342528272,13,100.360779,-58.268707,-10.409229,260.291051,274.503403,100.568108,-56.257732,-10.108625,264.413781,273.779446,100.710648,-54.313889,-8.528325,268.31706,270.436904,100.837692,-52.558651,-7.064298,271.839223,267.342709,101.09201,-49.747604,-5.852805,277.552003,264.709286,101.388435,-46.718895,-5.0472,283.73883,262.89588,101.713631,-43.654552,-4.795563,290.034211,262.215655,101.980255,-41.591263,-5.688511,294.340467,263.934565,102.422729,-38.294151,-7.481261,301.245003,267.430958,102.781677,-35.44804,-8.51593,307.172549,269.398217,103.15638,-32.859711,-10.532877,312.631514,273.392087,103.347954,-31.784395,-12.170957,314.950208,276.690894,103.545227,-30.898685,-14.400157,316.915903,281.211136,,,,,
92,0,730.706909,528.507935,5.081807,1737.978027,339048,601.360229,LACS,100.485558,-42.37241,-7.953023,2.912348,110.726875,451.346863,1.076095,0,0,0,0,11,1.3.6.1.4.1.19291.2.1.3.16012510615619649342548551743,1.3.6.1.4.1.19291.2.1.2.16012510615619649342547581650,1.3.6.1.4.1.19291.2.1.1.16012510615619649342528272,12,99.226364,-54.61644,-9.853639,267.436906,273.04065,99.380608,-52.812519,-8.87644,271.090276,270.941409,99.403404,-51.50919,-6.194894,273.604438,265.376707,99.528854,-49.846912,-4.922669,276.947334,262.680555,99.879257,-46.406708,-4.313063,283.994102,261.246657,100.272667,-43.041531,-4.845582,290.958877,262.157084,100.671135,-40.006622,-6.299233,297.301849,264.972716,100.999062,-37.659519,-7.863818,302.235271,268.052609,101.256058,-35.514835,-8.343019,306.682891,268.91934,101.513405,-33.650856,-9.516917,310.596458,271.22463,101.753792,-32.186588,-11.2911,313.724869,274.781428,101.942116,-31.217129,-13.115832,315.837387,278.468377,,,,,,,,,,
96,0,789.836487,955.379761,5.081807,1682.078125,292239.5,581.638611,LACS,99.252167,-39.914719,-8.114898,2.599888,101.422859,342.756409,0.817195,0,0,0,0,11,1.3.6.1.4.1.19291.2.1.3.16012510615619649342548591747,1.3.6.1.4.1.19291.2.1.2.16012510615619649342547581650,1.3.6.1.4.1.19291.2.1.1.16012510615619649342528272,9,97.80899,-52.441597,-6.607045,271.369081,266.143143,98.216194,-47.926109,-4.631743,280.543869,261.853102,98.614746,-44.120632,-4.201437,288.354348,260.766959,99.026398,-40.863701,-5.405457,295.138771,263.059187,99.359741,-38.626408,-7.359439,299.870735,266.942862,99.661201,-36.456638,-8.768179,304.429009,269.712947,99.914986,-34.505482,-9.649446,308.503578,271.413946,100.216652,-32.600403,-11.710589,312.558103,275.535061,100.450623,-31.691496,-14.700761,314.619858,281.613333,,,,,,,,,,,,,,,,,,,,,,,,,
136,0,1188.353516,1229.797363,228.68132,1824.368774,244800.8281,288.445801,MACS,83.062843,-50.61565,-10.141159,3.297244,136.617279,224.74617,0.535837,0,0,0,0,11,1.3.6.1.4.1.19291.2.1.3.16012510615619649342548991787,1.3.6.1.4.1.19291.2.1.2.16012510615619649342547581650,1.3.6.1.4.1.19291.2.1.1.16012510615619649342528272,10,81.14492,-67.515518,-8.754476,237.047887,270.07141,81.522751,-64.012909,-8.603508,244.252317,269.573935,82.032669,-59.529408,-8.995823,253.511472,270.137011,82.535301,-55.013428,-9.146198,262.822167,270.202613,82.880257,-51.809982,-8.994627,269.410413,269.719975,83.220467,-48.591507,-8.700533,276.020524,268.944474,83.758865,-44.121372,-9.760225,285.294517,270.875807,84.122444,-41.467361,-11.36842,290.862818,274.028575,84.566833,-38.079391,-12.981376,297.943071,277.151665,84.843918,-36.015671,-14.106447,302.264947,279.346184,,,,,,,,,,,,,,,,,,,,
140,0,951.255249,1173.897461,15.245421,1890.432251,409039.75,611.832703,MACS,82.14563,-46.04002,-12.166612,4.300864,176.241058,436.746155,1.041284,0,0,0,0,11,1.3.6.1.4.1.19291.2.1.3.16012510615619649342549031791,1.3.6.1.4.1.19291.2.1.2.16012510615619649342547581650,1.3.6.1.4.1.19291.2.1.1.16012510615619649342528272,14,79.646118,-67.502991,-8.985048,236.747212,270.415036,80.007072,-64.126457,-8.766362,243.687676,269.785576,80.374199,-60.866066,-8.969583,250.415715,270.026896,80.705597,-58.180347,-9.782813,255.998853,271.549002,81.126221,-54.686146,-10.60617,263.247796,273.048461,81.568848,-50.719444,-10.763505,271.427651,273.157796,81.966293,-46.918892,-10.320379,279.227178,272.045697,82.395508,-43.211658,-10.813937,286.893939,272.857903,82.877907,-39.39753,-12.231091,294.839505,275.556929,83.289627,-36.351532,-13.952845,301.222355,278.421338,83.535072,-34.06786,-13.83434,305.918315,278.555844,83.911942,-31.188715,-15.187743,311.93411,281.17443,84.197662,-29.312674,-16.964586,315.910798,284.714557,84.436768,-28.029875,-19.154257,318.691824,289.132492
144,0,1069.351929,1356.842529,10.163614,2032.7229,435226.25,656.499329,MACS,80.852875,-44.318604,-12.807176,4.364306,178.691666,395.827576,0.943726,0,0,0,0,11,1.3.6.1.4.1.19291.2.1.3.16012510615619649342549071795,1.3.6.1.4.1.19291.2.1.2.16012510615619649342547581650,1.3.6.1.4.1.19291.2.1.1.16012510615619649342528272,14,78.132957,-67.668854,-9.332147,236.086515,271.00701,78.540932,-63.926575,-9.266351,243.789983,270.671195,78.986259,-60.250175,-10.194343,251.420819,272.375266,79.645683,-54.77663,-11.495872,262.776802,274.748243,80.277634,-49.093723,-11.672678,274.492584,274.805311,80.549072,-46.423973,-11.188654,279.960507,273.670109,80.867119,-43.516308,-11.16121,285.947406,273.457688,81.141479,-41.366074,-12.013753,290.430162,275.089129,81.402451,-39.213692,-12.562588,294.898078,276.098139,81.869377,-35.563606,-14.036474,302.509361,278.922224,82.193092,-32.702938,-14.250278,308.41481,279.206656,82.544106,-30.025091,-15.520139,314.010703,281.664878,82.809265,-28.334322,-17.292126,317.605497,285.205004,82.980782,-27.598436,-19.313868,319.249435,289.30821
148,0,1400.092285,1682.078125,30.490843,2022.559204,326221.5,562.435425,MACS,79.147186,-46.074997,-12.755875,4.190592,173.801666,204.578613,0.487753,0,0,0,0,11,1.3.6.1.4.1.19291.2.1.3.16012510615619649342549111799,1.3.6.1.4.1.19291.2.1.2.16012510615619649342547581650,1.3.6.1.4.1.19291.2.1.1.16012510615619649342528272,13,76.642914,-67.477875,-9.32118,236.138059,270.846131,76.940048,-64.770393,-9.317442,241.71417,270.693061,77.406815,-60.844582,-10.112867,249.850293,272.11208,77.819695,-57.514004,-11.164047,256.776696,274.087147,78.401901,-52.672039,-12.290289,266.820725,276.134844,78.860802,-48.597668,-12.546865,275.228623,276.441765,79.257057,-44.950848,-12.453413,282.733724,276.054406,79.687408,-41.097645,-12.615011,290.680071,276.178578,80.05941,-38.018456,-13.370314,297.069949,277.560893,80.458382,-34.666061,-14.058087,304.01822,278.790135,80.823532,-31.543226,-14.553856,310.48151,279.638266,81.161903,-29.120651,-16.166649,315.57342,282.8129,81.393555,-27.701496,-17.85644,318.603575,286.199176,,,,,
152,0,1338.915039,1641.423706,30.490843,2007.313843,337406.5938,592.283875,MACS,77.58596,-46.762939,-13.309427,4.322211,178.198608,229.786209,0.547853,0,0,0,0,11,1.3.6.1.4.1.19291.2.1.3.16012510615619649342549161803,1.3.6.1.4.1.19291.2.1.2.16012510615619649342547581650,1.3.6.1.4.1.19291.2.1.1.16012510615619649342528272,13,75.107346,-68.108566,-10.306309,234.560506,272.770436,75.35331,-65.671478,-9.824019,239.549329,271.651309,75.693108,-62.779984,-10.320963,245.536229,272.514277,76.151733,-58.998222,-11.287535,253.386518,274.29176,76.685501,-54.755959,-12.801681,262.220044,277.166503,77.227203,-50.099274,-13.478649,271.85395,278.303557,77.707352,-45.669498,-13.339026,280.968688,277.779547,78.149544,-41.77116,-13.653839,289.017738,278.215239,78.574921,-38.006824,-13.922037,296.787803,278.56262,78.932091,-34.930035,-14.352693,303.152127,279.279802,79.362106,-31.296402,-15.04401,310.679875,280.501236,79.736351,-28.391939,-16.276875,316.740186,282.871473,79.93692,-27.43895,-18.414858,318.838646,287.201159,,,,,
156,0,1242.888184,1544.869385,15.245421,2159.768066,425067.75,694.302795,MACS,76.191864,-45.940353,-13.891165,4.269018,174.80159,289.243378,0.68961,0,0,0,0,11,1.3.6.1.4.1.19291.2.1.3.16012510615619649342549201807,1.3.6.1.4.1.19291.2.1.2.16012510615619649342547581650,1.3.6.1.4.1.19291.2.1.1.16012510615619649342528272,11,73.751213,-66.888428,-10.761373,236.761273,273.50923,73.94664,-64.929726,-10.323348,240.767636,272.506468,74.459358,-60.644749,-11.263865,249.652707,274.203511,75.042992,-55.880947,-12.613305,259.549912,276.712762,75.696579,-50.302143,-13.527135,271.098084,278.28563,76.316628,-44.798889,-13.878325,282.454919,278.709696,76.864296,-39.946442,-14.209046,292.470049,279.126732,77.439293,-34.91827,-14.718923,302.858483,279.901453,77.883453,-31.11388,-15.307633,310.731419,280.903434,78.233131,-28.449541,-16.580702,316.29972,283.36895,78.476929,-27.470839,-19.6192,318.508297,289.5425,,,,,,,,,,,,,,,
160,0,1448.515137,1707.487183,20.327229,2235.995117,367922.8438,633.396545,MACS,74.772697,-45.289917,-14.335437,4.208586,173.197906,238.146988,0.567787,0,0,0,0,11,1.3.6.1.4.1.19291.2.1.3.16012510615619649342549241811,1.3.6.1.4.1.19291.2.1.2.16012510615619649342547581650,1.3.6.1.4.1.19291.2.1.1.16012510615619649342528272,12,72.242241,-67.045517,-11.180353,236.12322,274.248026,72.540901,-64.181282,-10.827037,242.000005,273.370219,73.021446,-60.230843,-11.869309,250.202512,275.293742,73.578735,-55.666889,-13.120517,259.681897,277.612435,74.181541,-50.505154,-13.923182,270.363977,278.97991,74.711319,-45.85146,-14.341673,279.975345,279.587503,75.247948,-41.125732,-14.736525,289.733539,280.142771,75.630745,-37.692429,-14.865774,296.813011,280.223211,76.056465,-33.912884,-15.104332,304.612537,280.509045,76.420937,-30.793245,-15.592779,311.068797,281.342338,76.703957,-28.807327,-17.040531,315.25088,284.202242,76.936157,-27.666231,-19.423168,317.752319,289.023156,,,,,,,,,,
164,0,1512.596436,1763.387085,91.472527,2119.113525,319157.8438,594.778992,MACS,73.318382,-44.950901,-14.758366,4.137969,171.20192,199.240494,0.475026,0,0,0,0,11,1.3.6.1.4.1.19291.2.1.3.16012510615619649342549271815,1.3.6.1.4.1.19291.2.1.2.16012510615619649342547581650,1.3.6.1.4.1.19291.2.1.1.16012510615619649342528272,11,70.808113,-66.533936,-11.630964,236.864362,275.015717,71.219948,-62.701839,-11.431458,244.744325,274.401097,71.707329,-58.69865,-12.496841,253.056947,276.369136,72.313942,-53.701756,-13.787976,263.430543,278.746401,72.95549,-48.156239,-14.514946,274.898274,279.938158,73.513046,-43.265209,-14.971678,285.000873,280.611353,74.024521,-38.728729,-15.268948,294.363115,280.976845,74.47226,-34.850311,-15.756313,302.382093,281.767185,74.89254,-31.225029,-16.251148,309.880164,282.58642,75.130325,-29.267033,-16.759069,313.945102,283.522019,75.464661,-27.331137,-19.472767,318.104536,288.978641,,,,,,,,,,,,,,,
168,0,1861.460083,1859.941406,1458.478638,2332.549561,161947.0313,164.122482,MACS,71.721947,-45.704025,-14.686805,3.772669,157.56778,36.004478,0.085841,0,0,0,0,11,1.3.6.1.4.1.19291.2.1.3.16012510615619649342549321819,1.3.6.1.4.1.19291.2.1.2.16012510615619649342547581650,1.3.6.1.4.1.19291.2.1.1.16012510615619649342528272,10,69.382164,-65.905403,-11.977543,237.839788,275.563958,69.867615,-61.480835,-11.968889,246.952123,275.308581,70.383202,-57.213158,-13.015664,255.808297,277.224295,70.986832,-52.256294,-14.338143,266.101453,279.667943,71.561073,-47.211967,-14.791656,276.519563,280.326299,72.155411,-42.02837,-15.352103,287.231317,281.196297,72.678246,-37.442928,-15.782924,296.702894,281.832786,73.095589,-33.711296,-15.951999,304.399332,281.978827,73.450188,-30.630236,-16.314793,310.768125,282.556743,73.659187,-29.159805,-17.374392,313.863881,284.648956,,,,,,,,,,,,,,,,,,,,
172,0,1810.201172,1829.450562,1361.924316,2169.931641,119473.2813,180.085617,MACS,70.174843,-46.127819,-14.908503,3.613523,151.229431,31.115713,0.074186,0,0,0,0,11,1.3.6.1.4.1.19291.2.1.3.16012510615619649342549351823,1.3.6.1.4.1.19291.2.1.2.16012510615619649342547581650,1.3.6.1.4.1.19291.2.1.1.16012510615619649342528272,10,68.035149,-64.521019,-12.233782,240.366223,275.886496,68.43586,-60.913193,-12.335199,247.803376,275.900555,68.88311,-57.145958,-13.083784,255.609929,277.232104,69.444611,-52.569939,-14.399333,265.118215,279.682001,69.908661,-48.541637,-14.883374,273.445672,280.457501,70.489975,-43.475513,-15.441131,283.915328,281.32828,71.031334,-38.741829,-15.921947,293.695388,282.059267,71.47554,-34.814419,-16.210505,301.802614,282.439598,71.886421,-31.317078,-16.809069,309.043748,283.478284,72.157738,-29.237591,-17.76687,313.387491,285.329178,,,,,,,,,,,,,,,,,,,,
176,0,1893.019287,1900.595825,1417.824219,2251.240479,104116.0625,175.699539,MACS,68.673859,-46.115059,-15.089918,3.400944,142.494934,21.304934,0.050795,0,0,0,0,11,1.3.6.1.4.1.19291.2.1.3.16012510615619649342549391827,1.3.6.1.4.1.19291.2.1.2.16012510615619649342547581650,1.3.6.1.4.1.19291.2.1.1.16012510615619649342528272,10,66.671257,-63.36935,-12.683254,242.425633,276.617484,67.052322,-59.934349,-12.76985,249.505887,276.610453,67.472046,-56.34721,-13.345628,256.930547,277.597598,67.931824,-52.539242,-14.273643,264.832379,279.29464,68.453094,-48.076069,-14.968801,274.068887,280.479369,68.922905,-44.109867,-15.733265,282.286229,281.832786,69.479393,-39.202446,-16.126013,292.418506,282.373996,69.922379,-35.25856,-16.347164,300.555409,282.615315,70.281166,-32.269623,-17.028837,306.754731,283.851588,70.552208,-30.043921,-17.622665,311.376499,284.948847,,,,,,,,,,,,,,,,,,,,
180,0,1844.601807,1844.696045,1473.724121,2246.158691,99608.5,185.087799,MACS,67.163261,-46.225315,-15.35799,2.883229,120.84024,34.460873,0.082161,0,0,0,0,11,1.3.6.1.4.1.19291.2.1.3.16012510615619649342549431831,1.3.6.1.4.1.19291.2.1.2.16012510615619649342547581650,1.3.6.1.4.1.19291.2.1.1.16012510615619649342528272,8,65.47451,-60.691555,-13.123178,247.62766,277.246943,65.880486,-57.047855,-13.25413,255.140569,277.319573,66.391159,-52.776943,-14.1836,263.995965,278.994749,66.924103,-48.237553,-14.95241,273.394128,280.326299,67.477982,-43.578789,-15.895487,283.049235,282.008504,67.969437,-39.328053,-16.445959,291.839027,282.908178,68.404259,-35.613503,-17.046419,299.527655,283.939056,68.784142,-32.528267,-17.962729,305.940182,285.650938,,,,,,,,,,,,,,,,,,,,,,,,,,,,,,
184,0,1763.493042,1798.959717,1245.042725,2200.422607,84647.66406,254.402451,MACS,65.817505,-44.914566,-15.82249,2.812341,117.922417,24.986017,0.059571,0,0,0,0,11,1.3.6.1.4.1.19291.2.1.3.16012510615619649342549471835,1.3.6.1.4.1.19291.2.1.2.16012510615619649342547581650,1.3.6.1.4.1.19291.2.1.1.16012510615619649342528272,8,64.110832,-59.465813,-13.396214,249.828427,277.612435,64.537643,-55.660423,-13.595819,257.678716,277.81705,65.096992,-50.936417,-14.501347,267.465802,279.418814,65.686577,-46.015045,-15.597649,277.671491,281.400911,66.172127,-41.948975,-16.468388,286.101256,282.966751,66.592415,-38.35815,-17.047703,293.533728,283.960923,66.996994,-34.929138,-17.673071,300.635849,285.058182,67.346466,-32.002575,-18.299746,306.703187,286.185119,,,,,,,,,,,,,,,,,,,,,,,,,,,,,,
