ImageNo,RoiNo,RoiMean,RoiMedian,RoiMin,RoiMax,RoiTotal,RoiDev,RoiName,RoiCenterX,RoiCenterY,RoiCenterZ,LengthCm,LengthPix,AreaPix2,AreaCm2,RadiusWidthCM,RadiusHeightCM,RadiusWidthPIX,RadiusHeightPIX,RoiType,SOPInstanceUID,SeriesInstanceUID,StudyInstanceUID,NumOfPoints,mmX,mmY,mmZ,pxX,pxY,...,,,,,,,,,,,,,,,,,,,,,,,,,,,,,,,,,,,,,,,,,,,,,,,,,,,,,,,,,,,,,,,,,,,,,,,,,,,,,,,,,,,,,,,,,,,,,,,,,,,,,,,,,,,,,,,,,,,,,,,,,,,,,,,,,,,,,,,,,,,,,,,,,,,,,,,,,,,,,,,,,,,,,,,,,,,,,,,,,,,,,,,,,,,,,,,,,,
28,0,968.727478,979.977295,53.550674,1879.628662,365210.25,464.164581,LATCONDYLECART,148.901703,-42.265709,-3.391277,2.848642,115.51104,329.111816,0.784664,0,0,0,0,11,1.3.6.1.4.1.19291.2.1.3.16012510107846650815595092764,1.3.6.1.4.1.19291.2.1.2.16012510107846650815594742735,1.3.6.1.4.1.19291.2.1.1.16012510107846650815589072298,11,147.279266,-55.324677,-6.953785,268.38659,263.061085,147.611557,-52.475334,-7.351119,274.285589,263.677308,147.953873,-49.618221,-7.25652,280.168973,263.285824,148.29277,-46.846294,-6.796498,285.853271,262.152089,148.648026,-44.000504,-5.928479,291.6636,260.177949,148.981369,-41.369743,-4.859262,297.017759,257.806748,149.275253,-39.09285,-3.642688,301.63301,255.158389,149.583313,-36.767406,-1.971521,306.319084,251.575938,149.858963,-34.78978,0.188905,310.256769,247.015896,150.113892,-33.006821,2.483121,313.784569,242.195425,150.320389,-31.63109,4.783744,316.472523,237.39001,,,,,,,,,,,,,,,,,,,,,,,,,,,,,,,,,,,,,,,,,,,,,,,,,,,,,,,,,,,,,,,,,,,,,,,,,,,,,,,,,,,,,,,,,,,,,,,,,,,,,,,,,,,,,,,,,,,,,,,,,,,,,,,,,,,,,,,,,,,,,,,,,
32,0,715.462097,455.180725,10.710135,2024.215454,488660.5938,629.291626,LATCONDYLECART,147.528793,-41.200352,-2.797475,3.573813,140.467026,658.559631,1.570128,0,0,0,0,11,1.3.6.1.4.1.19291.2.1.3.16012510107846650815595142768,1.3.6.1.4.1.19291.2.1.2.16012510107846650815594742735,1.3.6.1.4.1.19291.2.1.1.16012510107846650815589072298,13,145.505173,-57.504913,-7.134982,263.539907,263.651654,145.869644,-54.37859,-7.577382,270.012746,264.34093,146.238327,-51.255833,-7.769598,276.462162,264.518268,146.599609,-48.245026,-7.639325,282.66007,264.043136,146.974686,-45.176777,-7.133486,288.952225,262.795077,147.35231,-42.147533,-6.238176,295.138981,260.752345,147.705032,-39.368813,-5.07454,300.792048,258.177597,148.039337,-36.802231,-3.53872,305.983925,254.855577,148.326294,-34.676723,-1.720237,310.248402,250.985369,148.564224,-33.005257,0.373724,313.559273,246.58259,148.775223,-31.640097,2.985777,316.205399,241.14032,148.918182,-30.85952,5.686509,317.640835,235.55696,149.006271,-30.54318,8.413291,318.117638,229.952409,,,,,,,,,,,,,,,,,,,,,,,,,,,,,,,,,,,,,,,,,,,,,,,,,,,,,,,,,,,,,,,,,,,,,,,,,,,,,,,,,,,,,,,,,,,,,,,,,,,,,,,,,,,,,,,,,,,,,,,,,,,,,,,,,,,,,,,
36,0,583.462585,166.00708,5.355067,2131.31665,586379.875,649.664246,LATCONDYLECART,146.058975,-40.906818,-2.46765,4.136972,159.667191,958.796875,2.28595,0,0,0,0,11,1.3.6.1.4.1.19291.2.1.3.16012510107846650815595182772,1.3.6.1.4.1.19291.2.1.2.16012510107846650815594742735,1.3.6.1.4.1.19291.2.1.1.16012510107846650815589072298,15,143.758057,-59.535049,-6.82335,258.970943,263.222808,144.107117,-56.497719,-7.525577,265.27704,264.450233,144.449493,-53.551765,-8.000276,271.380145,265.218141,144.799789,-50.571266,-8.269396,277.541247,265.562778,145.179214,-47.412228,-8.113638,284.043084,265.025188,145.589966,-44.052643,-7.556356,290.9325,263.651654,145.917038,-41.428654,-6.782719,296.291677,261.886081,146.278229,-38.597946,-5.49581,302.04401,259.055365,146.624939,-35.935558,-3.907131,307.429956,255.618465,146.931778,-33.674248,-1.888946,311.961555,251.330007,147.175537,-31.977457,0.357242,315.314808,246.613819,147.363846,-30.798925,2.945094,317.57782,241.234008,147.483765,-30.164894,5.34462,318.730515,236.277465,147.577911,-29.787119,8.002859,319.338371,230.808985,147.648041,-29.616758,10.698625,319.516266,225.278047,,,,,,,,,,,,,,,,,,,,,,,,,,,,,,,,,,,,,,,,,,,,,,,,,,,,,,,,,,,,,,,,,,,,,,,,,,,,,,,,,,,,,,,,,,,,,,,,,,,,,,,,,,,,,,,,,,,,,,,,,,,,,
40,0,553.74054,160.652023,5.355067,2099.186279,737028.625,646.217529,LATCONDYLECART,144.563995,-40.787708,-2.376744,4.70547,179.108856,1295.304932,3.088248,0,0,0,0,11,1.3.6.1.4.1.19291.2.1.3.16012510107846650815595232776,1.3.6.1.4.1.19291.2.1.2.16012510107846650815594742735,1.3.6.1.4.1.19291.2.1.1.16012510107846650815589072298,17,142.007248,-61.585724,-6.580203,254.364058,262.935611,142.315277,-58.895248,-7.265797,259.954109,264.152997,142.709366,-55.482929,-7.949939,267.032017,265.317405,143.045639,-52.587669,-8.428095,273.030838,266.095908,143.410889,-49.478275,-8.719282,279.459063,266.476794,143.755371,-46.596954,-8.663631,285.394868,266.163385,144.134079,-43.500397,-8.143486,291.744462,264.884097,144.512085,-40.474678,-7.205024,297.921179,262.753253,144.815109,-38.089653,-6.19122,302.772324,260.512548,145.10733,-35.844597,-4.858913,307.314518,257.629411,145.399536,-33.677723,-3.023844,311.663204,253.722397,145.658585,-31.841206,-0.851291,315.309231,249.147299,145.903641,-30.223011,1.971741,318.463394,243.25555,146.079803,-29.196898,4.886164,320.391247,237.217692,146.188354,-28.697306,7.537839,321.25061,231.754231,146.252045,-28.567739,10.148357,321.349876,226.400628,146.293549,-28.651102,12.931965,320.999104,220.70741,,,,,,,,,,,,,,,,,,,,,,,,,,,,,,,,,,,,,,,,,,,,,,,,,,,,,,,,,,,,,,,,,,,,,,,,,,,,,,,,,,,,,,,,,,,,,,,,,,,,,,,,,,,,,,,,,,,
44,0,480.587799,149.941879,0,2077.766113,983763.25,604.874084,LATCONDYLECART,143.264908,-39.378094,-0.007082,5.612441,207.00264,1979.930908,4.720523,0,0,0,0,11,1.3.6.1.4.1.19291.2.1.3.16012510107846650815595272780,1.3.6.1.4.1.19291.2.1.2.16012510107846650815594742735,1.3.6.1.4.1.19291.2.1.1.16012510107846650815589072298,20,140.376678,-62.603889,-6.488893,251.895259,262.8878,140.69548,-59.80254,-7.306189,257.722328,264.367141,141.069992,-56.549042,-8.025817,264.475115,265.615199,141.433731,-53.400372,-8.652181,271.005855,266.679607,141.787643,-50.361832,-9.100496,277.29813,267.387075,142.114273,-47.623154,-9.09033,282.942808,267.176665,142.498306,-44.447037,-8.794869,289.470855,266.351876,142.826538,-41.795498,-8.136611,294.894242,264.820613,143.168274,-39.096207,-7.054671,300.388855,262.418653,143.505035,-36.496689,-5.599243,305.653788,259.258913,143.79512,-34.316849,-3.961759,310.041897,255.75551,144.113388,-32.00872,-1.627213,314.64967,250.816094,144.375473,-30.210258,0.954857,318.190926,245.405219,144.548676,-29.143795,3.448372,320.228966,240.226304,144.697708,-28.337776,6.314124,321.706226,234.303325,144.811783,-27.851595,9.351408,322.513168,228.051322,144.864151,-27.781525,11.733253,322.504528,223.170015,144.890457,-27.999577,14.563525,321.873116,217.390586,144.88475,-28.464432,17.252523,320.74202,211.917466,144.840836,-29.270971,20.078564,318.897816,206.18744,,,,,,,,,,,,,,,,,,,,,,,,,,,,,,,,,,,,,,,,,,,,,,,,,,,,,,,,,,,,,,,,,,,,,,,,,,,,,,,,,,,,,,,,,,,,,,,,,,,,
48,0,442.891571,139.23175,0,1970.664795,1182077.625,588.709167,LATCONDYLECART,141.806717,-39.185184,1.598808,6.325534,227.681091,2594.296387,6.185285,0,0,0,0,11,1.3.6.1.4.1.19291.2.1.3.16012510107846650815595322784,1.3.6.1.4.1.19291.2.1.2.16012510107846650815594742735,1.3.6.1.4.1.19291.2.1.1.16012510107846650815589072298,22,138.706345,-64.000427,-6.109848,248.62804,262.277083,138.948715,-61.846359,-6.888829,253.118368,263.722779,139.278137,-58.942493,-7.792871,259.162331,265.372607,139.649399,-55.713318,-8.531442,265.866222,266.661151,140.034195,-52.39082,-9.140133,272.754113,267.677333,140.439896,-48.947681,-9.394788,279.867947,267.96032,140.818619,-45.786411,-9.291887,286.377775,267.530805,141.198349,-42.683113,-8.759806,292.740517,266.226602,141.522812,-40.099068,-7.869804,298.009899,264.225557,141.843506,-37.598682,-6.643705,303.085217,261.54221,142.171768,-35.083378,-5.104787,308.171158,258.217388,142.487564,-32.768101,-2.949683,312.805218,253.644849,142.758545,-30.859562,-0.59643,316.588078,248.694807,142.991058,-29.329651,2.117368,319.567276,243.032822,143.176392,-28.25025,5.184302,321.595165,236.679027,143.309982,-27.563835,7.985628,322.830017,230.896242,143.412689,-27.200893,11.202172,323.371384,224.285747,143.455414,-27.289497,14.085976,323.003391,218.387752,143.465576,-27.623301,16.788773,322.141563,212.877327,143.444092,-28.260189,19.734547,320.639381,206.890411,143.371719,-29.293604,22.483942,318.33242,201.333008,143.263062,-30.543344,24.665089,315.616077,196.953975,,,,,,,,,,,,,,,,,,,,,,,,,,,,,,,,,,,,,,,,,,,,,,,,,,,,,,,,,,,,,,,,,,,,,,,,,,,,,,,,,,,,,,,,,,
52,0,431.407379,133.876678,0,2018.860352,1274377.375,591.007507,LATCONDYLECART,140.390289,-38.516991,2.400318,6.660308,237.593933,2896.72998,6.906342,0,0,0,0,11,1.3.6.1.4.1.19291.2.1.3.16012510107846650815595362788,1.3.6.1.4.1.19291.2.1.2.16012510107846650815594742735,1.3.6.1.4.1.19291.2.1.1.16012510107846650815589072298,24,137.160339,-64.270187,-6.270177,247.718118,262.692616,137.483337,-61.420307,-7.174018,253.650787,264.345799,137.834366,-58.351028,-7.976301,260.029188,265.775836,138.206207,-55.104069,-8.797412,266.775026,267.232158,138.582199,-51.847023,-9.460175,273.53149,268.363549,138.904175,-49.107445,-9.707419,279.194594,268.680092,139.201965,-46.626148,-9.598205,284.302348,268.284693,139.546356,-43.795452,-9.220797,290.113096,267.316048,139.899323,-40.957211,-8.42735,295.912661,265.495085,140.253433,-38.191227,-7.106159,301.529345,262.59866,140.570984,-35.760559,-5.600988,306.443035,259.348779,140.819305,-33.917969,-4.048877,310.141445,256.043531,141.10704,-31.814451,-2.046411,314.348784,251.798161,141.328461,-30.285219,0.071633,317.364894,247.35593,141.544907,-28.858309,2.580215,320.144993,242.121222,141.71376,-27.861214,5.286623,322.026356,236.511249,141.853882,-27.172644,8.427143,323.243872,230.033858,141.953079,-26.791368,11.335758,323.842845,224.052533,142.000122,-26.856726,14.303188,323.517352,217.981726,142.001068,-27.254303,16.91881,322.529692,212.654181,141.972351,-27.938845,19.780695,320.934672,206.842316,141.913788,-28.820045,22.295755,318.956557,201.754136,141.817307,-30.033016,24.898794,316.288872,196.5088,141.699066,-31.373026,27.14337,313.382376,192.006169,,,,,,,,,,,,,,,,,,,,,,,,,,,,,,,,,,,,,,,,,,,,,,,,,,,,,,,,,,,,,,,,,,,,,,,,,,,,,,,,
56,0,363.147308,144.586823,0,2029.570435,2304896,515.349548,LATCONDYLECART,137.157913,-52.784313,1.27042,10.01263,343.473419,6314.026367,15.053812,0,0,0,0,11,1.3.6.1.4.1.19291.2.1.3.16012510107846650815595412792,1.3.6.1.4.1.19291.2.1.2.16012510107846650815594742735,1.3.6.1.4.1.19291.2.1.1.16012510107846650815589072298,32,132.658615,-91.551498,7.854118,190.21016,235.732754,132.76889,-90.259064,5.484682,193.026613,240.494325,132.913467,-88.713142,3.336799,196.351334,244.784752,133.105438,-86.733589,0.957043,200.584824,249.519866,133.331757,-84.523132,-1.054556,205.270627,253.485256,133.566452,-82.283485,-2.80025,209.999505,256.904243,133.87709,-79.40834,-4.536161,216.037713,260.25918,134.23111,-76.259338,-5.690253,222.603051,262.403982,134.623566,-72.903435,-6.09941,229.547017,263.009332,135.003555,-69.769463,-5.75162,235.984824,262.080335,135.354889,-66.770531,-6.083656,242.187971,262.552486,135.722824,-63.581886,-6.740975,248.80309,263.67748,136.11377,-60.153149,-7.701268,255.932582,265.406164,136.489426,-56.87738,-8.502872,262.736583,266.820541,136.881424,-53.472466,-9.252588,269.803439,268.119708,137.31044,-49.805717,-9.688534,277.389848,268.758388,137.653793,-46.944618,-9.562648,283.279454,268.302589,138.047714,-43.700489,-9.171615,289.941555,267.277399,138.422073,-40.688435,-8.342413,296.097092,265.371223,138.785919,-37.830799,-7.085526,301.906872,262.600097,139.176498,-34.865875,-5.074327,307.889291,258.277231,139.537216,-32.217999,-2.633536,313.190553,253.096771,139.821136,-30.231903,-0.081035,317.120492,247.733433,140.07045,-28.589327,2.815553,320.320199,241.689413,140.310715,-27.154982,6.565722,323.035782,233.912239,140.450241,-26.451443,9.578148,324.292397,227.696054,140.528229,-26.218752,12.296714,324.597291,222.114126,140.561462,-26.419962,15.393172,323.983483,215.788549,140.555527,-26.957346,18.538376,322.673592,209.386451,140.500244,-27.882265,21.512573,320.575829,203.361282,140.396011,-29.269701,24.821346,317.503167,196.683147,140.283203,-30.60845,27.352358,314.58088,191.593993,,,,,,,,,,,,,,,,,,,,,,,,,,,,,,,,,,,,,,,,
60,0,342.854706,133.876678,0,2040.28064,2689009.5,513.313965,LATCONDYLECART,135.413956,-54.894665,2.271341,11.071133,367.748291,7778.274902,18.544853,0,0,0,0,11,1.3.6.1.4.1.19291.2.1.3.16012510107846650815595452796,1.3.6.1.4.1.19291.2.1.2.16012510107846650815594742735,1.3.6.1.4.1.19291.2.1.1.16012510107846650815589072298,37,130.927414,-94.560677,15.342798,183.161709,220.677835,130.966934,-93.810379,12.64139,184.88197,226.156602,131.057388,-92.618813,9.85003,187.517628,231.788975,131.177109,-91.156029,6.893903,190.722928,237.739893,131.308884,-89.679771,4.502383,193.919728,242.533957,131.482269,-87.84539,2.052507,197.858475,247.422677,131.710846,-85.536972,-0.468208,202.778935,252.423625,131.947617,-83.243141,-2.451614,207.634781,256.325531,132.194275,-80.894211,-4.255277,212.592652,259.855612,132.502625,-78.098946,-5.598666,218.440979,262.412485,132.828949,-75.256264,-6.276737,224.344285,263.603914,133.148392,-72.534248,-6.547626,229.972689,263.970073,133.479523,-69.802238,-6.25104,235.585224,263.173707,133.822372,-66.901062,-6.411437,241.575819,263.301239,134.173904,-63.832943,-7.178801,247.949576,264.659877,134.537384,-60.631748,-8.158304,254.611271,266.443624,134.905228,-57.422344,-8.953967,261.278069,267.850441,135.288483,-54.116234,-9.540297,268.130778,268.82195,135.668793,-50.884968,-9.802663,274.808344,269.135395,136.03772,-47.788052,-9.814076,281.192872,268.944381,136.377396,-44.973068,-9.590339,286.981118,268.291418,136.749161,-41.971054,-8.836103,293.120781,266.539413,137.124847,-38.987358,-7.752079,299.2015,264.113475,137.47879,-36.24482,-6.288921,304.760754,260.928013,137.772278,-34.036827,-4.64961,309.206795,257.418905,138.089371,-31.707285,-2.516616,313.871628,252.890675,138.371567,-29.730095,0.001478,317.785439,247.598387,138.575745,-28.387217,2.388482,320.400124,242.618411,138.776566,-27.176123,5.443272,322.700226,236.280363,138.934982,-26.349192,8.682426,324.196602,229.59146,139.054947,-25.870918,12.08896,324.963494,222.584011,139.09082,-26.078753,15.370856,324.324135,215.879238,139.093033,-26.533724,18.42524,323.189949,209.657386,139.039856,-27.46439,21.550241,321.070656,203.323871,138.966125,-28.514116,24.331543,318.728035,197.70227,138.878784,-29.630581,26.806696,316.267525,192.712089,138.776199,-30.832794,29.009832,313.647736,188.284751,,,,,,,,,,,,,,,
64,0,346.208221,133.876678,0,2147.38208,2740584.25,518.751038,LATCONDYLECART,133.929382,-54.724865,2.598164,11.07524,368.993286,7834.553711,18.679031,0,0,0,0,11,1.3.6.1.4.1.19291.2.1.3.16012510107846650815595502800,1.3.6.1.4.1.19291.2.1.2.16012510107846650815594742735,1.3.6.1.4.1.19291.2.1.1.16012510107846650815589072298,35,129.410446,-94.604874,15.297256,182.709397,220.842777,129.453033,-93.824615,12.569084,184.493142,226.374258,129.540024,-92.685295,9.927328,187.011467,231.703954,129.643753,-91.365196,7.025305,189.919194,237.55398,129.777374,-89.846275,4.458755,193.215184,242.703432,129.934555,-88.169022,2.145977,196.821217,247.322351,130.201797,-85.492874,-0.654057,202.51764,252.869702,130.433563,-83.216606,-2.794947,207.347409,257.095257,130.722809,-80.500404,-4.663081,213.066504,260.731898,131.023636,-77.796089,-5.827878,218.71588,262.929412,131.367722,-74.789932,-6.598676,224.962105,264.299388,131.763489,-71.38427,-7.149333,232.017733,265.190977,132.15889,-68.048027,-7.272391,238.902751,265.21195,132.547287,-64.760315,-7.461361,245.691979,265.371223,132.997208,-60.891457,-8.069478,253.706079,266.3484,133.46228,-56.881126,-8.770145,262.017752,267.505254,133.868927,-53.404327,-9.191141,269.211682,268.126476,134.2603,-50.054279,-9.620864,276.144879,268.774337,134.699493,-46.370567,-9.615048,283.737839,268.507371,135.105515,-43.045734,-9.08961,290.557675,267.201446,135.485458,-39.986473,-8.262839,296.810704,265.29697,135.843552,-37.188633,-6.931397,302.492386,262.377342,136.196487,-34.490555,-5.236111,307.94508,258.719729,136.498581,-32.246639,-3.362134,312.450074,254.7277,136.769333,-30.32012,-1.137718,316.27829,250.040196,137.048264,-28.437723,1.814364,319.968781,243.865956,137.269211,-27.088667,5.069356,322.54039,237.108469,137.443787,-26.146574,8.439448,324.265755,230.143531,137.555496,-25.720865,11.738953,324.931183,223.358839,137.599823,-25.832804,14.859529,324.499848,216.977712,137.606384,-26.225567,17.748186,323.504532,211.090843,137.570786,-27.084387,21.360783,321.501999,203.754077,137.511368,-28.045326,24.34395,319.329422,197.713039,137.433258,-29.08839,26.845137,317.018548,192.664478,137.324371,-30.33609,29.000532,314.308068,188.338031,,,,,,,,,,,,,,,,,,,,,,,,,
68,0,342.916748,139.23175,0,2206.287598,2919593.25,509.977142,LATCONDYLECART,132.322418,-55.669456,3.492773,11.502503,375.564667,8425.200195,20.087242,0,0,0,0,11,1.3.6.1.4.1.19291.2.1.3.16012510107846650815595542804,1.3.6.1.4.1.19291.2.1.2.16012510107846650815594742735,1.3.6.1.4.1.19291.2.1.1.16012510107846650815589072298,38,127.90921,-94.889488,17.655985,181.606953,216.101993,127.913269,-94.511787,15.439202,182.528016,220.614353,127.947815,-93.84584,13.01306,184.056698,225.535381,128.026398,-92.7742,10.352829,186.436726,230.907588,128.118195,-91.599968,7.746159,189.024769,236.163033,128.239532,-90.175659,5.125778,192.129178,241.429248,128.388901,-88.5616,2.797144,195.60598,246.085009,128.579941,-86.59642,0.459127,199.807164,250.73567,128.791977,-84.515656,-1.487732,204.221463,254.577495,129.04248,-82.099068,-3.520142,209.333504,258.571226,129.359879,-79.177795,-5.187555,215.462403,261.78276,129.701843,-76.12516,-6.372164,221.831057,263.996713,130.068893,-72.916893,-7.20407,228.497855,265.477783,130.460587,-69.568695,-7.604932,235.425384,266.066696,130.817505,-66.548859,-7.769341,241.66084,266.194227,131.238373,-62.976761,-8.035482,249.041248,266.491802,131.586121,-60.010777,-8.348413,255.175246,266.92711,131.976608,-56.672733,-8.748931,262.081803,267.516025,132.362122,-53.354733,-9.289142,268.956051,268.392309,132.759323,-49.968586,-9.637029,275.958399,268.870128,133.149979,-46.682053,-9.696129,282.736855,268.763568,133.573929,-43.215267,-9.11597,289.845765,267.335779,133.964935,-40.080933,-8.174354,296.246163,265.190977,134.296143,-37.482044,-7.015026,301.528813,262.637506,134.63797,-34.87281,-5.347739,306.800129,259.043376,134.935593,-32.66748,-3.467196,311.225197,255.040577,135.224319,-30.629601,-0.987421,315.266541,249.822542,135.513382,-28.64278,1.839035,319.180352,243.898264,135.777542,-26.994026,5.499181,322.343705,236.290565,135.924698,-26.232609,8.551178,323.71708,229.989359,136.037399,-25.734312,11.435728,324.558793,224.049211,136.108551,-25.643059,14.69727,324.537255,217.365409,136.118881,-25.944696,17.201893,323.754494,212.258468,136.090073,-26.615158,19.96788,322.194634,206.641967,136.058121,-27.346138,22.953794,320.495911,200.579387,135.983475,-28.414551,25.805779,318.110215,194.81438,135.863129,-29.846144,28.52746,314.984269,189.341281,135.704926,-31.504915,30.665745,311.427552,185.078319,,,,,,,,,,
72,0,332.371857,133.876678,0,2281.258545,2905927.25,497.420715,LATCONDYLECART,130.604004,-57.36245,3.181673,11.646259,378.89743,8640.869141,20.601439,0,0,0,0,11,1.3.6.1.4.1.19291.2.1.3.16012510107846650815595592808,1.3.6.1.4.1.19291.2.1.2.16012510107846650815594742735,1.3.6.1.4.1.19291.2.1.1.16012510107846650815589072298,38,126.477737,-94.66523,20.505522,181.521931,210.321117,126.424721,-94.735367,18.088776,181.5327,215.273887,126.413544,-94.441864,15.590912,182.29826,220.367543,126.461067,-93.593933,12.69311,184.232407,226.241624,126.563789,-92.307747,9.955581,187.059647,231.757234,126.674416,-90.967407,7.296504,189.993447,237.108469,126.797249,-89.543793,4.76076,193.091,242.20144,126.96402,-87.755997,2.253596,196.937413,247.21069,127.181488,-85.570778,-0.073588,201.591473,251.823942,127.386459,-83.562431,-1.935769,205.851037,255.497425,127.64006,-81.128662,-3.910895,210.99482,259.372692,127.924614,-78.501968,-5.455553,216.508618,262.353268,128.247665,-75.633835,-6.47431,222.486289,264.24044,128.537872,-73.082802,-7.225053,227.793074,265.600869,128.905548,-69.926651,-7.686393,234.32861,266.32686,129.352737,-66.130539,-7.973107,242.172101,266.651075,129.770599,-62.603642,-8.110378,249.45105,266.687917,130.136673,-59.517159,-8.209488,255.819706,266.677148,130.488907,-56.553337,-8.265695,261.932732,266.587026,130.843857,-53.531921,-8.546707,268.178957,266.953184,131.239243,-50.122688,-9.14177,275.244788,267.935462,131.644211,-46.678219,-9.444856,282.364464,268.317491,131.992157,-43.815208,-9.082924,288.242833,267.37829,132.333252,-41.072227,-8.318066,293.84787,265.622469,132.641464,-38.625324,-7.422621,298.834206,263.619785,132.99231,-35.919411,-5.890954,304.313542,260.296589,133.299606,-33.597393,-4.239951,308.993863,256.755665,133.639252,-31.134039,-1.749647,313.911587,251.486629,133.91478,-29.246906,0.98824,317.625596,245.750593,134.134491,-27.826353,3.71453,320.378586,240.070609,134.342758,-26.596096,7.049119,322.700226,233.158384,134.500916,-25.812557,10.554136,324.090043,225.92818,134.589951,-25.575991,13.846196,324.366082,219.171827,134.627365,-25.912367,18.040787,323.403069,210.607357,134.597748,-26.745378,21.810598,321.443619,202.946945,134.532227,-27.810188,25.133682,319.0351,196.217183,134.433517,-29.049517,27.786392,316.30991,190.871971,134.304016,-30.478151,29.992928,313.223187,186.45335,,,,,,,,,,
76,0,335.120728,133.876678,0,2195.577637,2932306.25,498.042206,LATCONDYLECART,129.121246,-57.197426,3.640003,11.65504,378.405548,8649.836914,20.622818,0,0,0,0,11,1.3.6.1.4.1.19291.2.1.3.16012510107846650815595632812,1.3.6.1.4.1.19291.2.1.2.16012510107846650815594742735,1.3.6.1.4.1.19291.2.1.1.16012510107846650815589072298,39,124.953102,-94.653023,19.683142,181.23581,212.072605,124.919693,-94.568405,17.329357,181.561539,216.885739,124.930939,-94.136353,15.151244,182.592152,221.315163,124.970444,-93.403557,12.562311,184.269101,226.564871,125.045845,-92.421974,10.310918,186.437199,231.10628,125.135689,-91.316544,8.042286,188.861672,235.674407,125.302711,-89.462135,5.119162,192.872143,241.530659,125.449371,-87.853973,2.682764,196.343716,246.407459,125.610893,-86.203598,0.777759,199.868153,250.193388,125.809288,-84.251152,-1.079982,204.012211,253.861646,126.052994,-81.92878,-2.872216,208.914589,257.370168,126.306877,-79.555367,-4.442369,213.907925,260.420513,126.566704,-77.173615,-5.745154,218.901257,262.922863,126.903313,-74.16214,-6.954845,225.186696,265.19101,127.253181,-71.114571,-7.679568,231.515337,266.463787,127.633202,-67.891029,-7.907971,238.17482,266.708224,128.014297,-64.687561,-7.948834,244.780868,266.57009,128.366562,-61.731678,-7.952437,250.874167,266.372834,128.702362,-58.908897,-7.988193,256.695175,266.250616,129.150101,-55.104855,-8.296193,264.556378,266.61784,129.600708,-51.25156,-8.767185,272.529568,267.315337,130.001266,-47.846256,-9.056707,279.567643,267.672329,130.377319,-44.719212,-8.8773,286.002019,267.088522,130.756668,-41.623322,-8.317824,292.34771,265.728772,131.133301,-38.63987,-7.180921,298.424527,263.194586,131.434982,-36.2962,-5.972955,303.177971,260.559216,131.727097,-34.095699,-4.35949,307.610234,257.103561,132.020676,-31.946861,-2.333634,311.909482,252.807157,132.292313,-30.023066,-0.042772,315.72781,247.983792,132.558426,-28.219316,2.723059,319.26817,242.196323,132.765518,-26.962038,5.819447,321.660809,235.769907,132.932541,-26.037216,8.892936,323.369595,229.413412,133.063232,-25.510614,12.567961,324.218869,221.852925,133.119751,-25.528311,15.741061,323.978413,215.357726,133.133408,-26.013773,19.611353,322.72894,207.46753,133.092697,-26.86902,22.924952,320.75298,200.742676,133.003296,-28.099651,26.024672,318.016995,194.481682,132.898148,-29.392122,28.671413,315.18266,189.15239,132.739914,-31.096193,31.100777,311.513836,184.296624,,,,,
80,0,337.556824,133.876678,0,2093.831299,2958348,501.629578,LATCONDYLECART,127.604988,-57.336033,4.242306,11.662641,378.207367,8673.047852,20.678156,0,0,0,0,11,1.3.6.1.4.1.19291.2.1.3.16012510107846650815595682816,1.3.6.1.4.1.19291.2.1.2.16012510107846650815594742735,1.3.6.1.4.1.19291.2.1.1.16012510107846650815589072298,39,123.544792,-94.15477,22.019354,181.748562,207.323712,123.459412,-94.477684,19.481943,181.246045,212.541016,123.44046,-94.249695,16.985594,181.876465,217.636103,123.461014,-93.649132,14.224258,183.291924,223.247919,123.519897,-92.800728,11.938226,185.187729,227.86948,123.599258,-91.740334,9.392905,187.537167,233.007203,123.716415,-90.352715,6.782097,190.565342,238.256342,123.879921,-88.598061,4.312149,194.341038,243.191693,124.051437,-86.823654,2.148341,198.137768,247.498898,124.252098,-84.792267,-0.09607,202.469418,251.953333,124.506355,-82.343033,-2.135538,207.649205,255.959256,124.79921,-79.580589,-4.106462,213.470212,259.803167,125.056915,-77.206177,-5.476478,218.452744,262.443653,125.394737,-74.201485,-6.576812,224.71715,264.488396,125.749756,-71.108116,-7.318363,231.141291,265.792439,126.149712,-67.675415,-7.816765,238.249288,266.575205,126.511177,-64.637512,-7.85203,244.513693,266.437069,126.843567,-61.867043,-7.734974,250.21703,266.00561,127.222343,-58.696907,-7.686124,256.74861,265.686137,127.610115,-55.419315,-7.843882,263.514964,265.782206,127.972946,-52.330112,-8.135489,269.901587,266.165347,128.383636,-48.832523,-8.472284,277.132939,266.612723,128.766815,-45.630478,-8.390647,283.728184,266.223898,129.168823,-42.300507,-8.115921,290.574692,265.430899,129.553635,-39.219231,-7.166682,296.865246,263.27417,129.905502,-36.481571,-5.784895,302.419648,260.255659,130.285309,-33.629337,-3.629278,308.160504,255.644898,130.584518,-31.477184,-1.320038,312.448376,250.768099,130.862183,-29.557795,1.324707,316.234875,245.220519,131.088791,-28.079073,4.049603,319.107861,239.539351,131.292084,-26.837898,7.044915,321.473782,233.320992,131.418915,-26.208794,9.850467,322.590237,227.533522,131.521652,-25.784138,12.670423,323.284321,221.730706,131.588364,-25.683998,15.634358,323.300236,215.655596,131.595001,-26.075756,18.521072,322.307141,209.772625,131.575134,-26.763744,21.883436,320.672825,202.936352,131.519226,-27.677084,24.74892,318.605916,197.132969,131.432144,-28.897322,27.907988,315.887547,190.749756,131.311371,-30.264091,30.187954,312.923611,186.17651,,,,,
84,0,347.923706,133.876678,0,2233.062988,3099304.5,509.806122,LATCONDYLECART,126.200859,-56.566982,5.058374,11.807492,378.32605,8839.543945,21.075115,0,0,0,0,11,1.3.6.1.4.1.19291.2.1.3.16012510107846650815595722820,1.3.6.1.4.1.19291.2.1.2.16012510107846650815594742735,1.3.6.1.4.1.19291.2.1.1.16012510107846650815589072298,40,122.166214,-93.332344,23.873985,182.960515,203.53835,122.057228,-93.8349,21.217701,182.095318,209.011464,121.994987,-93.937485,18.51152,182.057801,214.559042,121.99073,-93.5961,16.079084,182.917878,219.515425,122.042381,-92.74913,13.410762,184.835286,224.919754,122.118614,-91.662819,10.529158,187.259759,230.744172,122.224403,-90.369003,7.908196,190.095227,236.020598,122.360039,-88.8498,5.448989,193.384892,240.950264,122.526802,-87.081856,3.069383,197.18219,245.699729,122.738693,-84.955246,0.818421,201.710526,250.160986,122.983597,-82.572876,-1.295701,206.757294,254.324371,123.226524,-80.275246,-2.970198,211.601124,257.593571,123.570168,-77.135185,-4.628762,218.180453,260.771819,123.876457,-74.377747,-5.840401,223.942341,263.061568,124.234962,-71.202789,-6.919573,230.556348,265.051169,124.596802,-68.066055,-7.57156,237.064137,266.168867,124.979591,-64.819366,-7.7993,243.771287,266.410353,125.377556,-61.497147,-7.693136,250.612677,265.962975,125.805702,-57.923588,-7.574917,257.971363,265.473534,126.181061,-54.771332,-7.59543,264.470542,265.297312,126.573006,-51.47065,-7.675951,271.279528,265.233645,126.947044,-48.290638,-7.947302,277.852036,265.569035,127.353882,-44.862732,-8.042396,284.924222,265.5264,127.739586,-41.680805,-7.694915,291.460919,264.594698,128.085388,-38.93306,-6.706077,297.061364,262.379986,128.41507,-36.383595,-5.309891,302.226941,259.34499,128.714127,-34.138653,-3.60713,306.745041,255.70345,128.985214,-32.142185,-1.815451,310.745282,251.897056,129.260712,-30.174179,0.398671,314.65968,247.227744,129.504852,-28.517696,2.925135,317.911831,241.940517,129.713333,-27.23481,5.932094,320.363019,235.69544,129.846985,-26.510023,8.489789,321.692639,230.408782,129.961639,-26.008005,11.455682,322.536801,224.30184,130.012161,-26.02564,14.303644,322.31738,218.472306,130.06958,-26.033367,17.460861,322.098523,212.008938,130.075058,-26.435493,20.350706,321.083821,206.120285,130.04837,-27.143612,23.474411,319.423359,199.774022,129.995453,-27.994455,26.098438,317.500836,194.460648,129.911301,-29.079924,28.546867,315.105923,189.523022,129.769104,-30.60972,30.71962,311.812848,185.180573
88,0,351.288666,139.23175,0,2072.411133,2916749.75,508.642426,LATCONDYLECART,124.652298,-56.92701,5.341329,11.347373,369.92807,8225.571289,19.61129,0,0,0,0,11,1.3.6.1.4.1.19291.2.1.3.16012510107846650815595772824,1.3.6.1.4.1.19291.2.1.2.16012510107846650815594742735,1.3.6.1.4.1.19291.2.1.1.16012510107846650815589072298,36,120.602303,-93.477669,21.941332,182.421048,207.573834,120.542984,-93.565361,19.297119,182.410245,212.993508,120.527931,-93.327538,16.948431,183.051465,217.785609,120.557953,-92.67717,14.378109,184.557313,223.002915,120.628548,-91.639656,11.505929,186.880597,228.811415,120.718834,-90.529243,9.229355,189.315873,233.39546,120.888214,-88.637077,6.190283,193.41161,239.486485,121.062286,-86.785622,3.667632,197.390244,244.523021,121.252831,-84.865791,1.595259,201.48087,248.632971,121.476517,-82.685883,-0.36125,206.100155,252.487684,121.71714,-80.417435,-1.972289,210.87975,255.628981,122.047997,-77.374992,-3.692803,217.261826,258.940816,122.429558,-73.963776,-5.04845,224.380623,261.480118,122.811478,-70.586716,-6.163867,231.413582,263.529976,123.26667,-66.62986,-7.054282,239.627229,265.079024,123.6866,-63.061203,-7.349328,247.002401,265.436015,124.123138,-59.465061,-6.922291,254.387805,264.312743,124.565666,-55.797832,-6.630096,261.928397,263.460625,124.976372,-52.334881,-6.74219,269.073912,263.450392,125.371071,-48.991528,-6.948827,275.97897,263.641962,125.824745,-45.136627,-7.263868,283.945473,264.020093,126.247093,-41.658962,-6.840545,291.086873,262.91263,126.663269,-38.356621,-5.620577,297.815709,260.186307,127.049324,-35.387707,-3.879834,303.823739,256.416864,127.353111,-33.138199,-1.950939,308.336724,252.31203,127.63916,-31.092928,0.335815,312.405743,247.488665,127.892952,-29.353764,2.85171,315.828999,242.217356,128.121658,-27.919416,5.975717,318.584881,235.722158,128.293793,-26.966526,9.144593,320.345395,229.168407,128.443115,-26.247057,12.584312,321.607373,222.076327,128.529266,-26.065649,16.075815,321.756878,214.915465,128.544189,-26.428551,19.22422,320.806416,208.494732,128.512589,-27.208565,22.545267,318.985074,201.749413,128.46077,-28.070684,25.302399,317.03072,196.164315,128.385544,-29.077982,27.729031,314.798382,191.265915,128.267899,-30.449064,30.206833,311.812848,186.28793,,,,,,,,,,,,,,,,,,,,
92,0,360.794342,139.23175,0,2104.541504,2952741,515.932373,LATCONDYLECART,123.239487,-56.132175,5.521382,11.300697,365.396362,8136.223145,19.398268,0,0,0,0,11,1.3.6.1.4.1.19291.2.1.3.16012510107846650815595812828,1.3.6.1.4.1.19291.2.1.2.16012510107846650815594742735,1.3.6.1.4.1.19291.2.1.1.16012510107846650815589072298,36,119.172485,-92.740082,21.570356,183.601166,208.350914,119.12793,-92.637047,18.494537,184.011259,214.641038,119.126945,-92.249062,15.938737,184.975329,219.846778,119.173439,-91.406891,13.022318,186.898789,225.759365,119.270981,-90.123268,10.021316,189.737668,231.814578,119.396538,-88.683441,7.528139,192.865891,236.819281,119.56945,-86.800774,4.741768,196.925816,242.393578,119.749374,-84.941353,2.484204,200.90383,246.886862,119.965004,-82.822098,0.482919,205.400952,250.83745,120.180832,-80.735519,-1.296474,209.816473,254.336013,120.473358,-78.012047,-3.034031,215.542158,257.704835,120.837685,-74.72924,-4.493659,222.402948,260.465912,121.201828,-71.522453,-5.473143,229.076169,262.24924,121.617935,-67.953461,-5.977003,236.465457,263.033721,121.972984,-64.958992,-6.078815,242.644603,263.03485,122.356506,-61.720421,-6.214429,249.329099,263.088284,122.797073,-58.005676,-6.334769,256.994184,263.077484,123.198761,-54.604973,-6.533061,264.016911,263.248021,123.56459,-51.487694,-6.843937,270.462655,263.668681,123.99411,-47.881893,-6.859248,277.896378,263.450392,124.389275,-44.5797,-6.775482,284.697939,263.050253,124.776276,-41.423248,-6.193325,291.167023,261.639855,125.174232,-38.267254,-5.015333,297.596852,259.0096,125.506195,-35.714043,-3.520365,302.763807,255.772138,125.828606,-33.329636,-1.453367,307.545998,251.375212,126.134125,-31.170448,1.152174,311.829327,245.891299,126.425972,-29.180407,4.108963,315.741385,239.699966,126.640556,-27.864347,7.232118,318.253468,233.21469,126.806297,-26.958574,10.358444,319.919621,226.751324,126.913231,-26.618471,13.951204,320.389737,219.372174,126.982338,-26.530107,17.121002,320.368138,212.876408,127.001678,-26.943983,20.83716,319.276114,205.296816,126.966934,-27.719509,23.959383,317.47682,198.958254,126.893822,-28.789309,26.903591,315.082327,193.004523,126.793571,-30.016073,29.391405,312.39366,187.996043,126.640549,-31.637024,31.566471,308.91252,183.655173,,,,,,,,,,,,,,,,,,,,
96,0,389.935974,144.586823,0,2120.606689,2464005.5,548.026001,LATCONDYLECART,120.987694,-62.117756,4.036209,9.840156,342.573456,6270.112793,14.949114,0,0,0,0,11,1.3.6.1.4.1.19291.2.1.3.16012510107846650815595862832,1.3.6.1.4.1.19291.2.1.2.16012510107846650815594742735,1.3.6.1.4.1.19291.2.1.1.16012510107846650815589072298,31,117.798584,-92.222374,25.64349,184.042377,200.044617,117.693665,-92.691589,22.992338,183.245592,205.504912,117.653343,-92.553665,19.920639,183.727343,211.784182,117.648781,-92.151131,17.077242,184.73987,217.57771,117.693512,-91.322662,14.154282,186.635508,223.504649,117.773262,-90.25666,11.593657,188.997503,228.673331,117.8657,-89.079971,9.005945,191.589382,233.889786,117.997314,-87.58313,6.473069,194.837699,238.971821,118.191956,-85.571175,4.028264,199.142168,243.837876,118.411041,-83.392967,1.834077,203.77323,248.179318,118.718719,-80.476654,-0.327421,209.923655,252.402746,119.026085,-77.623932,-2.095561,215.917739,255.825219,119.358482,-74.622887,-3.46554,222.191949,258.422272,119.750748,-71.151627,-4.629113,229.422186,260.564183,120.169388,-67.550011,-5.206132,236.883424,261.496193,120.576859,-64.095261,-5.440535,244.019887,261.736916,121.024231,-60.353992,-5.363388,251.726923,261.319949,121.420212,-57.00634,-5.528598,258.638172,261.426436,121.845406,-53.385593,-5.874476,266.123996,261.883866,122.285477,-49.659649,-6.093739,273.818523,262.074841,122.707603,-46.148506,-5.898565,281.043613,261.432154,123.137306,-42.66806,-5.095459,288.166355,259.546975,123.537613,-39.478321,-4.007998,294.671565,257.09973,123.880707,-36.8008,-2.712181,300.107536,254.261383,124.221413,-34.228729,-0.865967,305.290779,250.30348,124.510078,-32.159061,1.40499,309.411067,245.510768,124.823273,-30.022383,4.571019,313.61198,238.880907,125.044502,-28.642109,7.639734,316.259921,232.502632,125.214149,-27.716043,10.846701,317.962703,225.872773,125.306282,-27.418037,13.909844,318.380107,219.580836,125.33284,-27.617203,16.631767,317.794597,214.021931,,,,,,,,,,,,,,,,,,,,,,,,,,,,,,,,,,,,,,,,,,,,,
100,0,424.999329,155.296951,0,2142.026855,2183646.5,573.513794,LATCONDYLECART,119.470062,-62.066948,3.342906,8.94443,322.576416,5049.376953,12.038652,0,0,0,0,11,1.3.6.1.4.1.19291.2.1.3.16012510107846650815595902836,1.3.6.1.4.1.19291.2.1.2.16012510107846650815594742735,1.3.6.1.4.1.19291.2.1.1.16012510107846650815589072298,28,116.247261,-92.028664,22.205408,184.298538,207.138768,116.204178,-91.962639,19.448055,184.611873,212.779438,116.214661,-91.464096,16.799795,185.809768,218.166809,116.259476,-90.667923,14.089249,187.625186,223.661103,116.342827,-89.537712,11.309593,190.133613,229.273755,116.45237,-88.207901,8.65948,193.04515,234.607377,116.608536,-86.515366,6.193152,196.692573,239.539605,116.803673,-84.492569,3.705334,201.02214,244.492989,117.031387,-82.235344,1.468192,205.818851,248.916898,117.293823,-79.740433,-0.423411,211.083289,252.616927,117.648476,-76.484818,-2.231253,217.910415,256.092815,118.04142,-72.973564,-3.615981,225.237283,258.684721,118.412086,-69.730095,-4.478889,231.978642,260.226829,118.851082,-66.006584,-4.740805,239.670881,260.505288,119.351166,-61.78941,-4.880907,248.372895,260.500142,119.821365,-57.874496,-4.689043,256.430506,259.836299,120.241631,-54.394142,-4.39591,263.585838,258.995201,120.699837,-50.559113,-4.337362,271.487352,258.609818,121.137886,-46.850098,-4.556901,279.146999,258.80251,121.549393,-43.442791,-4.266605,286.15195,257.972276,121.957123,-40.145161,-3.473235,292.898456,256.119688,122.337624,-37.174244,-2.046024,298.930801,252.992018,122.664116,-34.713352,-0.251903,303.888187,249.148472,122.988754,-32.36544,2.171069,308.572261,244.025267,123.236404,-30.674171,4.663169,311.898342,238.806003,123.463448,-29.21184,7.517139,314.729251,232.861714,123.611542,-28.439842,10.551406,316.125553,226.596081,123.690094,-28.19277,13.20852,316.464053,221.138955,,,,,,,,,,,,,,,,,,,,,,,,,,,,,,,,,,,,,,,,,,,,,,,,,,,,,,,,,,,,
104,0,449.744354,160.652023,0,2184.867432,2132687.75,591.485779,TROCHLEACART,117.867874,-62.823959,3.284777,8.63651,314.168121,4690.637207,11.183351,0,0,0,0,11,1.3.6.1.4.1.19291.2.1.3.16012510107846650815595952840,1.3.6.1.4.1.19291.2.1.2.16012510107846650815594742735,1.3.6.1.4.1.19291.2.1.1.16012510107846650815589072298,29,114.813225,-91.495361,22.923847,184.987537,205.699585,114.782562,-91.340996,20.268795,185.476417,211.124691,114.776382,-90.924286,17.246553,186.529647,217.2834,114.81105,-90.209564,14.512512,188.178676,222.83144,114.881599,-89.190636,11.757845,190.4561,228.400639,114.984726,-87.947891,9.322371,193.174373,233.300846,115.140121,-86.271683,6.919439,196.784061,238.104421,115.336914,-84.287903,4.772819,201.011276,242.361941,115.579987,-81.876785,2.373796,206.135623,247.106623,115.819054,-79.575188,0.464992,211.002666,250.855254,116.04351,-77.459267,-1.037323,215.460883,253.784514,116.337196,-74.772873,-2.472622,221.09069,256.537093,116.672523,-71.782959,-3.612391,227.327161,258.663565,117.067047,-68.362793,-4.324314,234.423027,259.884329,117.398102,-65.563408,-4.466169,240.202642,259.980961,117.823082,-61.993984,-4.492472,247.562102,259.787697,118.256058,-58.378696,-4.382088,255.00733,259.311399,118.652786,-55.074818,-4.224297,261.807582,258.759626,119.101845,-51.319859,-4.144617,269.542707,258.336503,119.481758,-48.141445,-4.087312,276.090803,257.99915,119.884651,-44.78965,-3.905174,282.988258,257.3942,120.297722,-41.423794,-3.262977,289.885143,255.846375,120.657661,-38.585903,-2.090446,295.65961,253.249322,120.998428,-35.96801,-0.53623,300.956066,249.886076,121.28318,-33.860428,1.278492,305.183853,246.024804,121.543228,-32.048046,3.660373,308.766666,241.022818,121.771004,-30.565289,6.422041,311.64561,235.266075,121.930115,-29.632326,9.014075,313.402133,229.894716,122.042732,-29.051027,11.359099,314.449649,225.053402,,,,,,,,,,,,,,,,,,,,,,,,,,,,,,,,,,,,,,,,,,,,,,,,,,,,,,,
108,0,489.477997,182.072281,0,2206.287598,1960848.875,607.999878,TROCHLEACART,116.285179,-63.411366,3.18771,8.003593,297.011414,3940.718018,9.395404,0,0,0,0,11,1.3.6.1.4.1.19291.2.1.3.16012510107846650815595992844,1.3.6.1.4.1.19291.2.1.2.16012510107846650815594742735,1.3.6.1.4.1.19291.2.1.1.16012510107846650815589072298,27,113.369125,-90.683838,21.30283,186.400421,209.030812,113.338913,-90.5159,18.584759,186.921317,214.583998,113.342255,-90.10984,16.146297,187.915084,219.548245,113.392784,-89.303322,13.678375,189.736221,224.545084,113.48008,-88.169647,11.089912,192.239501,229.766064,113.610512,-86.673767,8.499256,195.489536,234.966459,113.76796,-85.031631,6.427032,199.007736,239.095327,113.993401,-82.747101,3.890974,203.879924,244.129333,114.244255,-80.337975,1.926304,208.972251,247.984887,114.498672,-77.960785,0.360137,213.973094,251.026789,114.820732,-75.022079,-1.167482,220.128946,253.950903,115.110016,-72.426628,-2.254246,225.548906,255.996183,115.495911,-69.037979,-3.22958,232.596743,257.758428,115.868431,-65.820076,-3.827415,239.268344,258.759626,116.284988,-62.253944,-4.288176,246.64896,259.456061,116.687592,-58.859379,-4.397659,253.653341,259.445197,117.09359,-55.485905,-4.187486,260.593681,258.781353,117.476791,-52.318119,-3.883783,267.104038,257.940256,117.90197,-48.783287,-3.676279,274.377159,257.270694,118.34227,-45.168564,-3.165659,281.795513,255.975026,118.727547,-42.021652,-2.615481,288.246974,254.630758,119.142914,-38.73708,-1.324556,294.934589,251.760391,119.46904,-36.24184,0.2285,299.978313,248.408008,119.743973,-34.224033,2.090663,304.017982,244.455822,119.972382,-32.629528,4.165993,307.171382,240.096525,120.191048,-31.187748,6.698927,309.980571,234.810933,120.332733,-30.355238,8.996076,311.548976,230.050242,,,,,,,,,,,,,,,,,,,,,,,,,,,,,,,,,,,,,,,,,,,,,,,,,,,,,,,,,,,,,,,,,
112,0,494.908112,176.717224,0,2136.671875,1697534.875,618.187439,TROCHLEACART,114.360985,-67.067947,4.407401,7.527377,283.205963,3373.449219,8.04293,0,0,0,0,11,1.3.6.1.4.1.19291.2.1.3.16012510107846650815596032848,1.3.6.1.4.1.19291.2.1.2.16012510107846650815594742735,1.3.6.1.4.1.19291.2.1.1.16012510107846650815589072298,24,112.049927,-89.625244,24.847435,187.990558,201.769127,111.942619,-90.06675,21.888292,187.270679,207.858075,111.897621,-90.012878,19.105934,187.560577,213.55078,111.891502,-89.61573,16.212822,188.565204,219.446467,111.949692,-88.674896,13.293232,190.692249,225.358736,112.054131,-87.410912,10.791684,193.458549,230.392742,112.235931,-85.474983,8.142577,197.619438,235.682335,112.469337,-83.095901,5.427379,202.698043,241.076566,112.686188,-80.992729,3.59594,207.151115,244.680534,112.949646,-78.518089,1.890468,212.361801,248.000897,113.267075,-75.564186,0.014348,218.571399,251.637457,113.632706,-72.279968,-1.383646,225.431117,254.272248,114.039421,-68.693954,-2.505576,232.895215,256.320958,114.500603,-64.743217,-3.03269,241.072901,257.126604,114.887894,-61.46553,-3.216686,247.841134,257.276412,115.289314,-58.096409,-3.225886,254.78662,257.061992,115.755142,-54.235435,-2.922162,262.725871,256.172865,116.186127,-50.646721,-2.748044,270.112205,255.567915,116.540993,-47.685715,-2.644296,276.209161,255.150511,116.966949,-44.195301,-2.108245,283.36964,253.811388,117.341194,-41.176796,-1.326112,289.541499,252.001113,117.743286,-38.030273,0.136771,295.933498,248.788246,118.062042,-35.610271,1.776158,300.816551,245.264328,118.32431,-33.718796,3.767996,304.587482,241.05541,,,,,,,,,,,,,,,,,,,,,,,,,,,,,,,,,,,,,,,,,,,,,,,,,,,,,,,,,,,,,,,,,,,,,,,,,,,,,,,,
116,0,573.411011,203.492554,5.355067,2093.831299,1547062.875,647.158081,TROCHLEACART,112.529922,-69.853775,5.050375,6.804651,260.129272,2639.028809,6.291935,0,0,0,0,11,1.3.6.1.4.1.19291.2.1.3.16012510107846650815596082852,1.3.6.1.4.1.19291.2.1.2.16012510107846650815594742735,1.3.6.1.4.1.19291.2.1.1.16012510107846650815589072298,23,110.590294,-89.189331,24.808689,188.527465,201.886914,110.508614,-89.534088,22.612617,187.957969,206.406884,110.466156,-89.47435,19.929493,188.253581,211.896031,110.458107,-89.168816,17.523191,189.03807,216.801384,110.484543,-88.52639,14.810025,190.536723,222.311688,110.574135,-87.378632,12.254879,193.066879,227.46348,110.70874,-85.83371,9.573754,196.423835,232.845704,110.891006,-83.889748,6.897567,200.603019,238.19019,111.094528,-81.844322,4.717582,204.959457,242.511749,111.364403,-79.260895,2.657932,210.417156,246.549703,111.692772,-76.220024,0.812939,216.804008,250.116506,112.018112,-73.259392,-0.678566,223.002742,252.965145,112.372337,-70.119164,-1.765589,229.545692,254.973257,112.746078,-66.877831,-2.448294,236.27104,256.146563,113.162895,-63.348282,-2.658962,243.560171,256.333537,113.543716,-60.151279,-2.672955,250.15115,256.140845,113.927505,-56.954498,-2.524681,256.731265,255.615945,114.344803,-53.469769,-2.420204,263.907754,255.160803,114.730072,-50.26421,-2.248765,270.504451,254.587874,115.07579,-47.413742,-1.92679,276.35954,253.731338,115.446899,-44.40173,-1.272628,282.526256,252.183513,115.825554,-41.344482,-0.50241,288.778736,250.394966,116.161171,-38.71212,0.679867,294.12894,247.792195,,,,,,,,,,,,,,,,,,,,,,,,,,,,,,,,,,,,,,,,,,,,,,,,,,,,,,,,,,,,,,,,,,,,,,,,,,,,,,,,,,,,,
120,0,701.3573,240.978027,5.355067,2158.092041,1080090.25,694.314331,TROCHLEACART,110.241547,-76.61982,6.619814,5.243847,204.707123,1463.535522,3.489341,0,0,0,0,11,1.3.6.1.4.1.19291.2.1.3.16012510107846650815596122856,1.3.6.1.4.1.19291.2.1.2.16012510107846650815594742735,1.3.6.1.4.1.19291.2.1.1.16012510107846650815589072298,18,109.114326,-88.711021,23.612556,189.226188,204.371323,109.032043,-88.958939,20.75913,188.898555,210.230416,109.005585,-88.807434,18.350227,189.365707,215.151781,109.027405,-88.243088,15.89077,190.687103,220.148049,109.099655,-87.25872,13.450909,192.873042,225.075131,109.188934,-86.187393,11.37173,195.215076,229.257746,109.330315,-84.6371,9.022767,198.561744,233.959544,109.503204,-82.838623,6.777966,202.413295,238.430911,109.696266,-80.920593,4.853365,206.490703,242.238436,109.917854,-78.804298,3.193802,210.959781,245.489612,110.185654,-76.317093,1.642346,216.186479,248.493776,110.460884,-73.815285,0.399001,221.423469,250.866117,110.770897,-71.062546,-0.580803,227.160772,252.681538,111.13884,-67.848991,-1.398295,233.837519,254.132732,111.488739,-64.83654,-1.895066,240.079137,254.941238,111.939278,-61.011017,-2.190362,247.983802,255.280954,112.370789,-57.393532,-2.173133,255.439538,254.995243,113.077225,-51.504589,-1.93028,267.563018,254.090325,,,,,,,,,,,,,,,,,,,,,,,,,,,,,,,,,,,,,,,,,,,,,,,,,,,,,,,,,,,,,,,,,,,,,,,,,,,,,,,,,,,,,,,,,,,,,,,,,,,,,,,,,,,,,,
124,0,922.066345,1124.564087,10.710135,2083.121094,804041.875,695.449768,TROCHLEACART,108.545906,-78.205116,6.847039,4.081636,162.541626,803.395752,1.915445,0,0,0,0,11,1.3.6.1.4.1.19291.2.1.3.16012510107846650815596172860,1.3.6.1.4.1.19291.2.1.2.16012510107846650815594742735,1.3.6.1.4.1.19291.2.1.1.16012510107846650815589072298,15,107.556313,-88.892731,22.23431,188.576068,207.274281,107.541695,-88.603127,19.574961,189.343978,212.698819,107.566628,-87.977829,16.890858,190.805461,218.150799,107.635429,-86.987442,14.225974,193.018276,223.538168,107.735229,-85.732056,11.52866,195.77943,228.973568,107.880539,-84.143684,9.146853,199.206718,233.739978,108.040154,-82.450699,6.863719,202.843276,238.297114,108.250023,-80.344398,4.634483,207.328369,242.715305,108.469307,-78.246346,2.967995,211.760284,245.98192,108.776321,-75.427155,1.39721,217.672551,249.002666,109.09417,-72.541466,-0.016068,223.711757,251.696351,109.437759,-69.492157,-1.092206,230.066589,253.688454,109.735992,-66.888519,-1.747749,235.475686,254.850323,110.067108,-64.065033,-2.042073,241.314767,255.257435,110.401924,-61.284145,-1.861297,247.035487,254.694798,,,,,,,,,,,,,,,,,,,,,,,,,,,,,,,,,,,,,,,,,,,,,,,,,,,,,,,,,,,,,,,,,,,,,,,,,,,,,,,,,,,,,,,,,,,,,,,,,,,,,,,,,,,,,,,,,,,,,,,,,,,,,
128,0,977.178467,1247.730713,0,2077.766113,689888,665.626282,TROCHLEACART,107.109749,-77.459503,6.081289,3.82269,152.747528,687.492371,1.639109,0,0,0,0,11,1.3.6.1.4.1.19291.2.1.3.16012510107846650815596212864,1.3.6.1.4.1.19291.2.1.2.16012510107846650815594742735,1.3.6.1.4.1.19291.2.1.1.16012510107846650815589072298,15,106.083237,-88.247787,20.119562,189.677329,211.627861,106.080193,-87.91143,17.785398,190.520713,216.383408,106.116776,-87.220116,15.305736,192.105132,221.412268,106.174225,-86.414719,13.219906,193.899398,225.626904,106.283051,-85.092613,10.580667,196.794353,230.938797,106.452728,-83.261711,7.952708,200.737388,236.192369,106.624565,-81.516907,5.997102,204.459716,240.075369,106.841904,-79.397797,4.089438,208.950527,243.834291,107.102654,-76.929276,2.276925,214.155494,247.374219,107.398674,-74.21582,0.793502,219.844196,250.22343,107.713043,-71.394142,-0.395304,225.737024,252.461973,108.017998,-68.713875,-1.18163,231.312511,253.886292,108.293495,-66.327621,-1.665328,236.262464,254.711379,108.594917,-63.75946,-1.919461,241.572642,255.053879,108.868835,-61.489277,-1.739846,246.240704,254.52898,,,,,,,,,,,,,,,,,,,,,,,,,,,,,,,,,,,,,,,,,,,,,,,,,,,,,,,,,,,,,,,,,,,,,,,,,,,,,,,,,,,,,,,,,,,,,,,,,,,,,,,,,,,,,,,,,,,,,,,,,,,,,
132,0,800.523193,621.187805,10.710135,2040.28064,722071.9375,677.804016,TROCHLEACART,105.540405,-78.146179,7.346585,4.066988,160.947418,829.683533,1.97812,0,0,0,0,11,1.3.6.1.4.1.19291.2.1.3.16012510107846650815596262868,1.3.6.1.4.1.19291.2.1.2.16012510107846650815594742735,1.3.6.1.4.1.19291.2.1.1.16012510107846650815589072298,16,104.707893,-87.540794,22.894075,190.592185,205.967179,104.642769,-87.706886,20.440887,190.407501,211.001187,104.619057,-87.510185,17.889139,190.976997,216.211872,104.626595,-87.08091,15.52809,192.013648,221.01602,104.681,-86.292732,13.388108,193.775894,225.342726,104.786011,-85.054024,11.080962,196.47758,229.980483,104.915909,-83.634888,8.95623,199.539497,234.232286,105.104034,-81.687073,6.572598,203.707816,238.977539,105.314568,-79.599228,4.498427,208.144878,243.079533,105.56385,-77.220482,2.644544,213.167447,246.710375,105.869591,-74.389221,0.927013,219.114025,250.030738,106.160263,-71.759262,-0.307541,224.614608,252.376204,106.470398,-69.021828,-1.182098,230.313601,253.977206,106.781425,-66.328636,-1.723092,235.899951,254.898353,107.058655,-63.96489,-1.967801,240.788151,255.235708,107.344429,-61.547802,-2.094225,245.778701,255.327193,,,,,,,,,,,,,,,,,,,,,,,,,,,,,,,,,,,,,,,,,,,,,,,,,,,,,,,,,,,,,,,,,,,,,,,,,,,,,,,,,,,,,,,,,,,,,,,,,,,,,,,,,,,,,,,,,,,,,,,,
136,0,742.878418,380.209778,5.355067,1997.440063,725049.3125,654.505249,TROCHLEACART,104.005409,-78.305931,7.071977,4.199036,164.648499,931.655029,2.221239,0,0,0,0,11,1.3.6.1.4.1.19291.2.1.3.16012510107846650815596302872,1.3.6.1.4.1.19291.2.1.2.16012510107846650815594742735,1.3.6.1.4.1.19291.2.1.1.16012510107846650815589072298,16,103.249825,-87.153267,23.251867,191.003871,205.276463,103.174126,-87.461449,21.14337,190.504131,209.614605,103.11837,-87.474655,18.211636,190.665374,215.617787,103.113701,-87.110107,15.607288,191.584236,220.924534,103.173767,-86.203583,13.010588,193.619796,226.178105,103.289299,-84.789375,10.140337,196.719447,231.956577,103.413628,-83.423775,8.059867,199.668147,236.121467,103.563751,-81.835106,5.936378,203.079425,240.358974,103.77755,-79.71244,3.81383,207.591388,244.5576,104.01442,-77.472595,2.18444,212.313201,247.738447,104.270828,-75.10347,0.778016,217.287168,250.45386,104.539238,-72.67382,-0.368772,222.369203,252.633509,104.842422,-69.954704,-1.501604,228.04704,254.764555,105.163704,-67.151718,-2.195452,233.869539,255.991037,105.505684,-64.230515,-2.532186,239.912747,256.478198,105.876228,-61.144215,-2.387942,246.265384,255.969218,,,,,,,,,,,,,,,,,,,,,,,,,,,,,,,,,,,,,,,,,,,,,,,,,,,,,,,,,,,,,,,,,,,,,,,,,,,,,,,,,,,,,,,,,,,,,,,,,,,,,,,,,,,,,,,,,,,,,,,,
140,0,644.771423,267.753357,10.710135,1949.244507,842716.25,608.082275,TROCHLEACART,102.703041,-76.318291,5.534693,4.673769,179.612289,1248.4646,2.976572,0,0,0,0,11,1.3.6.1.4.1.19291.2.1.3.16012510107846650815596352876,1.3.6.1.4.1.19291.2.1.2.16012510107846650815594742735,1.3.6.1.4.1.19291.2.1.1.16012510107846650815589072298,17,101.736473,-87.072472,22.597298,190.848346,206.679627,101.639198,-87.491341,20.034803,190.149623,211.954926,101.595322,-87.457375,17.441635,190.386344,217.261671,101.578445,-87.142769,14.498807,191.22401,223.264855,101.630409,-86.303749,11.899083,193.120624,228.52929,101.746552,-84.923553,9.281342,196.133937,233.793154,101.891937,-83.365555,7.099408,199.485748,238.152452,102.087372,-81.409561,5.05818,203.648925,242.196123,102.308998,-79.256256,3.162209,208.209491,245.928744,102.59716,-76.497498,0.960897,214.037708,250.244586,102.859695,-74.048172,-0.631172,219.188928,253.334518,103.176331,-71.166962,-2.081161,225.221273,256.103679,103.508148,-68.221016,-3.127547,231.361113,258.042034,103.876396,-65.061066,-3.582397,237.904062,258.75448,104.255531,-61.892532,-3.503815,244.430429,258.374241,104.590279,-59.166626,-2.972254,250.015271,257.097224,104.873482,-56.93438,-2.045529,254.557113,255.045367,,,,,,,,,,,,,,,,,,,,,,,,,,,,,,,,,,,,,,,,,,,,,,,,,,,,,,,,,,,,,,,,,,,,,,,,,,,,,,,,,,,,,,,,,,,,,,,,,,,,,,,,,,,,,,,,,,,
144,0,559.690735,219.557755,5.355067,2061.700928,799238.375,572.225037,TROCHLEACART,101.235046,-75.873352,4.985155,4.929642,188.9608,1401.08313,3.340442,0,0,0,0,11,1.3.6.1.4.1.19291.2.1.3.16012510107846650815596392880,1.3.6.1.4.1.19291.2.1.2.16012510107846650815594742735,1.3.6.1.4.1.19291.2.1.1.16012510107846650815589072298,17,100.223351,-87.099915,22.652691,190.424083,206.636742,100.126328,-87.501114,19.990175,189.768241,212.115597,100.055405,-87.661491,17.186579,189.617862,217.866621,100.045029,-87.272385,14.11556,190.617343,224.127108,100.098984,-86.365669,11.186785,192.674632,230.060534,100.195084,-85.091698,8.169623,195.494682,236.149485,100.332291,-83.599464,5.96897,198.712123,240.551667,100.529701,-81.612511,3.835367,202.945056,244.782312,100.780754,-79.161758,1.612914,208.139732,249.162766,101.048813,-76.648331,-0.09387,213.430471,252.483128,101.376656,-73.646996,-1.712423,219.721261,255.589071,101.732529,-70.509048,-2.694923,226.252775,257.383336,102.146843,-66.950462,-3.228602,233.622527,258.229579,102.536034,-63.667801,-3.342111,240.396478,258.234725,102.92112,-60.45396,-3.233788,247.014331,257.790448,103.268303,-57.571171,-3.040829,252.944326,257.195791,103.578529,-55.033138,-2.624503,258.149295,256.167718,,,,,,,,,,,,,,,,,,,,,,,,,,,,,,,,,,,,,,,,,,,,,,,,,,,,,,,,,,,,,,,,,,,,,,,,,,,,,,,,,,,,,,,,,,,,,,,,,,,,,,,,,,,,,,,,,,,
148,0,549.303345,224.912827,0,1901.048828,776714.9375,561.953552,TROCHLEACART,99.730164,-75.684532,4.092089,4.932679,191.406967,1330.409668,3.171944,0,0,0,0,11,1.3.6.1.4.1.19291.2.1.3.16012510107846650815596432884,1.3.6.1.4.1.19291.2.1.2.16012510107846650815594742735,1.3.6.1.4.1.19291.2.1.1.16012510107846650815589072298,17,98.577888,-87.914391,20.623611,188.511455,210.915989,98.505226,-88.170509,18.343552,188.130077,215.601776,98.45948,-88.160881,15.805949,188.313045,220.796454,98.457863,-87.772652,13.213925,189.279937,226.076327,98.534225,-86.661034,10.176004,191.766635,232.219027,98.638016,-85.400024,7.658922,194.527789,237.285052,98.802109,-83.624763,5.087862,198.35247,242.425982,98.985474,-81.766083,3.02144,202.316661,246.527976,99.245567,-79.26799,0.982824,207.597106,250.528764,99.545731,-76.490295,-0.691003,213.430471,253.763358,99.935883,-72.985046,-2.188076,220.752193,256.585695,100.318901,-69.630928,-3.096611,227.724553,258.21357,100.702278,-66.313248,-3.750335,234.605427,259.322263,101.12542,-62.724709,-3.999591,242.018635,259.584141,101.522095,-59.399197,-3.984138,248.872636,259.322263,101.854683,-56.610588,-3.973707,254.620231,259.107843,102.201996,-53.74472,-3.665102,260.507913,258.27761,,,,,,,,,,,,,,,,,,,,,,,,,,,,,,,,,,,,,,,,,,,,,,,,,,,,,,,,,,,,,,,,,,,,,,,,,,,,,,,,,,,,,,,,,,,,,,,,,,,,,,,,,,,,,,,,,,,
152,0,604.211914,235.622955,5.355067,2034.925537,742576.4375,601.513977,TROCHLEACART,98.040672,-77.126884,3.730083,4.722344,185.126083,1161.048096,2.768154,0,0,0,0,11,1.3.6.1.4.1.19291.2.1.3.16012510107846650815596482888,1.3.6.1.4.1.19291.2.1.2.16012510107846650815594742735,1.3.6.1.4.1.19291.2.1.1.16012510107846650815589072298,16,97.040565,-88.032181,19.952293,187.947677,212.367184,96.962936,-88.33223,17.686852,187.474807,217.026097,96.918587,-88.28392,14.975337,187.748695,222.574137,96.909447,-87.923569,12.156367,188.672702,228.320588,96.962181,-87.1054,9.732738,190.514995,233.225942,97.089233,-85.623055,7.046188,193.743301,238.623604,97.267891,-83.779526,4.823035,197.686336,243.047513,97.494667,-81.538864,2.641754,202.445316,247.358209,97.73912,-79.197151,0.765386,207.392978,251.037653,98.031036,-76.461281,-1.084653,213.151439,254.635904,98.383125,-73.259163,-2.686535,219.85506,257.693816,98.751442,-69.975571,-3.935373,226.703914,260.023273,99.138702,-66.559143,-5.016093,233.815791,261.999365,99.5905,-62.663612,-5.694663,241.889412,263.118924,99.992409,-59.252464,-5.948534,248.937248,263.402529,100.378952,-56.043034,-5.732814,255.539091,262.738686,,,,,,,,,,,,,,,,,,,,,,,,,,,,,,,,,,,,,,,,,,,,,,,,,,,,,,,,,,,,,,,,,,,,,,,,,,,,,,,,,,,,,,,,,,,,,,,,,,,,,,,,,,,,,,,,,,,,,,,,
156,0,638.144531,262.398285,0,2174.157227,2269242,641.2323,TROCHLEACART,97.949326,-64.726517,0.560927,7.687265,287.931671,3549.93457,8.463703,0,0,0,0,11,1.3.6.1.4.1.19291.2.1.3.16012510107846650815596522892,1.3.6.1.4.1.19291.2.1.2.16012510107846650815594742735,1.3.6.1.4.1.19291.2.1.1.16012510107846650815589072298,19,95.502907,-87.918587,17.770363,187.957953,216.895104,95.437012,-88.043213,15.008368,187.878581,222.558486,95.42997,-87.716698,12.521476,188.711501,227.627394,95.466324,-86.976189,9.712047,190.418532,233.327986,95.559143,-85.700912,6.508889,193.253211,239.797661,95.746109,-83.696281,3.696146,197.566218,245.417513,96.028427,-80.904243,0.964107,203.497184,250.817626,96.349869,-77.890297,-1.082405,209.841483,254.798866,96.772461,-74.090134,-2.726034,217.780549,257.900837,97.251617,-69.838837,-4.218903,226.639844,260.662927,97.801933,-64.947006,-5.99284,236.837586,263.956119,98.386246,-59.766029,-7.792192,247.632983,267.281317,99.062653,-53.894623,-9.060955,259.817477,269.472399,99.633675,-49.111496,-9.013346,269.674043,269.043793,100.340805,-43.360409,-7.843495,281.453761,266.25055,100.858429,-39.295387,-6.053124,289.718059,262.303633,101.372475,-35.336517,-3.771784,297.731971,257.358854,101.839073,-31.890722,-0.748902,304.64059,250.931433,102.198036,-29.426344,2.780193,309.493659,243.535558,,,,,,,,,,,,,,,,,,,,,,,,,,,,,,,,,,,,,,,,,,,,,,,,,,,,,,,,,,,,,,,,,,,,,,,,,,,,,,,,,,,,,,,,,,,,,,,,,,,,,,,,,
160,0,532.495117,203.492554,0,2265.193359,1732739.125,612.62738,TROCHLEACART,96.375671,-64.969742,-1.267174,7.387332,281.57016,3161.203613,7.536897,0,0,0,0,11,1.3.6.1.4.1.19291.2.1.3.16012510107846650815596572896,1.3.6.1.4.1.19291.2.1.2.16012510107846650815594742735,1.3.6.1.4.1.19291.2.1.1.16012510107846650815589072298,22,93.963806,-87.971664,16.585472,187.560577,219.39329,93.955818,-87.580444,13.629739,188.557013,225.417601,93.946342,-87.262695,11.067504,189.376689,230.641366,94.017159,-86.243057,8.322577,191.654948,236.190583,94.094101,-85.143944,5.396753,194.108672,242.104638,94.252464,-83.480804,3.238617,197.675673,246.40795,94.471825,-81.348015,1.35235,202.193328,250.122117,94.727409,-78.901253,-0.59929,207.362361,253.948392,95.092285,-75.565262,-2.372384,214.352946,257.347576,95.456261,-72.301064,-3.731109,221.168883,259.903358,95.791695,-69.275642,-5.094177,227.492925,262.48456,96.071991,-66.746834,-6.237731,232.779143,264.650738,96.449394,-63.365402,-7.626013,239.838659,267.258918,96.851562,-59.83263,-8.650716,247.186746,269.11225,97.306404,-55.911156,-9.331713,255.313999,270.234976,97.76049,-52.087379,-9.423707,263.201981,270.15861,98.161369,-48.782223,-9.049777,269.991006,269.1642,98.568298,-45.426357,-8.675267,276.884488,268.165131,99.021072,-41.784214,-7.666604,284.327319,265.847893,99.615982,-37.098675,-5.69694,293.859183,261.490951,100.126038,-33.199177,-3.248269,301.739955,256.207712,100.563004,-30.026478,-0.067078,308.075484,249.475073,,,,,,,,,,,,,,,,,,,,,,,,,,,,,,,,,,,,,,,,,,,,,,,,,,,,,,,,,,,,,,,,,,,,,,,,,,,,,,,,,,,,,,,,,,
164,0,680.103821,262.398285,0,2163.447266,1421417,676.10144,TROCHLEACART,96.025398,-54.648758,-5.035337,6.402743,252.113892,2082.084229,4.964076,0,0,0,0,11,1.3.6.1.4.1.19291.2.1.3.16012510107846650815596612900,1.3.6.1.4.1.19291.2.1.2.16012510107846650815594742735,1.3.6.1.4.1.19291.2.1.1.16012510107846650815589072298,21,92.840668,-82.639221,3.171924,199.05062,246.55485,93.011955,-80.947144,1.526989,202.644294,249.805454,93.210327,-79.028351,-0.115282,206.705119,253.034902,93.475296,-76.532417,-1.876224,211.963268,256.467335,93.73732,-74.135132,-3.160007,216.98741,258.929727,94.075493,-71.128334,-4.254868,223.255795,260.963111,94.374481,-68.405548,-5.638214,228.957299,263.606778,94.72551,-65.231918,-7.113392,235.594046,266.407265,95.143326,-61.497051,-8.594492,243.388063,269.181,95.530388,-58.078579,-9.698757,250.505658,271.205124,95.926765,-54.636181,-10.453602,257.650126,272.512226,96.357819,-50.963097,-10.820225,265.245162,273.008538,96.811661,-47.229568,-10.34295,272.910528,271.772908,97.18734,-44.172123,-9.734997,279.173873,270.316567,97.561462,-41.160042,-8.918571,285.330295,268.436535,97.924294,-38.297993,-7.745186,291.15451,265.83605,98.301735,-35.347294,-6.353029,297.147399,262.781569,98.643295,-32.752083,-4.609814,302.38496,259.032939,98.96627,-30.354317,-2.598241,307.198257,254.748545,99.244652,-28.366535,-0.355789,311.151584,250.019874,99.483269,-26.720968,1.942634,314.3959,245.200288,,,,,,,,,,,,,,,,,,,,,,,,,,,,,,,,,,,,,,,,,,,,,,,,,,,,,,,,,,,,,,,,,,,,,,,,,,,,,,,,,,,,,,,,,,,,,,,
168,0,603.905701,219.557755,0,2216.997803,1738040.625,659.502747,TROCHLEACART,95.284264,-48.295544,-4.361066,6.990826,265.672821,2836.801025,6.763461,0,0,0,0,11,1.3.6.1.4.1.19291.2.1.3.16012510107846650815596652904,1.3.6.1.4.1.19291.2.1.2.16012510107846650815594742735,1.3.6.1.4.1.19291.2.1.1.16012510107846650815589072298,22,91.736633,-78.731354,-0.018637,206.946991,252.885094,91.903694,-77.140594,-1.238992,210.304515,255.273445,92.156143,-74.798744,-2.683592,215.224735,258.068908,92.440979,-72.189919,-4.097845,220.693298,260.783749,92.774765,-69.150208,-5.642011,227.058421,263.734738,93.13266,-65.920296,-7.108823,233.810644,266.514189,93.471527,-62.85775,-8.52557,240.21465,269.202729,93.819725,-59.730824,-9.852614,246.745592,271.703148,94.193626,-56.450245,-10.779889,253.567573,273.37448,94.595573,-53.017567,-11.170505,260.668584,273.936547,95.053581,-49.150036,-11.332561,268.651291,274.000584,95.521469,-45.303474,-10.824481,276.547657,272.694053,95.951309,-41.796978,-10.182002,283.734436,271.135936,96.387939,-38.317661,-8.996817,290.830303,268.468554,96.83107,-34.83567,-7.477129,297.91016,265.116172,97.232758,-31.758995,-5.58541,304.130622,261.030188,97.602798,-28.982647,-3.469053,309.717548,256.505073,97.932777,-26.648954,-0.665499,314.347873,250.603668,98.151939,-25.163059,1.609562,317.264552,245.842976,98.320374,-24.14979,4.188543,319.187466,240.492773,98.479149,-23.349617,7.61928,320.61636,233.413489,98.563309,-23.05772,10.290514,321.046345,227.924342,,,,,,,,,,,,,,,,,,,,,,,,,,,,,,,,,,,,,,,,,,,,,,,,,,,,,,,,,,,,,,,,,,,,,,,,,,,,,,,,,,,,,,,,,,
172,0,450.896149,176.717224,0,2308.033936,2445209.75,587.893616,MEDCONDYLECART,94.279823,-44.758434,0.228839,9.092727,313.790161,5362.118164,12.784286,0,0,0,0,11,1.3.6.1.4.1.19291.2.1.3.16012510107846650815596702908,1.3.6.1.4.1.19291.2.1.2.16012510107846650815594742735,1.3.6.1.4.1.19291.2.1.1.16012510107846650815589072298,29,90.10614,-80.132393,2.545648,203.529996,247.800772,90.185806,-79.235069,1.068621,205.474641,250.762624,90.335716,-77.724991,-0.559553,208.692082,253.9915,90.575966,-75.482697,-2.021729,213.408173,256.829847,90.840195,-73.035851,-3.50648,218.547387,259.700213,91.167198,-70.045853,-5.096992,224.813019,262.749549,91.482628,-67.192444,-6.433226,230.780751,265.287707,91.863899,-63.762486,-7.925226,237.946947,268.104897,92.230217,-60.462303,-9.389108,244.843831,270.873486,92.5905,-57.270138,-10.483201,251.494276,272.892463,92.978943,-53.867516,-11.410697,258.567842,274.555789,93.379539,-50.458447,-11.722319,265.615107,274.957755,93.824707,-46.771763,-11.412702,273.194703,274.068628,94.24128,-43.368187,-10.824279,280.17278,272.628297,94.694084,-39.713955,-9.891881,287.645454,270.466374,95.136467,-36.174816,-8.781326,294.869401,267.947656,95.517761,-33.18523,-7.43155,300.945202,264.977227,95.940117,-29.942801,-5.490417,307.504158,260.778602,96.275352,-27.477938,-3.248469,312.44096,256.017911,96.568802,-25.429955,-0.579081,316.490925,250.410976,96.79863,-23.931152,2.190153,319.402454,244.637651,96.998947,-22.721146,5.225252,321.70161,238.339999,97.157692,-21.834412,8.096174,323.344921,232.400856,97.267319,-21.391727,11.172857,324.059658,226.071183,97.311447,-21.531569,14.46306,323.55991,219.344691,97.300194,-22.078997,17.384993,322.243664,213.400403,97.229362,-23.204777,20.813831,319.702641,206.458349,97.12896,-24.501902,23.747149,316.840282,200.542649,96.986893,-26.06423,26.136734,313.466176,195.758512,,,,,,,,,,,,,,,,,,,,,,,,,,,,,,,,,,,,,,,,,,,,,,,,,,,,,,,
176,0,423.995789,166.00708,0,2297.32373,2471047.5,582.02124,MEDCONDYLECART,93.038734,-42.5453,0.553195,9.457786,320.531494,5770.629883,13.758253,0,0,0,0,11,1.3.6.1.4.1.19291.2.1.3.16012510107846650815596742912,1.3.6.1.4.1.19291.2.1.2.16012510107846650815594742735,1.3.6.1.4.1.19291.2.1.1.16012510107846650815589072298,30,88.621773,-79.876495,2.329771,203.70725,248.293652,88.774338,-78.269386,0.219349,207.15569,252.503141,88.980331,-76.27037,-1.527569,211.388623,255.941291,89.207306,-74.161758,-2.846427,215.819968,258.49546,89.552856,-71.051018,-4.212306,222.320033,261.076502,89.89193,-67.977798,-5.686951,228.749766,263.882829,90.257683,-64.658783,-7.303107,235.695253,266.961897,90.636406,-61.228245,-8.936465,242.871741,270.068412,90.99279,-58.020081,-10.344721,249.575362,272.729505,91.330215,-55.033695,-11.348353,255.795823,274.577516,91.747009,-51.441124,-11.966683,263.24105,275.594724,92.196495,-47.661781,-12.021312,271.035067,275.444917,92.606071,-44.276798,-11.691162,277.991418,274.534633,93.03685,-40.751434,-11.119707,285.221654,273.120605,93.448669,-37.441376,-10.185449,291.984738,270.978694,93.856094,-34.200523,-9.04218,298.591729,268.413661,94.239281,-31.238758,-7.4105,304.592053,264.868017,94.628479,-28.290243,-5.368115,310.538625,260.482416,94.901604,-26.320702,-3.292343,314.465085,256.096245,95.144661,-24.625492,-1.074072,317.816892,251.437332,95.415199,-22.800451,1.793882,321.394559,245.439295,95.621117,-21.532692,4.759161,323.81722,239.280587,95.766418,-20.740602,7.512912,325.272984,233.587884,95.873543,-20.284346,10.366836,326.030026,227.713353,95.919525,-20.3172,13.067207,325.788739,222.18704,95.911377,-20.93623,16.619385,324.284367,214.957376,95.859673,-21.82892,19.579248,322.253957,208.95934,95.754921,-23.169334,22.556755,319.299535,202.956155,95.597603,-24.9286,25.391476,315.490865,197.27432,95.391838,-27.024755,27.777328,311.016644,192.534784,,,,,,,,,,,,,,,,,,,,,,,,,,,,,,,,,,,,,,,,,,,,,,,,,,
180,0,431.046906,166.00708,0,2265.193359,2495761.5,587.974854,MEDCONDYLECART,91.553215,-42.244125,-0.017133,9.431664,320.671753,5758.982422,13.730485,0,0,0,0,11,1.3.6.1.4.1.19291.2.1.3.16012510107846650815596782916,1.3.6.1.4.1.19291.2.1.2.16012510107846650815594742735,1.3.6.1.4.1.19291.2.1.1.16012510107846650815589072298,30,87.184212,-79.164314,1.703568,204.851395,249.595037,87.32254,-77.715996,-0.152926,207.956193,253.295637,87.501366,-75.974319,-1.710445,211.6465,256.363841,87.774818,-73.43367,-3.300579,216.985839,259.443481,88.064323,-70.772789,-4.79786,222.567044,262.324711,88.396057,-67.761826,-6.267597,228.868127,265.12532,88.764282,-64.42849,-7.842367,235.840487,268.118621,89.111526,-61.276588,-9.382502,242.436612,271.0536,89.501259,-57.76754,-10.92662,249.769197,273.971996,89.858727,-54.620663,-11.88066,256.317292,275.707366,90.239662,-51.362759,-12.281003,263.05865,276.301452,90.670235,-47.724983,-12.445903,270.567918,276.38722,91.101349,-44.138397,-12.250762,277.948533,275.739387,91.547974,-40.456135,-11.833761,285.51212,274.630693,91.939217,-37.31839,-10.901487,291.920129,272.504792,92.266273,-34.735008,-9.866695,297.178845,270.207355,92.627876,-31.927107,-8.410502,302.873261,267.031655,92.986015,-29.178572,-6.758779,308.43274,263.459707,93.348724,-26.479975,-4.537851,313.852704,258.725889,93.633247,-24.459541,-2.173625,317.865498,253.745632,93.908501,-22.595543,0.698326,321.523213,247.736732,94.135368,-21.159554,3.712651,324.28951,241.465953,94.321922,-20.1056,7.009409,326.250165,234.643401,94.433754,-19.633722,10.017245,327.029515,228.452672,94.500504,-19.55958,13.151078,326.980908,222.031514,94.490791,-20.154715,16.464497,325.54115,215.28901,94.44046,-21.073645,19.668222,323.440984,208.793523,94.351768,-22.231001,22.333729,320.883954,203.416444,94.183434,-24.081491,25.160919,316.887738,197.756334,93.99025,-26.032021,27.288261,312.730283,193.535981,,,,,,,,,,,,,,,,,,,,,,,,,,,,,,,,,,,,,,,,,,,,,,,,,,
184,0,425.854889,166.00708,0,2222.353027,2467829,581.658386,MEDCONDYLECART,90.268723,-40.404827,0.369427,9.424787,320.863312,5751.198242,13.711926,0,0,0,0,11,1.3.6.1.4.1.19291.2.1.3.16012510107846650815596822920,1.3.6.1.4.1.19291.2.1.2.16012510107846650815594742735,1.3.6.1.4.1.19291.2.1.1.16012510107846650815589072298,31,85.772888,-78.183197,0.76217,206.570184,251.5231,85.944878,-76.496605,-0.809413,210.147847,254.623896,86.149689,-74.568764,-2.16154,214.208674,257.258686,86.414932,-72.087234,-3.814739,219.430224,260.471553,86.741463,-69.07943,-5.546059,225.741601,263.807925,87.082825,-65.968109,-7.142075,232.257675,266.860119,87.498428,-62.203793,-8.933052,240.132314,270.26625,87.858574,-58.964252,-10.340148,246.900546,272.922767,88.166725,-56.233757,-11.277321,252.589247,274.652421,88.553864,-52.84359,-12.194886,259.636511,276.296306,88.9217,-49.70594,-12.528602,266.125712,276.762311,89.351753,-46.077431,-12.661647,273.613824,276.783468,89.772087,-42.59074,-12.405591,280.784592,276.017846,90.170532,-39.316795,-11.96192,287.504796,274.88285,90.540291,-36.350101,-11.088941,293.564011,272.890176,90.901749,-33.514469,-9.819428,299.327618,270.094713,91.253807,-30.780941,-8.400103,304.871083,266.999635,91.605911,-28.103714,-6.615257,310.275037,263.160091,91.93306,-25.685083,-4.51277,315.125493,258.688152,92.228111,-23.604355,-1.967381,319.250935,253.332803,92.463608,-22.006372,0.468667,322.388326,248.234758,92.697479,-20.515055,3.504866,325.26727,241.915377,92.877281,-19.468267,6.482641,327.23364,235.746376,93.003311,-18.924719,9.796659,328.141065,228.923824,93.054512,-18.967777,12.84537,327.856313,222.685066,93.080032,-19.211594,15.798921,327.163884,216.655008,93.065445,-19.720282,18.290564,325.955129,211.588983,93.004486,-20.641218,20.93244,323.886975,206.243928,92.909447,-21.829193,23.452076,321.276196,201.167611,92.764824,-23.38102,25.635761,317.936971,196.804311,92.546638,-25.525801,27.662981,313.385548,192.802377,,,,,,,,,,,,,,,,,,,,,,,,,,,,,,,,,,,,,,,,,,,,,
188,0,435.864716,166.00708,0,2227.708008,2359335.75,590.401672,MEDCONDYLECART,89.137108,-37.375008,1.349986,9.046492,306.897583,5324.931641,12.695626,0,0,0,0,11,1.3.6.1.4.1.19291.2.1.3.16012510107846650815596862924,1.3.6.1.4.1.19291.2.1.2.16012510107846650815594742735,1.3.6.1.4.1.19291.2.1.1.16012510107846650815589072298,29,84.830658,-72.757095,-3.465588,217.662833,259.871749,85.156845,-69.756226,-5.170439,223.958199,263.154373,85.438675,-67.170799,-6.596467,229.379304,265.894944,85.725159,-64.58622,-7.764965,234.782111,268.108329,86.034058,-61.793934,-9.060019,240.621191,270.566436,86.334564,-59.07856,-10.313089,246.299027,272.943923,86.690247,-55.906021,-11.529404,252.91688,275.214486,87.047447,-52.790016,-12.299192,259.3895,276.574765,87.438622,-49.420052,-12.868378,266.372723,277.506778,87.838242,-46.053455,-12.958759,273.31821,277.458747,88.24408,-42.71069,-12.559032,280.183072,276.408948,88.64064,-39.484867,-11.906794,286.790635,274.850259,89.074005,-36.00367,-10.910173,293.902509,272.568832,89.507256,-32.583359,-9.527218,300.864007,269.500627,89.924637,-29.371952,-7.655691,307.3635,265.446664,90.334236,-26.303556,-5.282215,313.535931,260.374921,90.663963,-23.924721,-2.78377,318.278897,255.095048,90.923126,-22.16993,-0.078218,321.722195,249.434365,91.144997,-20.710476,2.514444,324.563969,244.025268,91.359642,-19.384954,5.579712,327.099271,237.657857,91.508598,-18.646387,8.876514,328.409802,230.857034,91.597649,-18.386642,12.019715,328.743153,224.403856,91.649719,-18.508863,15.625754,328.259427,217.029531,91.632896,-19.095053,18.496765,326.866551,211.192163,91.56588,-20.07576,21.195957,324.671468,205.733896,91.440964,-21.548658,23.936655,321.459172,200.224733,91.275963,-23.281775,26.187071,317.741986,195.737355,91.06636,-25.32996,28.056025,313.399846,192.052766,90.887024,-27.041422,29.390497,309.78616,189.439134,,,,,,,,,,,,,,,,,,,,,,,,,,,,,,,,,,,,,,,,,,,,,,,,,,,,,,,
192,0,437.064117,160.652023,0,2190.222412,2257873.25,592.001282,MEDCONDYLECART,87.616066,-37.235615,-0.099191,8.840269,304.147522,5101.927246,12.163943,0,0,0,0,11,1.3.6.1.4.1.19291.2.1.3.16012510107846650815596902928,1.3.6.1.4.1.19291.2.1.2.16012510107846650815594742735,1.3.6.1.4.1.19291.2.1.1.16012510107846650815589072298,28,83.339493,-72.621353,-3.274405,217.566203,259.539542,83.630341,-69.960892,-4.695979,223.141688,262.265818,83.96283,-66.878235,-6.587862,229.617694,265.925718,84.259727,-64.156799,-8.075356,235.323098,268.78272,84.62249,-60.874981,-9.61346,242.1869,271.704524,84.967606,-57.766071,-10.990887,248.683947,274.309348,85.334206,-54.523933,-12.065713,255.436169,276.285442,85.759033,-50.83596,-12.864874,263.089698,277.666267,86.130791,-47.685936,-13.066092,269.595881,277.860141,86.560394,-44.095016,-12.98085,276.992507,277.437019,86.926239,-41.088326,-12.577584,283.164368,276.40323,87.281097,-38.214157,-11.913737,289.04633,274.845113,87.641571,-35.347336,-10.898845,294.890557,272.568832,87.998146,-32.548817,-9.654327,300.579259,269.827117,88.384804,-29.549601,-8.076428,306.660203,266.388968,88.750839,-26.770353,-6.195594,312.268285,262.345867,89.061668,-24.51137,-3.946683,316.780248,257.585176,89.37632,-22.30982,-1.120222,321.136685,251.646034,89.621765,-20.697496,1.761931,324.274972,245.633659,89.823196,-19.505896,4.976367,326.524625,238.970106,89.969604,-18.736265,7.934753,327.920926,232.86,90.076462,-18.388702,11.475195,328.409802,225.587453,90.122765,-18.45805,14.42816,328.077023,219.546531,90.131577,-18.910046,17.820538,326.927247,212.632469,90.089958,-19.706146,20.703663,325.10088,206.784837,90.000969,-20.826235,23.112885,322.637155,201.929893,89.828926,-22.667227,25.677849,318.677377,196.805984,89.596992,-24.962244,27.93017,313.801782,192.353603,,,,,,,,,,,,,,,,,,,,,,,,,,,,,,,,,,,,,,,,,,,,,,,,,,,,,,,,,,,,
196,0,421.292297,149.941879,0,2313.38916,2200831,587.340088,MEDCONDYLECART,86.186356,-36.6563,0.556503,8.802521,299.562714,5111.15332,12.185939,0,0,0,0,11,1.3.6.1.4.1.19291.2.1.3.16012510107846650815596952932,1.3.6.1.4.1.19291.2.1.2.16012510107846650815594742735,1.3.6.1.4.1.19291.2.1.1.16012510107846650815589072298,27,82.199211,-69.274971,-4.804719,224.19845,262.509587,82.409111,-67.334236,-5.964429,228.273492,264.749541,82.680931,-64.803452,-7.57936,233.5941,267.88066,82.975334,-62.08345,-9.192865,239.304665,270.995721,83.303337,-59.122612,-10.541675,245.494646,273.552228,83.64444,-56.101898,-11.567321,251.787277,275.442943,84.035072,-52.683193,-12.480381,258.893081,277.075597,84.472466,-48.928955,-13.027204,266.666973,277.935222,84.835373,-45.873207,-13.098891,272.9705,277.87042,85.240639,-42.510128,-12.861089,279.887636,277.150722,85.64592,-39.20332,-12.259481,286.665418,275.690105,86.025421,-36.17453,-11.259979,292.844503,273.434095,86.406715,-33.177967,-9.955201,298.937566,270.555301,86.820107,-29.955639,-8.369553,305.477937,267.085837,87.236343,-26.78583,-6.291379,311.878381,262.611663,87.592949,-24.172066,-3.853518,317.109529,257.439583,87.890633,-22.113335,-1.024083,321.17138,251.50422,88.129028,-20.568466,1.911531,324.167161,245.387069,88.327431,-19.325762,4.632156,326.553918,239.730984,88.503853,-18.4405,8.469035,328.132097,231.8143,88.593361,-18.223272,11.911427,328.358613,224.751506,88.622108,-18.523354,15.40269,327.515619,217.624484,88.571449,-19.609682,19.668409,325.002122,208.966308,88.475609,-20.917219,22.915878,322.0981,202.408164,88.345062,-22.41271,25.498011,318.84942,197.225185,88.136047,-24.588444,28.221357,314.189439,191.800208,87.913597,-26.812004,30.526159,309.45778,187.235423,,,,,,,,,,,,,,,,,,,,,,,,,,,,,,,,,,,,,,,,,,,,,,,,,,,,,,,,,,,,,,,,,
200,0,415.448486,149.941879,0,2441.910645,2073503.375,586.441345,MEDCONDYLECART,84.842224,-35.397171,1.458104,8.647614,295.352448,4930.432617,11.755067,0,0,0,0,11,1.3.6.1.4.1.19291.2.1.3.16012510107846650815596992936,1.3.6.1.4.1.19291.2.1.2.16012510107846650815594742735,1.3.6.1.4.1.19291.2.1.1.16012510107846650815589072298,26,80.778625,-68.509346,-4.857307,225.415916,262.632882,81.024803,-66.213997,-6.34105,230.242772,265.511676,81.311661,-63.552303,-7.986732,235.835202,268.6967,81.614143,-60.786201,-9.460339,241.631786,271.522163,81.995819,-57.360378,-10.90359,248.786335,274.239812,82.366173,-54.102871,-11.874221,255.563544,276.001497,82.789398,-50.422726,-12.709562,263.203245,277.456951,83.239151,-46.607574,-12.980315,271.084947,277.747125,83.663589,-43.086941,-12.721502,278.325517,276.97352,84.122162,-39.344173,-12.048093,285.997331,275.335704,84.57766,-35.699295,-10.909498,293.437463,272.752244,85.045715,-31.989073,-9.513153,300.995733,269.636609,85.49247,-28.51976,-7.715412,308.031576,265.715829,85.880089,-25.607658,-5.52378,313.893533,261.02718,86.245544,-22.979364,-2.700711,319.129846,255.065438,86.550026,-20.919653,0.490592,323.17048,248.389158,86.7948,-19.372541,3.756931,326.149629,241.594745,86.982689,-18.323187,7.155496,328.094247,234.564065,87.062454,-18.110828,10.102281,328.342561,228.516303,87.122238,-18.133614,13.484446,328.078187,221.593435,87.123405,-18.610706,16.625122,326.892839,215.196433,87.100754,-19.236393,19.434977,325.422471,209.487014,86.9972,-20.578619,22.489222,322.459382,203.326854,86.850021,-22.239,25.23435,318.860315,197.82159,86.693802,-23.916243,27.599672,315.250924,193.095092,86.473396,-26.103804,29.782818,310.601274,188.776901,,,,,,,,,,,,,,,,,,,,,,,,,,,,,,,,,,,,,,,,,,,,,,,,,,,,,,,,,,,,,,,,,,,,,,
204,0,410.507385,149.941879,0,2340.164307,2024622.375,586.437561,MEDCONDYLECART,83.307564,-35.496578,0.812497,8.544225,293.790009,4807.54541,11.462081,0,0,0,0,11,1.3.6.1.4.1.19291.2.1.3.16012510107846650815597042940,1.3.6.1.4.1.19291.2.1.2.16012510107846650815594742735,1.3.6.1.4.1.19291.2.1.1.16012510107846650815589072298,27,79.279762,-68.438957,-4.660903,225.184236,262.294537,79.5009,-66.378906,-5.982069,229.515618,264.856778,79.770515,-63.878551,-7.52007,234.768557,267.832488,80.054001,-61.291542,-8.866613,240.187801,270.410213,80.36219,-58.506298,-10.154587,246.011911,272.854322,80.716301,-55.362862,-11.268139,252.563175,274.916501,81.090866,-52.084148,-12.147607,259.378233,276.490089,81.481224,-48.7397,-12.596548,266.301103,277.177675,81.913277,-45.121284,-12.556164,273.757293,276.844491,82.342407,-41.561382,-12.296174,281.078721,276.065725,82.811546,-37.758156,-11.441064,288.863508,274.051717,83.277756,-34.037312,-10.213142,296.454465,271.28016,83.691048,-30.7848,-8.827942,303.069955,268.219003,84.06575,-27.908426,-7.104549,308.888334,264.491481,84.440544,-25.110218,-4.872085,314.51288,259.727134,84.758095,-22.864687,-2.172477,318.968126,254.04467,85.037109,-20.932236,0.461518,322.782243,248.518188,85.273758,-19.381252,3.263316,325.799241,242.67458,85.449471,-18.346691,6.098258,327.749597,236.798858,85.575989,-17.742544,9.047751,328.805345,230.718408,85.630737,-17.739517,11.990965,328.622407,224.692439,85.670395,-17.862137,14.928067,328.180841,218.687686,85.662926,-18.368748,17.791595,326.952478,212.860137,85.594894,-19.458872,21.141792,324.490022,206.076618,85.48555,-20.796028,23.849661,321.559617,200.625259,85.290649,-22.904232,26.901241,317.01777,194.523593,85.076553,-25.047951,29.143406,312.454713,190.081535,,,,,,,,,,,,,,,,,,,,,,,,,,,,,,,,,,,,,,,,,,,,,,,,,,,,,,,,,,,,,,,,,
208,0,415.144501,149.941879,0,2233.062988,1928761.375,594.75531,MEDCONDYLECART,81.88456,-34.835091,1.301006,8.345637,288.321381,4583.807129,10.928647,0,0,0,0,11,1.3.6.1.4.1.19291.2.1.3.16012510107846650815597092944,1.3.6.1.4.1.19291.2.1.2.16012510107846650815594742735,1.3.6.1.4.1.19291.2.1.1.16012510107846650815589072298,25,77.915169,-67.135376,-5.153237,227.538885,263.280897,78.259232,-63.958336,-7.02728,234.208282,266.897741,78.552353,-61.292469,-8.360809,239.789243,269.443351,78.871849,-58.400101,-9.728321,245.839298,272.042869,79.226616,-55.233971,-10.95299,252.444468,274.330993,79.601494,-51.972183,-11.706124,259.216516,275.647096,79.994675,-48.578152,-12.322004,266.252357,276.673025,80.386452,-45.268768,-12.467794,273.083473,276.742414,80.815849,-41.706173,-12.210698,280.410634,275.969383,81.222725,-38.415424,-11.41948,287.143114,274.121679,81.659317,-34.911533,-10.394874,294.299956,271.781368,82.136818,-31.144487,-8.853685,301.966037,268.365237,82.58773,-27.686708,-6.756407,308.958867,263.831997,82.973602,-24.831482,-4.292547,314.686063,258.589953,83.36483,-22.058126,-1.01025,320.191899,251.67798,83.657616,-20.123705,2.355867,323.963006,244.652461,83.873924,-18.790989,5.464752,326.510339,238.195245,84.022095,-18.021399,8.518739,327.900415,231.889425,84.14769,-17.579517,12.465003,328.557611,223.779483,84.189125,-17.714933,15.580955,328.078187,217.409435,84.179031,-18.30328,18.829594,326.656571,210.799101,84.10746,-19.361092,21.779829,324.286439,204.832201,83.972481,-20.904268,24.429398,320.935109,199.51446,83.802444,-22.703535,26.833584,317.07168,194.71685,83.593399,-24.781338,28.923941,312.654275,190.58102,,,,,,,,,,,,,,,,,,,,,,,,,,,,,,,,,,,,,,,,,,,,,,,,,,,,,,,,,,,,,,,,,,,,,,,,,,,
212,0,423.433258,144.586823,0,2163.447266,1746662.25,607.761475,MEDCONDYLECART,80.350624,-34.820946,-0.037774,7.872338,278.013733,4055.005615,9.667887,0,0,0,0,11,1.3.6.1.4.1.19291.2.1.3.16012510107846650815597132948,1.3.6.1.4.1.19291.2.1.2.16012510107846650815594742735,1.3.6.1.4.1.19291.2.1.1.16012510107846650815589072298,24,76.508011,-66.238304,-5.326804,229.035054,263.642754,76.800865,-63.545948,-6.845809,234.682538,266.566277,77.124542,-60.588871,-8.404293,240.878253,269.552311,77.454636,-57.625092,-9.658818,247.068234,271.91556,77.82148,-54.368107,-10.815696,253.856339,274.058598,78.187828,-51.157452,-11.700718,260.531471,275.648243,78.618156,-47.456684,-12.28495,268.197551,276.588152,79.019943,-44.085289,-12.288877,275.147373,276.36278,79.44413,-40.595352,-11.845562,282.312817,275.213556,79.880058,-37.073853,-10.970283,289.515538,273.177755,80.325706,-33.519016,-9.784089,296.767003,270.503115,80.728874,-30.371973,-8.266474,303.15655,267.178165,81.130363,-27.299086,-6.360928,309.368321,263.064127,81.474258,-24.74671,-4.214833,314.491658,258.493611,81.759186,-22.712166,-1.919845,318.538026,253.65414,82.034012,-20.874777,1.100552,322.13136,247.343158,82.267593,-19.393417,4.185361,324.986642,240.924938,82.464043,-18.284082,7.660616,327.04997,233.733114,82.618019,-17.621675,11.720146,328.154462,225.376009,82.671898,-17.706949,15.185937,327.755902,218.286261,82.662453,-18.268677,18.297823,326.397939,211.954061,82.609688,-19.18054,21.324629,324.323716,205.82028,82.489845,-20.604259,24.022545,321.215535,200.3953,82.31945,-22.38434,26.283783,317.400845,195.889013,,,,,,,,,,,,,,,,,,,,,,,,,,,,,,,,,,,,,,,,,,,,,,,,,,,,,,,,,,,,,,,,,,,,,,,,,,,,,,,,
216,0,433.238678,139.23175,0,2243.773193,1587386.5,624.569763,MEDCONDYLECART,79.099716,-32.735809,0.580608,7.400265,263.66098,3569.085938,8.509364,0,0,0,0,11,1.3.6.1.4.1.19291.2.1.3.16012510107846650815597172952,1.3.6.1.4.1.19291.2.1.2.16012510107846650815594742735,1.3.6.1.4.1.19291.2.1.1.16012510107846650815589072298,22,75.434555,-62.275112,-7.219667,236.96206,267.312356,75.770721,-59.21595,-8.760884,243.367091,270.255951,76.108971,-56.192768,-9.957197,249.675778,272.495905,76.530495,-52.504139,-10.939605,257.342432,274.251856,76.934608,-49.007648,-11.624491,264.593897,275.411976,77.350037,-45.477901,-11.911901,271.888371,275.756054,77.771797,-41.967499,-11.731461,279.112883,275.143593,78.21817,-38.324787,-11.072884,286.579397,273.543053,78.689682,-34.550648,-9.901946,294.2839,270.88447,79.158218,-30.85063,-8.413673,301.815215,267.581311,79.581322,-27.582012,-6.601305,308.43644,263.644474,79.941635,-24.923887,-4.248701,313.764504,258.643859,80.261833,-22.639671,-1.655444,318.306348,253.176444,80.501717,-21.003765,0.773739,321.52234,248.08981,80.749306,-19.437416,4.068278,324.539338,241.23633,80.943794,-18.343803,7.538736,326.57055,234.055401,81.077957,-17.744205,10.931507,327.588452,227.06773,81.16024,-17.593628,14.412852,327.675046,219.929811,81.161667,-18.107428,17.804056,326.397939,213.022425,81.093742,-19.201572,21.185759,323.925156,206.174681,80.96701,-20.682909,23.882822,320.69827,200.755438,80.786316,-22.560375,26.214855,316.678281,196.110945,,,,,,,,,,,,,,,,,,,,,,,,,,,,,,,,,,,,,,,,,,,,,,,,,,,,,,,,,,,,,,,,,,,,,,,,,,,,,,,,,,,,,,,,,,
220,0,389.608246,123.16655,0,2174.157227,1251811.25,580.070923,MEDCONDYLECART,77.582481,-32.743885,0.288768,6.943563,250.505966,3110.829102,7.416794,0,0,0,0,11,1.3.6.1.4.1.19291.2.1.3.16012510107846650815597212956,1.3.6.1.4.1.19291.2.1.2.16012510107846650815594742735,1.3.6.1.4.1.19291.2.1.1.16012510107846650815589072298,21,74.155418,-60.214302,-7.972064,240.894309,268.778706,74.464432,-57.451988,-9.067675,246.65878,270.830563,74.811424,-54.394753,-10.010516,253.021373,272.549238,75.199036,-51.047684,-10.624808,259.9603,273.575167,75.620956,-47.410835,-11.251418,267.49735,274.606256,76.026764,-43.999058,-11.298729,274.533192,274.466906,76.454018,-40.465656,-10.969484,281.795552,273.548214,76.902962,-36.808231,-10.266866,289.289594,271.856493,77.367767,-33.080791,-9.157372,296.901767,269.326939,77.747978,-30.124886,-7.648975,302.897918,266.034102,78.136932,-27.16758,-5.676513,308.867112,261.791035,78.485245,-24.582829,-3.500121,314.055253,257.156291,78.806747,-22.307673,-0.777718,318.570142,251.425082,79.102623,-20.347141,2.587241,322.395154,244.400136,79.310913,-19.125277,5.977453,324.695893,237.374617,79.46611,-18.409502,9.758718,325.928269,229.583521,79.529732,-18.350227,12.819359,325.853719,223.313255,79.522789,-18.923506,16.141428,324.458478,216.551531,79.476471,-19.815428,19.388004,322.41121,209.966433,79.384689,-21.064919,22.481134,319.636784,203.720251,79.259148,-22.529289,25.133083,316.447747,198.392187,,,,,,,,,,,,,,,,,,,,,,,,,,,,,,,,,,,,,,,,,,,,,,,,,,,,,,,,,,,,,,,,,,,,,,,,,,,,,,,,,,,,,,,,,,,,,,,
224,0,507.732727,166.00708,0,2050.990723,781400.6875,609.036804,MEDCONDYLECART,75.918533,-33.416359,-3.656862,5.168077,200.702911,1475.307495,3.517407,0,0,0,0,11,1.3.6.1.4.1.19291.2.1.3.16012510107846650815597262960,1.3.6.1.4.1.19291.2.1.2.16012510107846650815594742735,1.3.6.1.4.1.19291.2.1.1.16012510107846650815589072298,15,73.108147,-56.141834,-9.152956,249.000811,270.983105,73.504631,-52.668564,-10.100923,256.221309,272.68343,73.8769,-49.4431,-10.760948,262.912497,273.811434,74.331406,-45.586311,-11.043468,270.880794,274.122826,74.784836,-41.805138,-10.895988,278.665581,273.559111,75.25116,-37.997051,-10.224505,286.472159,271.920721,75.710213,-34.30827,-9.176741,294.008635,269.520197,76.129105,-31.026583,-7.676841,300.676886,266.222198,76.555199,-27.781315,-5.551642,307.229871,261.646522,76.930618,-25.021599,-3.037211,312.756928,256.307563,77.305267,-22.362789,0.086492,318.03682,249.728199,77.570793,-20.625565,3.249483,321.414529,243.132205,77.769386,-19.452303,6.428467,323.628674,236.542519,77.926315,-18.661596,9.820098,325.040547,229.543953,78.024025,-18.363352,13.183842,325.439103,222.636566,,,,,,,,,,,,,,,,,,,,,,,,,,,,,,,,,,,,,,,,,,,,,,,,,,,,,,,,,,,,,,,,,,,,,,,,,,,,,,,,,,,,,,,,,,,,,,,,,,,,,,,,,,,,,,,,,,,,,,,,,,,,,
228,0,402.722595,160.652023,0,1954.599487,921832,498.344421,MEDCONDYLECART,74.769363,-31.086428,0.888014,6.003486,223.075958,2244.307617,5.350847,0,0,0,0,11,1.3.6.1.4.1.19291.2.1.3.16012510107846650815597302964,1.3.6.1.4.1.19291.2.1.2.16012510107846650815594742735,1.3.6.1.4.1.19291.2.1.1.16012510107846650815589072298,15,71.686531,-55.495243,-8.492964,249.927071,269.655724,72.150566,-51.426739,-9.625217,258.386414,271.692168,72.649307,-47.135979,-10.312726,267.275308,272.802674,73.219894,-42.367279,-10.195479,277.09765,272.232468,73.764572,-37.885445,-9.629954,286.299853,270.764373,74.320763,-33.422375,-8.320168,295.415557,267.773795,74.808159,-29.642313,-6.327426,303.079452,263.432276,75.303589,-25.930571,-3.459512,310.546241,257.303697,75.677185,-23.2701,-0.403604,315.83393,250.863036,75.976067,-21.293505,3.020703,319.688224,243.715465,76.227364,-19.817228,7.097138,322.469314,235.267407,76.423225,-18.935106,12.005974,323.972114,225.156279,76.498909,-18.898489,15.865468,323.799514,217.252043,76.471931,-19.687183,19.492613,321.940597,209.880643,76.362373,-21.088863,22.605303,318.85118,203.604947,,,,,,,,,,,,,,,,,,,,,,,,,,,,,,,,,,,,,,,,,,,,,,,,,,,,,,,,,,,,,,,,,,,,,,,,,,,,,,,,,,,,,,,,,,,,,,,,,,,,,,,,,,,,,,,,,,,,,,,,,,,,,
232,0,526.309021,235.622955,5.355067,1783.237427,551571.875,502.090637,MEDCONDYLECART,72.922783,-33.207642,-3.595652,4.407722,173.185181,1012.06543,2.412952,0,0,0,0,11,1.3.6.1.4.1.19291.2.1.3.16012510107846650815597362968,1.3.6.1.4.1.19291.2.1.2.16012510107846650815594742735,1.3.6.1.4.1.19291.2.1.1.16012510107846650815589072298,10,70.514305,-52.679031,-8.332694,255.357802,269.201274,71.10067,-47.610401,-9.295823,265.867858,270.822196,71.62352,-43.150089,-9.772749,275.092725,271.489846,72.204552,-38.342316,-9.34204,284.975467,270.275189,72.818932,-33.408726,-7.918497,295.053737,267.019149,73.368332,-29.138432,-5.732904,303.715747,262.248828,73.86953,-25.411478,-2.650672,311.200126,255.680438,74.253609,-22.738316,0.890598,316.482787,248.245185,74.623329,-20.40033,5.817235,320.985465,237.996807,74.851067,-19.197268,10.381041,323.172034,228.569857,,,,,,,,,,,,,,,,,,,,,,,,,,,,,,,,,,,,,,,,,,,,,,,,,,,,,,,,,,,,,,,,,,,,,,,,,,,,,,,,,,,,,,,,,,,,,,,,,,,,,,,,,,,,,,,,,,,,,,,,,,,,,,,,,,,,,,,,,,,,,,,,,,,,,,
236,0,514.465393,396.274963,0,1467.288452,610670.4375,408.419586,MEDCONDYLECART,71.513512,-32.595131,-2.048206,4.597824,178.326538,1166.213989,2.780471,0,0,0,0,11,1.3.6.1.4.1.19291.2.1.3.16012510107846650815597402972,1.3.6.1.4.1.19291.2.1.2.16012510107846650815594742735,1.3.6.1.4.1.19291.2.1.1.16012510107846650815589072298,10,69.048897,-52.368759,-7.873038,255.603679,268.307339,69.58297,-47.763618,-8.676935,265.148112,269.634383,70.161201,-42.824333,-9.246048,275.366225,270.457572,70.800735,-37.551697,-8.648118,286.196437,268.86838,71.450073,-32.375401,-6.8985,296.754058,264.927949,72.07312,-27.58078,-4.109403,306.458106,258.88576,72.532433,-24.238697,-0.811376,313.135253,251.902209,72.937912,-21.555223,3.821572,318.369002,242.231208,73.211792,-20.005939,8.649214,321.252257,232.240109,73.335976,-19.686804,13.310583,321.61048,222.674611,,,,,,,,,,,,,,,,,,,,,,,,,,,,,,,,,,,,,,,,,,,,,,,,,,,,,,,,,,,,,,,,,,,,,,,,,,,,,,,,,,,,,,,,,,,,,,,,,,,,,,,,,,,,,,,,,,,,,,,,,,,,,,,,,,,,,,,,,,,,,,,,,,,,,,