ImageNo,RoiNo,RoiMean,RoiMedian,RoiMin,RoiMax,RoiTotal,RoiDev,RoiName,RoiCenterX,RoiCenterY,RoiCenterZ,LengthCm,LengthPix,AreaPix2,AreaCm2,RadiusWidthCM,RadiusHeightCM,RadiusWidthPIX,RadiusHeightPIX,RoiType,SOPInstanceUID,SeriesInstanceUID,StudyInstanceUID,NumOfPoints,mmX,mmY,mmZ,pxX,pxY,...,,,,,,,,,,,,,,,,,,,,,,,,,,,,,,,,,,,,,,,,,,,,,,,,,,,,,,,,,,,,,,,,,,,,,,,,,,,,,,,,,,,,,,,,,,,,,,,,,,,,,,,,,,,,,,,,,,,,,,,,,,,,
12,0,435.806641,365.794891,41.80513,1306.410278,38350.98438,274.117035,LTCS,134.78891,-54.615761,0.640082,2.128765,88.706093,81.401489,0.194076,0,0,0,0,11,1.3.6.1.4.1.19291.2.1.3.16012510615619653229926204141,1.3.6.1.4.1.19291.2.1.2.16012510615619653229926074128,1.3.6.1.4.1.19291.2.1.1.16012510615619653229902382229,7,135.664047,-65.650337,1.935837,252.492532,260.624761,135.346283,-61.917294,1.982145,260.160364,260.329822,135.063202,-58.406898,1.674532,267.386926,260.772229,134.709808,-53.898918,1.053018,276.677499,261.804515,134.434174,-50.323463,0.455881,284.050973,262.8368,134.209335,-47.048298,-0.708754,290.833398,265.048264,134.09549,-45.065094,-1.912113,294.963129,267.408349,,,,,,,,,,,,,,,,,,,,,,,,,,,,,,,,,,,,,,,,,,,,,,,,,,,,,,,,,,,,,,,,,,,,,,,,,,,,,,,,,,,,,,,,,,,,,,,
16,0,367.598083,167.22052,15.676924,1327.312866,52198.92969,344.194641,LTCS,133.419662,-56.38266,0.903932,2.602404,108.398232,126.353828,0.301251,0,0,0,0,11,1.3.6.1.4.1.19291.2.1.3.16012510615619653229926254145,1.3.6.1.4.1.19291.2.1.2.16012510615619653229926074128,1.3.6.1.4.1.19291.2.1.1.16012510615619653229902382229,11,134.491989,-69.511528,1.750782,244.824121,261.067168,134.299118,-67.353134,1.982166,249.248193,260.47729,134.136871,-65.484871,2.077238,253.082407,260.182353,133.884903,-62.540627,2.144166,259.128641,259.887414,133.631744,-59.389156,1.845922,265.617303,260.329822,133.334122,-55.665722,1.460776,273.285135,260.9197,133.126923,-52.949734,0.958354,278.888391,261.803939,132.883804,-49.802525,0.444078,285.378198,262.689332,132.730469,-47.732147,-0.041765,289.65423,263.574147,132.587875,-45.597477,-0.889045,294.078882,265.196311,132.508499,-44.182308,-1.789464,297.027689,266.965943,,,,,,,,,,,,,,,,,,,,,,,,,,,,,,,,,,,,,,,,,,,,,,,,,,,,,,,,,,,,,,,,,,,,,,,,,,,
20,0,275.422028,120.189751,5.225641,1557.241089,93643.49219,340.003296,LTCS,131.881729,-55.720718,0.347981,3.361915,137.746185,340.460541,0.811721,0,0,0,0,11,1.3.6.1.4.1.19291.2.1.3.16012510615619653229926334149,1.3.6.1.4.1.19291.2.1.2.16012510615619653229926074128,1.3.6.1.4.1.19291.2.1.1.16012510615619653229902382229,13,133.202957,-72.008476,1.602012,239.957056,261.362107,133.000015,-69.845276,2.04913,244.381143,260.329822,132.833145,-67.938751,2.175245,248.292535,259.969212,132.596542,-65.263359,2.406886,253.778848,259.351109,132.339218,-62.114754,2.207094,260.257135,259.591899,132.060837,-58.583466,1.755009,267.533243,260.329245,131.82634,-55.578396,1.316412,273.727533,261.067168,131.533264,-51.842598,0.80615,281.426477,261.912812,131.30162,-48.784275,0.203414,287.737695,262.984269,131.098495,-46.001083,-0.516908,293.489008,264.311494,130.953308,-43.796566,-1.437962,298.060556,266.081128,130.862213,-41.893368,-2.998719,302.04223,269.177983,130.854462,-40.719002,-5.04409,304.548624,273.307126,,,,,,,,,,,,,,,,,,,,,,,,,,,,,,,,,,,,,,,,,,,,,,,,,,,,,,,,,,,,,,,,,
24,0,264.374237,120.189751,5.225641,1604.271851,102312.8281,339.291565,LTCS,130.368591,-55.565445,0.194872,3.568434,146.034119,388.850311,0.927091,0,0,0,0,11,1.3.6.1.4.1.19291.2.1.3.16012510615619653229926384153,1.3.6.1.4.1.19291.2.1.2.16012510615619653229926074128,1.3.6.1.4.1.19291.2.1.1.16012510615619653229902382229,15,131.76622,-72.850189,1.625846,238.482935,261.214639,131.580521,-70.971008,2.224285,242.316568,259.887414,131.404861,-69.096344,2.606997,246.150766,259.002597,131.21344,-66.800888,2.54699,250.869791,259.002597,130.995453,-64.148369,2.4057,256.32615,259.150067,130.758316,-61.102753,1.949739,262.604547,259.921401,130.53009,-58.107414,1.389402,268.784433,260.909329,130.295349,-55.135319,1.018836,274.907861,261.509576,130.051559,-52.057476,0.650568,281.248468,262.099454,129.840271,-49.408157,0.36545,286.704843,262.541861,129.648666,-46.841942,-0.202206,292.003366,263.567811,129.46994,-44.272175,-1.063958,297.322626,265.196311,129.361603,-42.084976,-2.776035,301.894754,268.588105,129.314316,-40.822868,-4.104173,304.548624,271.242555,129.298355,-39.781796,-5.71434,306.76124,274.486878,,,,,,,,,,,,,,,,,,,,,,,,,,,,,,,,,,,,,,,,,,,,,,,,,,,,,,,
28,0,250.335342,120.189751,10.451283,1719.235962,110898.5547,337.925598,LTCS,128.797852,-54.571796,-0.254948,3.649241,148.770584,407.253296,0.970967,0,0,0,0,11,1.3.6.1.4.1.19291.2.1.3.16012510615619653229926424157,1.3.6.1.4.1.19291.2.1.2.16012510615619653229926074128,1.3.6.1.4.1.19291.2.1.1.16012510615619653229902382229,13,130.241699,-72.755142,1.841036,238.924768,260.624761,130.026047,-70.516739,2.430084,243.496896,259.297536,129.812592,-68.073006,2.58206,248.510858,258.855128,129.554184,-64.781288,2.136253,255.294443,259.592475,129.2453,-60.845581,1.601647,263.405252,260.47729,128.951721,-57.05492,0.998884,271.221139,261.509576,128.618896,-52.832275,0.456792,279.921823,262.394393,128.39566,-50.039482,0.167924,285.673135,262.8368,128.155197,-46.962955,-0.272274,292.014307,263.574147,127.948372,-44.066074,-1.124574,298.005258,265.16578,127.835884,-41.782448,-2.926025,302.779581,268.735574,127.786354,-40.299713,-4.620819,305.903497,272.129674,127.800209,-39.423805,-6.585308,307.792955,276.10904,,,,,,,,,,,,,,,,,,,,,,,,,,,,,,,,,,,,,,,,,,,,,,,,,,,,,,,,,,,,,,,,,
32,0,224.065552,114.964111,0,1834.200073,108447.7266,299.102295,LTCS,127.478729,-56.916489,-0.019115,3.982506,162.404633,448.831909,1.070099,0,0,0,0,11,1.3.6.1.4.1.19291.2.1.3.16012510615619653229926464161,1.3.6.1.4.1.19291.2.1.2.16012510615619653229926074128,1.3.6.1.4.1.19291.2.1.1.16012510615619653229902382229,14,128.965714,-75.716248,2.277767,233.077264,259.744553,128.77623,-73.445389,2.220666,237.745599,259.739943,128.570663,-71.212067,2.593987,242.317148,258.855128,128.372528,-68.913406,2.677808,247.036157,258.560189,128.182556,-66.480881,2.326409,252.050119,259.150067,127.928078,-63.080189,1.586833,259.071039,260.483628,127.594429,-58.806019,0.965817,267.881189,261.527434,127.238655,-54.389996,0.571277,276.972436,262.099454,126.956314,-50.811337,0.117968,284.345911,262.8368,126.719208,-47.736427,-0.394135,290.687082,263.721616,126.46315,-44.384476,-1.00623,297.602014,264.796531,126.337227,-42.142601,-2.428549,302.273218,267.591535,126.291595,-40.368992,-4.759973,306.023904,272.274838,126.305855,-39.342884,-7.017313,308.235361,276.846387,,,,,,,,,,,,,,,,,,,,,,,,,,,,,,,,,,,,,,,,,,,,,,,,,,,,,,,,,,,,
36,0,231.472137,120.189751,10.451283,1761.041138,112032.5156,312.704987,LTCS,126.049294,-57.830517,-0.021771,4.20829,171.579849,472.170837,1.125743,0,0,0,0,11,1.3.6.1.4.1.19291.2.1.3.16012510615619653229926514165,1.3.6.1.4.1.19291.2.1.2.16012510615619653229926074128,1.3.6.1.4.1.19291.2.1.1.16012510615619653229902382229,16,127.619255,-77.796204,2.624027,229.044321,259.002597,127.463722,-75.931137,2.575271,232.878534,259.002597,127.320854,-74.140732,2.384555,236.565836,259.297536,127.14595,-72.198097,2.621862,240.54635,258.707084,126.899948,-69.325294,2.69039,246.445703,258.412721,126.613449,-65.560081,1.977556,254.214349,259.671969,126.382439,-62.442863,1.249336,260.652307,260.997466,126.151535,-59.46265,0.777663,266.797052,261.804515,125.862511,-55.881077,0.468174,274.169946,262.246922,125.582077,-52.441093,0.234336,281.248468,262.541861,125.341591,-49.364285,-0.205854,287.590234,263.279208,125.089027,-46.018318,-0.884678,294.49595,264.491221,124.908073,-43.509384,-1.582107,299.682718,265.786187,124.804321,-41.53154,-3.000903,303.811288,268.588105,124.787178,-40.283264,-4.976258,306.466302,272.569779,124.816757,-39.402214,-7.301755,308.382829,277.288796,,,,,,,,,,,,,,,,,,,,,,,,,,,,,,,,,,,,,,,,,,,,,,,,,,
40,0,251.66214,114.964111,0,1761.041138,155023.875,338.283234,LTCS,124.571228,-58.108814,-0.139023,4.460952,180.529785,576.638794,1.374814,0,0,0,0,11,1.3.6.1.4.1.19291.2.1.3.16012510615619653229926554169,1.3.6.1.4.1.19291.2.1.2.16012510615619653229926074128,1.3.6.1.4.1.19291.2.1.1.16012510615619653229902382229,17,126.24234,-79.355247,2.666598,226.095514,258.855128,126.085381,-77.627533,2.909241,229.634195,258.26525,125.896904,-75.337791,2.794022,234.344003,258.378734,125.695625,-72.962021,2.802464,239.224893,258.234143,125.44902,-70.044815,2.800399,245.218713,258.082066,125.218674,-67.157417,2.491637,251.165308,258.560189,125.01635,-64.332909,1.675504,257.005899,260.081544,124.788109,-61.160515,0.781144,263.564828,261.744605,124.490311,-57.442379,0.409627,271.221139,262.306832,124.241806,-54.362286,0.142477,277.561746,262.689332,124.024521,-51.640957,-0.144523,283.166147,263.13174,123.768738,-48.419357,-0.516549,289.80227,263.721616,123.542633,-45.43713,-1.099295,295.956232,264.756205,123.339302,-42.497513,-2.110397,302.04223,266.671002,123.272873,-40.812733,-3.809355,305.581491,270.062798,123.286407,-39.855152,-5.921008,307.645486,274.33941,123.351837,-39.403946,-8.235282,308.678346,279.058431,,,,,,,,,,,,,,,,,,,,,,,,,,,,,,,,,,,,,,,,,,,,,
44,0,247.197571,120.189751,0,1792.394897,141149.8125,332.987701,LTCS,123.10614,-58.657749,-0.034947,4.448471,180.297287,541.330627,1.290633,0,0,0,0,11,1.3.6.1.4.1.19291.2.1.3.16012510615619653229926594173,1.3.6.1.4.1.19291.2.1.2.16012510615619653229926074128,1.3.6.1.4.1.19291.2.1.1.16012510615619653229902382229,17,124.744514,-79.394821,2.53989,226.276392,258.97322,124.591454,-77.82206,2.988104,229.487314,257.970313,124.415367,-75.671951,2.859948,233.910806,258.117782,124.205963,-73.161011,2.794307,239.072809,258.117782,123.984627,-70.506882,2.724924,244.529184,258.117782,123.791298,-68.072754,2.445431,249.543146,258.560189,123.549683,-64.78933,1.640069,256.32615,260.034882,123.338524,-61.820148,0.747924,262.467447,261.704282,123.098976,-58.819389,0.430569,268.647333,262.193927,122.835709,-55.494144,0.029984,275.497751,262.8368,122.570587,-52.199219,-0.272011,282.281335,263.279208,122.33876,-49.264847,-0.636528,288.327005,263.869086,122.104279,-46.260052,-1.07485,294.520715,264.606433,121.90377,-43.546722,-1.721398,300.125131,265.786187,121.756691,-41.203815,-2.861929,304.991037,267.998227,121.753601,-39.849243,-5.352159,307.888002,273.029466,121.820587,-39.305416,-7.876272,309.12076,278.173612,,,,,,,,,,,,,,,,,,,,,,,,,,,,,,,,,,,,,,,,,,,,,
48,0,248.213715,120.189751,0,1672.2052,151658.5781,330.497803,LTCS,121.509987,-57.385838,-0.44283,4.477609,180.648178,573.143311,1.36648,0,0,0,0,11,1.3.6.1.4.1.19291.2.1.3.16012510615619653229926644177,1.3.6.1.4.1.19291.2.1.2.16012510615619653229926074128,1.3.6.1.4.1.19291.2.1.1.16012510615619653229902382229,18,123.229454,-79.250999,2.451658,226.832285,259.002597,123.035843,-77.16114,2.828744,231.108896,258.117782,122.85228,-75.075798,2.990075,235.386087,257.675374,122.659271,-72.663361,2.744324,240.353952,258.049807,122.485497,-70.561974,2.656498,244.6755,258.117206,122.277565,-67.913971,2.299184,250.13244,258.70766,122.064407,-65.065453,1.679746,256.013361,259.824624,121.862732,-62.206005,0.783158,261.929407,261.509,121.589722,-58.700417,0.259528,269.155984,262.394393,121.304008,-55.119881,-0.121896,276.530023,262.984269,121.050873,-51.968708,-0.420118,283.018106,263.426679,120.768517,-48.389767,-0.873449,290.392145,264.164025,120.54863,-45.598576,-1.234224,296.143457,264.753901,120.374718,-43.242867,-1.799474,301.009363,265.786187,120.251526,-41.186329,-2.93252,305.286554,267.998227,120.226967,-40.003666,-4.618337,307.793535,271.390023,120.259605,-39.468208,-6.359198,308.973283,274.929288,120.338196,-39.367954,-8.304527,309.268228,278.910958,,,,,,,,,,,,,,,,,,,,,,,,,,,,,,,,,,,,,,,,
52,0,230.247223,120.189751,10.451283,1724.46167,158410.0938,307.886414,LTCS,120.052299,-57.979027,-0.420357,4.481465,180.123688,625.842102,1.492124,0,0,0,0,11,1.3.6.1.4.1.19291.2.1.3.16012510615619653229926684181,1.3.6.1.4.1.19291.2.1.2.16012510615619653229926074128,1.3.6.1.4.1.19291.2.1.1.16012510615619653229902382229,18,121.749214,-79.107666,1.586301,227.422739,260.624761,121.568024,-77.436996,2.477999,230.814539,258.70766,121.419647,-75.850868,2.796306,234.058862,257.970313,121.198303,-73.196747,2.726923,239.515222,257.970313,121.012886,-70.973305,2.668798,244.086191,257.970313,120.802307,-68.255165,2.23797,249.690607,258.70766,120.571907,-65.183441,1.582053,256.031793,259.887414,120.3535,-62.255474,0.929895,262.077463,261.067168,120.119362,-59.184395,0.3586,268.413461,262.073531,119.896477,-56.389076,0.057009,274.170526,262.541861,119.66465,-53.454708,-0.307509,280.21618,263.13174,119.426796,-50.448044,-0.673916,286.410471,263.721616,119.177017,-47.298458,-1.04406,292.898553,264.311494,118.951851,-44.366722,-1.55242,298.945367,265.196311,118.774139,-41.733688,-2.556625,304.401163,267.113412,118.708427,-39.980362,-4.401272,308.087892,270.800145,118.726456,-39.231022,-6.219672,309.710634,274.486878,118.820396,-39.276382,-8.232875,309.709482,278.615445,,,,,,,,,,,,,,,,,,,,,,,,,,,,,,,,,,,,,,,,
56,0,229.485626,120.189751,10.451283,1855.102661,140904.1719,307.5401,LTCS,118.584396,-58.44445,-0.411125,4.47018,180.851715,608.039429,1.449679,0,0,0,0,11,1.3.6.1.4.1.19291.2.1.3.16012510615619653229926724185,1.3.6.1.4.1.19291.2.1.2.16012510615619653229926074128,1.3.6.1.4.1.19291.2.1.1.16012510615619653229902382229,16,120.340057,-79.893929,0.889143,226.095514,261.951985,120.177536,-78.369934,1.640779,229.192377,260.329822,119.993721,-76.629135,2.45871,232.731638,258.560189,119.738907,-73.79142,2.790383,238.546884,257.72837,119.511093,-70.957703,2.526309,244.381143,258.117782,119.20816,-67.093437,1.99357,252.345056,259.002597,118.906723,-63.092674,1.169456,260.602762,260.47729,118.637054,-59.588665,0.574187,267.82934,261.509576,118.388428,-56.333363,-0.021326,274.544962,262.555688,118.109001,-52.793228,-0.466883,281.838922,263.279208,117.804634,-49.066311,-0.708222,289.507333,263.574147,117.526375,-45.420727,-1.37914,297.028268,264.753901,117.329239,-42.709263,-2.097587,302.632104,266.081128,117.219482,-40.659405,-3.518281,306.908716,268.883042,117.194954,-39.477024,-5.204091,309.415117,272.274838,117.264931,-39.234898,-7.225091,310.004999,276.403981,,,,,,,,,,,,,,,,,,,,,,,,,,,,,,,,,,,,,,,,,,,,,,,,,,
60,0,230.546036,120.189751,5.225641,1734.912842,187203.375,316.381042,LTCS,117.230057,-60.209988,-0.482796,4.781866,192.712021,756.23291,1.803,0,0,0,0,11,1.3.6.1.4.1.19291.2.1.3.16012510615619653229926774189,1.3.6.1.4.1.19291.2.1.2.16012510615619653229926074128,1.3.6.1.4.1.19291.2.1.1.16012510615619653229902382229,17,119.130493,-82.841805,-0.183212,220.344202,264.164025,118.923492,-80.745819,0.481523,224.620248,262.689332,118.729141,-78.724213,1.00429,228.749963,261.509576,118.542717,-76.913559,1.748433,232.436121,259.887414,118.305763,-74.458359,2.403777,237.450647,258.412721,118.015266,-71.013565,2.385672,244.529184,258.26525,117.749443,-67.787453,2.229388,251.164728,258.412721,117.495117,-64.428802,1.56597,258.095789,259.592475,117.137169,-59.711739,0.651182,267.82934,261.214639,116.876854,-56.281357,-0.014111,274.907861,262.394393,116.611763,-52.986713,-0.316098,281.690881,262.8368,116.328697,-49.476597,-0.623719,288.916879,263.279208,116.065033,-46.044613,-1.217105,295.995401,264.311494,115.830101,-42.764088,-2.166288,302.779001,266.081128,115.69902,-40.49715,-3.520693,307.49859,268.735574,115.689812,-39.459843,-5.274673,309.710054,272.274838,115.781067,-39.434235,-7.361962,309.858102,276.55145,,,,,,,,,,,,,,,,,,,,,,,,,,,,,,,,,,,,,,,,,,,,,
64,0,212.014206,125.41539,0,1656.52832,193144.9375,271.487427,LTCS,115.692215,-59.759117,-0.642323,4.945574,197.279587,886.566956,2.11374,0,0,0,0,11,1.3.6.1.4.1.19291.2.1.3.16012510615619653229926814193,1.3.6.1.4.1.19291.2.1.2.16012510615619653229926074128,1.3.6.1.4.1.19291.2.1.1.16012510615619653229902382229,20,117.655258,-83.183266,-0.244419,219.901804,264.164025,117.510963,-81.530205,-0.143721,223.293588,263.869086,117.268044,-79.00354,0.509755,228.455026,262.394393,117.03302,-76.687286,1.384576,233.174036,260.47729,116.81929,-74.587822,2.193116,237.450647,258.70766,116.620461,-72.358246,2.422922,242.021051,258.117206,116.48172,-70.598602,2.198168,245.646722,258.483575,116.228958,-67.624908,2.226953,251.755182,258.26525,115.973183,-64.403328,1.854927,258.391306,258.855128,115.69519,-60.836964,1.327728,265.742883,259.744553,115.469475,-57.703445,0.450406,272.221155,261.37478,115.29657,-55.401756,-0.03529,276.972436,262.246922,115.0494,-52.322033,-0.331659,283.313623,262.689332,114.798882,-49.240707,-0.556122,289.65481,262.984269,114.585701,-46.452728,-1.060709,295.406107,263.869086,114.385956,-43.671417,-1.852946,301.156839,265.343778,114.220886,-41.112747,-2.999118,306.466302,267.555821,114.181763,-39.716763,-4.762475,309.415117,271.095082,114.239777,-39.331181,-6.78721,310.299936,275.224225,114.329887,-39.415337,-8.641446,310.211801,279.02905,,,,,,,,,,,,,,,,,,,,,,,,,,,,,,
68,0,212.071075,130.641037,0,1661.753906,192136.3906,262.448853,LTCS,114.060982,-58.273655,-0.669752,4.751059,188.028152,884.29364,2.10832,0,0,0,0,11,1.3.6.1.4.1.19291.2.1.3.16012510615619653229926864197,1.3.6.1.4.1.19291.2.1.2.16012510615619653229926074128,1.3.6.1.4.1.19291.2.1.1.16012510615619653229902382229,20,115.992699,-81.162628,-0.583235,224.325311,264.606433,115.800247,-79.279686,0.159017,228.160089,262.984269,115.565941,-76.89489,0.88815,233.026575,261.362107,115.389557,-75.08876,1.416566,236.713312,260.182353,115.21508,-73.421303,2.164451,240.105096,258.560189,115.005806,-70.959396,2.188628,245.162256,258.378734,114.784836,-68.46096,2.405211,250.285669,257.800952,114.54818,-65.733337,2.53909,255.883752,257.380435,114.317223,-62.668613,1.908923,262.209375,258.50777,114.108658,-59.806419,1.160954,268.124277,259.887414,113.809235,-55.914764,0.497942,276.150415,261.037789,113.568047,-52.841667,0.080602,282.48353,261.728476,113.357361,-50.218189,-0.168983,287.885171,262.099454,113.121452,-47.112091,-0.766774,294.294321,263.158238,112.944443,-44.648884,-1.465807,299.387201,264.458964,112.762596,-42.082211,-2.252432,304.69668,265.933656,112.68203,-40.45956,-3.518046,308.088472,268.440637,112.674713,-39.560909,-5.052542,310.004999,271.537492,112.727203,-39.379311,-6.568278,310.447404,274.634347,112.844315,-39.779591,-8.428589,309.710054,278.468553,,,,,,,,,,,,,,,,,,,,,,,,,,,,,,
72,0,232.645325,141.092316,5.225641,1938.712891,204029.9531,282.232452,LTCS,112.637665,-59.448647,-0.316163,4.698088,187.388382,837.182678,1.995999,0,0,0,0,11,1.3.6.1.4.1.19291.2.1.3.16012510615619653229926904201,1.3.6.1.4.1.19291.2.1.2.16012510615619653229926074128,1.3.6.1.4.1.19291.2.1.1.16012510615619653229902382229,20,114.505516,-81.360901,-0.647903,224.177255,264.605857,114.391113,-80.066231,-0.538119,226.832285,264.311494,114.230751,-78.336357,-0.223585,230.372125,263.574147,113.959129,-75.658508,0.785695,235.82792,261.362107,113.756638,-73.771042,1.743689,239.662118,259.297536,113.525894,-71.26149,2.157587,244.799356,258.314792,113.411217,-70.008392,2.352213,247.365091,257.848765,113.173897,-67.362518,2.655443,252.787469,257.085496,112.921921,-64.418266,2.722386,258.833704,256.790557,112.669075,-61.243824,2.373794,265.371896,257.334927,112.434692,-57.970554,1.4262,272.140512,259.101678,112.234077,-55.204708,0.682716,277.857248,260.47729,111.991554,-52.151947,0.333373,284.145441,261.029725,111.758446,-49.260014,0.077604,290.098932,261.398974,111.562119,-46.539795,-0.675363,295.72236,262.796477,111.378723,-43.982605,-1.409461,301.009943,264.164025,111.217247,-41.548347,-2.400891,306.056741,266.065572,111.159233,-39.883175,-4.250812,309.562585,269.767861,111.191872,-39.347717,-5.991673,310.742342,273.307126,111.280251,-39.596523,-7.496172,310.299936,276.403981,,,,,,,,,,,,,,,,,,,,,,,,,,,,,,
76,0,222.964325,130.641037,5.225641,1975.292358,215160.5781,266.975922,LTCS,111.043556,-58.475479,-0.205139,4.724221,186.346512,942.4729,2.24703,0,0,0,0,11,1.3.6.1.4.1.19291.2.1.3.16012510615619653229926944205,1.3.6.1.4.1.19291.2.1.2.16012510615619653229926074128,1.3.6.1.4.1.19291.2.1.1.16012510615619653229902382229,20,112.943871,-80.627426,-0.809442,225.948038,264.753901,112.781624,-78.759163,-0.71437,229.782251,264.458964,112.623909,-77.099701,-0.326047,233.174036,263.574147,112.418816,-75.14238,0.558173,237.155145,261.657046,112.230194,-73.537048,1.739402,240.399469,259.150067,112.017464,-71.226059,2.125881,245.129999,258.234143,111.813049,-68.99839,2.484177,249.690607,257.380435,111.569435,-66.540543,3.283349,254.703989,255.610803,111.332047,-63.809883,3.427824,260.307825,255.168395,111.118118,-61.090153,3.068918,265.912241,255.758271,110.907875,-58.208855,2.322416,271.866312,257.133885,110.729126,-55.807777,1.779595,276.824396,258.117782,110.476242,-52.524075,1.225493,283.59646,259.077485,110.306122,-50.233406,0.698483,288.327005,260.034882,110.117577,-47.663532,0.055686,293.636468,261.214639,109.917831,-44.882221,-0.73655,299.387201,262.689332,109.758018,-42.463825,-1.735158,304.401743,264.606433,109.662857,-40.627567,-3.078305,308.235941,267.26088,109.667068,-39.596924,-5.119622,310.446825,271.389447,109.722168,-39.485191,-6.561881,310.742342,274.33941,,,,,,,,,,,,,,,,,,,,,,,,,,,,,,
80,0,249.172852,141.092316,10.451283,1870.779541,248176.1563,300.33075,LTCS,109.49395,-58.19717,0.224262,4.693598,183.191299,998.270813,2.380063,0,0,0,0,11,1.3.6.1.4.1.19291.2.1.3.16012510615619653229926984209,1.3.6.1.4.1.19291.2.1.2.16012510615619653229926074128,1.3.6.1.4.1.19291.2.1.1.16012510615619653229902382229,19,111.354248,-79.674492,-0.760575,228.160089,264.458964,111.210678,-77.952896,-0.805581,231.69935,264.458964,110.995049,-75.714775,-0.216525,236.270898,263.13174,110.769806,-73.747574,1.099141,240.252573,260.329822,110.53743,-71.501732,2.047766,244.823541,258.26525,110.273987,-68.65155,2.548605,250.656656,257.086072,110.01886,-66.208664,3.633162,255.626245,254.732324,109.792793,-63.960445,4.436414,260.208749,252.965571,109.558365,-61.014877,4.108702,266.27572,253.479409,109.344978,-58.052444,3.279137,272.400308,255.020924,109.142296,-55.119049,2.265376,278.473627,256.941483,108.887512,-51.910316,1.895383,285.083246,257.527903,108.713577,-49.554325,1.330125,289.949747,258.560189,108.496597,-46.489002,0.386553,296.290918,260.329822,108.370926,-44.441246,-0.674583,300.546793,262.394969,108.211731,-41.875957,-1.964556,305.876428,264.901372,108.164696,-40.269306,-3.94928,309.268228,268.883042,108.218216,-39.675461,-6.267001,310.594301,273.601487,108.323357,-39.931992,-8.131337,310.152467,277.436265,,,,,,,,,,,,,,,,,,,,,,,,,,,,,,,,,,,
84,0,218.488617,141.092316,5.225641,1865.553955,285346.125,252.780243,LTCS,108.002373,-58.002224,-0.485265,5.136534,192.157806,1275.768677,3.04167,0,0,0,0,11,1.3.6.1.4.1.19291.2.1.3.16012510615619653229927034213,1.3.6.1.4.1.19291.2.1.2.16012510615619653229926074128,1.3.6.1.4.1.19291.2.1.1.16012510615619653229902382229,20,109.892906,-80.298378,-0.598539,227.127222,264.016555,109.750061,-78.508247,-0.789248,230.813959,264.311494,109.586617,-76.43251,-1.059371,235.09115,264.753901,109.427727,-74.565849,-1.036221,238.925348,264.606433,109.174026,-72.102921,-0.021307,243.93931,262.394393,108.923615,-69.806763,1.235163,248.599573,259.696164,108.664909,-67.611046,2.866672,253.036325,256.234668,108.385559,-65.167908,4.492002,257.981729,252.772593,108.119278,-62.485886,5.37414,263.451913,250.820929,107.867531,-59.385139,5.140176,269.833429,251.134301,107.666061,-56.298977,3.810737,276.235086,253.693702,107.419159,-52.874981,2.857795,283.313623,255.463334,107.184258,-49.594753,1.908613,290.096628,257.232964,106.998894,-46.844772,0.854403,295.794946,259.246268,106.812988,-43.907028,-0.542554,301.894754,261.951985,106.710663,-41.791828,-2.252749,306.318842,265.343778,106.697647,-40.477192,-4.445684,309.12018,269.767861,106.773155,-40.031063,-6.975685,310.152467,274.929288,106.935783,-40.59108,-9.55105,309.119608,280.237607,107.056664,-41.268116,-10.972674,307.793535,283.18757,,,,,,,,,,,,,,,,,,,,,,,,,,,,,,
88,0,239.037445,146.317963,5.225641,1761.041138,297840.6563,283.028748,LTCS,106.415131,-57.70882,0.756643,5.083897,191.344666,1207.278442,2.878376,0,0,0,0,11,1.3.6.1.4.1.19291.2.1.3.16012510615619653229927074217,1.3.6.1.4.1.19291.2.1.2.16012510615619653229926074128,1.3.6.1.4.1.19291.2.1.1.16012510615619653229902382229,21,108.344162,-80.260376,0.265706,227.422159,262.099454,108.197487,-78.192635,-0.363964,231.69935,263.279208,107.970169,-75.466782,-0.435223,237.303186,263.279208,107.696915,-72.52475,0.111265,243.322931,262.001525,107.445114,-69.981743,0.932392,248.510278,260.182353,107.223228,-68.016144,2.176151,252.491952,257.527903,107.001793,-66.326279,3.930779,255.883752,253.84117,106.799751,-64.714546,5.399649,259.128076,250.744313,106.571182,-62.416447,6.164491,263.814828,249.053601,106.336784,-59.614025,6.106694,269.575357,249.021918,106.152931,-57.035629,5.342813,274.907861,250.449376,106.001534,-54.758995,4.424079,279.627466,252.210366,105.861809,-52.695114,3.646392,283.903497,253.693702,105.698593,-50.60899,3.351548,288.203149,254.186225,105.509468,-47.613461,1.917389,294.423364,256.9651,105.365211,-45.157017,0.499289,299.535242,259.739943,105.260262,-42.971687,-1.284703,304.106805,263.279208,105.213249,-41.365318,-3.269419,307.498018,267.26088,105.232033,-40.547989,-5.233211,309.267076,271.241979,105.34343,-40.531994,-7.752251,309.415117,276.403981,105.49263,-41.085331,-10.040251,308.382829,281.122998,,,,,,,,,,,,,,,,,,,,,,,,,
92,0,237.755508,151.543594,0,1578.143677,277936.1875,267.012482,LTCS,104.820328,-56.89431,1.182866,4.737708,176.493607,1139.951782,2.717857,0,0,0,0,11,1.3.6.1.4.1.19291.2.1.3.16012510615619653229927114221,1.3.6.1.4.1.19291.2.1.2.16012510615619653229926074128,1.3.6.1.4.1.19291.2.1.1.16012510615619653229902382229,21,106.507797,-76.503181,0.529072,235.386087,261.214639,106.347733,-74.429321,0.18705,239.662698,261.804515,106.120522,-71.933029,0.547035,244.775156,260.932948,105.910988,-69.790627,1.180761,249.147974,259.519317,105.718124,-67.942741,1.99841,252.907281,257.7445,105.534279,-66.686775,3.732911,255.408502,254.122283,105.371651,-65.698425,5.49914,257.358438,250.449376,105.177361,-63.584835,5.846653,261.685159,249.623893,105.007561,-61.958881,6.56836,264.992853,248.057607,104.833687,-60.067314,6.879233,268.865076,247.319108,104.634827,-57.287777,6.070746,274.612924,248.827212,104.473877,-54.662724,4.706979,280.068719,251.481662,104.347672,-52.668247,3.758524,284.209955,253.31869,104.178848,-50.439804,3.319993,288.808588,254.09809,104.042793,-48.257683,2.23706,293.341531,256.200681,103.880676,-45.425705,0.50841,299.23916,259.591899,103.762672,-42.927433,-1.575218,304.467401,263.72853,103.727135,-41.599087,-3.290991,307.275079,267.173898,103.76683,-40.893723,-5.510449,308.825815,271.68496,103.89167,-40.88467,-8.316833,308.972711,277.436265,103.99012,-41.13855,-10.036761,308.529726,280.974954,,,,,,,,,,,,,,,,,,,,,,,,,
96,0,267.946838,177.671799,0,1693.107788,337613,259.182343,LTCS,103.821938,-63.256802,1.843657,6.047736,234.968353,1253.018555,2.987429,0,0,0,0,11,1.3.6.1.4.1.19291.2.1.3.16012510615619653229927164225,1.3.6.1.4.1.19291.2.1.2.16012510615619653229926074128,1.3.6.1.4.1.19291.2.1.1.16012510615619653229902382229,25,106.153755,-91.293129,2.716335,205.154871,257.380435,105.936218,-88.916336,3.085921,210.021356,256.495618,105.656235,-85.752083,3.362957,216.510004,255.758271,105.453575,-83.244621,3.153497,221.671426,256.05321,105.283478,-81.166512,3.027506,225.946893,256.200105,105.084404,-78.315842,2.089277,231.846811,257.970313,104.922493,-75.674194,0.715799,237.337167,260.643769,104.731529,-73.586128,1.037274,241.612634,259.873012,104.422653,-70.435539,1.985581,248.04252,257.760629,104.160164,-67.687515,2.65827,253.657877,256.234668,103.955643,-66.263748,4.537634,256.497247,252.306567,103.782326,-64.858376,5.754719,259.329111,249.736798,103.64415,-63.262573,5.826836,262.604547,249.503497,103.481178,-61.639889,6.402193,265.912241,248.237335,103.288437,-59.392509,6.462331,270.526987,247.993665,103.072037,-56.347633,5.544316,276.824976,249.712029,102.913719,-53.792725,4.254338,282.133295,252.219008,102.80249,-51.879662,3.125044,286.115533,254.431048,102.637169,-49.665543,2.635451,290.687082,255.315864,102.450813,-46.89035,1.555566,296.438394,257.380435,102.381905,-44.961143,-0.549726,300.498407,261.591952,102.274178,-42.879971,-2.074947,304.844141,264.606433,102.274551,-41.360233,-4.954534,308.09826,270.426862,102.36348,-41.131725,-7.373172,308.678346,275.371694,102.421967,-41.022137,-8.88704,308.972711,278.468553,,,,,
136,0,225.989975,156.769241,5.225641,1557.241089,434804.7188,231.652573,MTCS,89.00621,-66.85833,3.00106,6.407938,243.344772,1905.221802,4.542403,0,0,0,0,11,1.3.6.1.4.1.19291.2.1.3.16012510615619653229927594265,1.3.6.1.4.1.19291.2.1.2.16012510615619653229926074128,1.3.6.1.4.1.19291.2.1.1.16012510615619653229902382229,26,91.61628,-95.430511,-1.330553,199.402978,264.458964,91.378777,-93.663834,0.637919,202.942819,260.329822,91.066628,-91.31105,3.166708,207.661264,255.020924,90.786797,-88.76651,4.611185,212.823267,251.924069,90.570892,-86.872643,5.85682,216.65748,249.26962,90.248032,-83.619049,6.923005,223.293588,246.910111,90.003235,-80.954002,7.357003,228.749384,245.877826,89.800117,-78.170815,6.636674,234.500696,247.205049,89.681068,-76.374817,5.903363,238.224298,248.611769,89.487129,-74.179596,6.088817,242.726144,248.11406,89.186111,-71.175888,7.13905,248.849573,245.800634,88.909622,-68.560829,8.375667,254.165964,243.126024,88.617477,-65.82531,9.734492,259.724283,240.194495,88.326599,-62.490929,9.933443,266.566049,239.608074,88.148384,-60.02499,9.256265,271.663538,240.863868,87.978806,-57.257797,7.816826,277.41485,243.665786,87.931198,-55.444233,5.454012,281.249048,248.411302,87.94223,-54.34771,3.1358,283.60798,253.103824,88.020142,-54.005772,0.749053,284.419641,257.977225,88.005516,-52.898617,-1.016014,286.77511,261.535499,87.929085,-51.448246,-2.048624,289.80227,263.574147,87.874344,-50.251194,-3.087252,292.309244,265.638719,87.773674,-48.619209,-3.921391,295.700464,267.26088,87.700531,-46.93121,-5.476507,299.23974,270.357736,87.667068,-45.95068,-6.581439,301.30488,272.569779,87.511803,-43.741352,-7.286759,305.876428,273.897
140,0,294.547791,172.446167,0,1740.13855,516047.7188,289.439087,MTCS,87.582458,-68.038368,3.374093,6.173326,236.565216,1681.248413,4.008409,0,0,0,0,11,1.3.6.1.4.1.19291.2.1.3.16012510615619653229927644269,1.3.6.1.4.1.19291.2.1.2.16012510615619653229926074128,1.3.6.1.4.1.19291.2.1.1.16012510615619653229902382229,22,89.966263,-94.448509,0.012682,201.615594,261.509576,89.802773,-93.337585,1.566592,203.827066,258.26525,89.54734,-91.355988,3.529461,207.80874,254.136109,89.275421,-89.022118,5.195305,212.527765,250.596845,89.007187,-86.417999,6.268068,217.829172,248.258649,88.759659,-83.609856,6.492867,223.588541,247.647458,88.43998,-79.737877,6.319698,231.551874,247.794928,88.248123,-77.166962,5.748822,236.860193,248.827212,87.958778,-73.929092,6.095891,243.496896,247.942396,87.627312,-70.53363,7.086411,250.427957,245.730356,87.297493,-67.621391,8.952995,256.32615,241.748684,86.991852,-64.65152,10.170502,262.3724,239.094236,86.6717,-60.503525,9.486449,270.926202,240.273991,86.543266,-58.307007,8.205832,275.497751,242.78097,86.457741,-56.200108,6.136091,279.921243,246.910111,86.513397,-55.161991,2.931241,282.200693,253.422957,86.523735,-54.179482,0.84396,284.314798,257.648299,86.458107,-52.342781,-1.159985,288.180109,261.657046,86.358437,-50.298008,-2.796391,292.45614,264.901372,86.251282,-48.318012,-4.143295,296.585855,267.555821,86.128387,-45.91748,-5.932913,301.599817,271.095082,85.985817,-43.783092,-6.780185,306.023904,272.717248,,,,,,,,,,,,,,,,,,,,
144,0,305.705719,182.897446,5.225641,1917.810303,419733.9375,299.09436,MTCS,86.066956,-67.067268,1.732586,6.301746,250.956818,1332.990112,3.178096,0,0,0,0,11,1.3.6.1.4.1.19291.2.1.3.16012510615619653229927684273,1.3.6.1.4.1.19291.2.1.2.16012510615619653229926074128,1.3.6.1.4.1.19291.2.1.1.16012510615619653229902382229,23,88.52359,-95.219048,0.03464,200.287805,261.362107,88.390709,-94.39798,1.452232,201.909967,258.412721,88.178612,-92.781448,3.136828,205.154291,254.873456,87.932793,-90.528923,4.373087,209.725839,252.219008,87.669029,-88.061188,5.60372,214.739801,249.564559,87.414131,-85.390785,6.253438,220.196741,248.089866,87.186806,-82.664925,6.182179,225.800577,248.089866,86.985619,-80.020683,5.681334,231.256372,248.974682,86.742775,-76.529488,4.510784,238.482935,251.186723,86.541862,-73.540977,3.353375,244.67608,253.398763,86.238922,-69.676712,2.820637,252.639993,254.283578,85.889061,-65.790329,3.294664,260.603342,253.103824,85.543724,-62.112743,4.061949,268.124277,251.334191,85.276428,-59.023418,4.197048,274.465463,250.891784,85.147751,-57.171444,3.573018,278.299081,252.071538,85.06102,-54.857044,1.138088,283.165582,256.938027,84.955315,-52.739975,-0.500208,287.590234,260.182353,84.763458,-50.169067,-1.071084,292.898553,261.214639,84.548355,-47.242134,-1.795178,298.945367,262.541861,84.317955,-44.17041,-2.451095,305.286554,263.721616,84.123474,-41.529373,-3.095752,310.742342,264.901372,84.046227,-39.908035,-4.43328,314.134714,267.555821,84.062408,-39.020863,-6.470861,316.050661,271.684384,,,,,,,,,,,,,,,
148,0,266.201996,167.22052,0,1975.292358,295750.4063,288.926117,MTCS,84.414986,-64.683746,0.471677,6.250906,252.417191,1085.877197,2.588933,0,0,0,0,11,1.3.6.1.4.1.19291.2.1.3.16012510615619653229927724277,1.3.6.1.4.1.19291.2.1.2.16012510615619653229926074128,1.3.6.1.4.1.19291.2.1.1.16012510615619653229902382229,22,86.924789,-94.812508,1.320986,201.320657,258.560189,86.753387,-93.490913,2.653529,203.975107,255.758271,86.510201,-91.30851,3.963569,208.399194,252.956355,86.197876,-88.335732,5.324903,214.444864,250.006967,85.898476,-85.093063,5.887706,221.081552,248.679743,85.682663,-82.23494,5.309322,226.980325,249.712029,85.449913,-78.748825,3.923052,234.206323,252.366477,85.229118,-75.406174,2.540525,241.137384,255.020924,84.988937,-71.985382,1.443757,248.215921,257.085496,84.720016,-68.413132,0.702807,255.58938,258.412721,84.405609,-64.681694,0.677209,263.257211,258.26525,84.099075,-61.16037,0.872963,270.483209,257.675374,83.810455,-57.853973,1.074336,277.267374,257.085496,83.624557,-55.354511,0.505343,282.428812,258.117782,83.457428,-52.815041,-0.558551,287.695077,260.16219,83.248253,-50.147083,-0.925932,293.193491,260.772229,83.045113,-47.363605,-1.646276,298.945367,262.099454,82.867828,-45.00602,-2.139628,303.811853,262.984269,82.651291,-42.216423,-2.572309,309.563165,263.721616,82.532204,-40.093239,-3.922956,313.987245,266.376065,82.513206,-38.707134,-6.117477,316.93548,270.799569,82.519257,-37.814056,-7.939918,318.853731,274.486878,,,,,,,,,,,,,,,,,,,,
152,0,279.097382,161.994873,0,2017.097534,315100.9375,334.952057,MTCS,83.019539,-65.715347,-0.068307,6.356928,255.637268,1059.426758,2.52587,0,0,0,0,11,1.3.6.1.4.1.19291.2.1.3.16012510615619653229927774281,1.3.6.1.4.1.19291.2.1.2.16012510615619653229926074128,1.3.6.1.4.1.19291.2.1.1.16012510615619653229902382229,24,85.504417,-95.387054,0.474397,200.435266,260.182353,85.353592,-94.350792,1.886347,202.499841,257.232964,85.173553,-92.887039,3.143226,205.449808,254.578517,84.925858,-90.496132,4.160014,210.315713,252.366477,84.651581,-87.747871,5.095498,215.91955,250.301906,84.402939,-84.804932,5.09052,221.966379,250.154437,84.181877,-81.806541,4.364565,228.160089,251.481662,83.961395,-78.263054,2.595665,235.521448,254.917235,83.76226,-75.25898,1.368983,241.749734,257.27041,83.573807,-72.414452,0.205228,247.647348,259.503186,83.378136,-69.851669,-0.265107,252.934366,260.329822,83.178802,-67.345535,-0.546467,258.096368,260.772229,82.891655,-63.902348,-0.636478,265.17489,260.772229,82.626991,-60.883167,-0.427597,271.3686,260.182353,82.335526,-57.466965,-0.369909,278.384912,259.881078,82.091202,-54.430038,-0.649138,284.637384,260.29065,81.865379,-51.634674,-0.885229,290.39158,260.624761,81.636887,-48.701622,-1.321675,296.437814,261.362107,81.480896,-46.560818,-1.881293,300.861902,262.394393,81.320808,-44.486694,-2.223337,305.139078,262.984269,81.145447,-42.268044,-2.497181,309.710054,263.426679,81.005707,-39.871861,-3.902196,314.697519,266.177903,80.99942,-38.547512,-6.264014,317.526506,270.947614,81.020844,-37.800335,-8.154322,319.148096,274.781819,,,,,,,,,,
156,0,295.328094,151.543594,5.225641,2226.123291,243055.0313,371.521393,MTCS,81.436806,-64.609314,-0.462473,6.255876,252.247345,823.733459,1.963934,0,0,0,0,11,1.3.6.1.4.1.19291.2.1.3.16012510615619653229927814285,1.3.6.1.4.1.19291.2.1.2.16012510615619653229926074128,1.3.6.1.4.1.19291.2.1.1.16012510615619653229902382229,22,83.95858,-95.074928,0.75586,201.320093,259.445006,83.767754,-93.674919,2.374161,204.122583,256.05321,83.536552,-91.636261,3.687966,208.251154,253.251292,83.292915,-89.178139,4.487138,213.2651,251.481662,83.036133,-86.369347,4.917379,219.016412,250.449376,82.79084,-82.985672,4.004839,226.010263,252.13836,82.54332,-79.108299,2.209223,234.058862,255.610803,82.259628,-74.702454,0.223287,243.201959,259.445006,82.01609,-71.142036,-1.062341,250.575998,261.889195,81.773727,-68.064888,-1.461235,256.916605,262.541861,81.476204,-64.512611,-1.525419,264.218072,262.483104,81.187912,-61.1418,-1.453054,271.140482,262.154179,80.852951,-57.293995,-1.239137,279.036432,261.509576,80.588989,-54.205986,-1.175952,285.378198,261.214639,80.3703,-51.622276,-1.171546,290.686517,261.067168,80.176224,-49.256401,-1.305343,295.553583,261.214639,80.028847,-47.257488,-1.789317,299.682718,262.099454,79.829536,-44.751625,-2.070685,304.844141,262.541861,79.641457,-42.457764,-2.202599,309.563165,262.689332,79.501793,-40.049248,-3.632654,314.577119,265.49125,79.473877,-38.864983,-5.246564,317.0841,268.735574,79.506065,-38.053795,-7.498302,318.853731,273.307126,,,,,,,,,,,,,,,,,,,,
160,0,258.159485,146.317963,0,2001.420654,231569.0625,335.19043,MTCS,79.976196,-64.90435,-0.938209,6.334167,253.697144,885.389771,2.110934,0,0,0,0,11,1.3.6.1.4.1.19291.2.1.3.16012510615619653229927854289,1.3.6.1.4.1.19291.2.1.2.16012510615619653229926074128,1.3.6.1.4.1.19291.2.1.1.16012510615619653229902382229,22,82.486252,-95.142265,0.111871,201.467554,260.624761,82.341377,-94.177452,1.525689,203.385233,257.675374,82.100113,-92.134003,3.055228,207.513803,254.431048,81.838509,-89.460396,3.84876,212.970743,252.661416,81.603027,-86.868401,4.21272,218.279642,251.776599,81.339363,-83.436417,3.619334,225.358163,252.808885,81.073616,-79.245766,1.639016,234.058862,256.643088,80.819115,-75.267113,-0.191842,242.317148,260.182353,80.588287,-71.919945,-1.358627,249.247629,262.394393,80.311096,-68.356125,-1.898967,256.594598,263.310891,80.052048,-65.258087,-1.964499,262.962854,263.279208,79.773537,-61.957058,-1.978846,269.745859,263.13174,79.464348,-58.365314,-1.85688,277.119913,262.689332,79.187744,-55.202942,-1.651742,283.60798,262.099454,78.917068,-52.111736,-1.444744,289.949747,261.509576,78.695007,-49.526142,-1.368425,295.25863,261.214639,78.531296,-47.373856,-1.77715,299.699426,261.937007,78.290436,-44.443245,-1.932737,305.727808,262.098878,78.09549,-41.901806,-2.378899,310.969881,262.877124,77.958435,-39.187809,-4.444551,316.640543,266.965367,77.970497,-38.367004,-6.26482,318.410173,270.6521,78.039719,-38.192863,-8.140415,318.853731,274.486878,,,,,,,,,,,,,,,,,,,,
164,0,250.02597,135.866669,0,2069.354004,237024.625,353.740173,MTCS,78.518761,-65.284935,-1.323054,6.365659,253.604843,906.475159,2.161205,0,0,0,0,11,1.3.6.1.4.1.19291.2.1.3.16012510615619653229927904293,1.3.6.1.4.1.19291.2.1.2.16012510615619653229926074128,1.3.6.1.4.1.19291.2.1.1.16012510615619653229902382229,23,81.005318,-95.068016,-0.6075,201.909387,261.951409,80.8937,-94.463196,0.743512,203.090295,259.150067,80.679001,-92.77681,2.354327,206.481515,255.758271,80.41333,-90.17041,3.365475,211.790414,253.546231,80.21637,-88.078949,3.814469,216.067026,252.513946,80.007698,-85.499481,3.603133,221.376489,252.808885,79.764885,-82.008568,2.43259,228.602487,255.020924,79.518265,-78.240311,0.823085,236.418375,258.117782,79.297279,-74.71003,-0.909496,243.75094,261.479621,79.103928,-71.897331,-1.90379,249.575403,263.366769,78.86792,-68.909576,-2.275898,255.731088,263.969319,78.537117,-64.89183,-2.475927,263.995142,264.164025,78.269844,-61.802784,-2.34082,270.335748,263.721616,77.933334,-57.856316,-2.278724,278.44137,263.382897,77.584991,-53.899624,-1.971524,286.556787,262.541285,77.346848,-51.236942,-1.681643,292.014307,261.804515,77.105698,-48.229507,-1.97584,298.206873,262.246346,76.8032,-44.640705,-1.997992,305.581491,262.099454,76.563461,-41.495636,-2.583877,312.070146,263.13174,76.479538,-39.871384,-3.77757,315.461938,265.49125,76.466972,-38.832478,-5.459644,317.673402,268.883042,76.513474,-38.579147,-6.977255,318.263277,271.979901,76.55925,-38.394352,-8.349194,318.70569,274.781819,,,,,,,,,,,,,,,
168,0,259.666229,130.641037,5.225641,2022.32312,236815.6094,357.417969,MTCS,77.013535,-65.271805,-1.38418,6.270863,250.160065,829.885376,1.978601,0,0,0,0,11,1.3.6.1.4.1.19291.2.1.3.16012510615619653229927944297,1.3.6.1.4.1.19291.2.1.2.16012510615619653229926074128,1.3.6.1.4.1.19291.2.1.1.16012510615619653229902382229,22,79.454208,-94.615341,-0.473891,203.089716,261.509576,79.305283,-93.717743,1.157559,204.859354,258.117782,79.049408,-91.460411,2.609545,209.430902,255.020924,78.833748,-89.222,3.198601,214.00303,253.693702,78.632286,-86.92202,3.354327,218.721475,253.251292,78.448265,-84.560951,3.004797,223.588541,253.84117,78.197563,-80.859634,1.612901,231.256937,256.495618,77.94236,-76.949799,-0.072261,239.367181,259.739943,77.693901,-73.17852,-1.646444,247.187662,262.764218,77.482132,-70.300529,-2.352671,253.133096,264.057456,77.23011,-67.173302,-2.630315,259.571054,264.458964,76.901093,-63.227982,-2.733453,267.681863,264.458964,76.51944,-58.84454,-2.488287,276.67692,263.721616,76.233475,-55.608543,-2.213126,283.313043,262.984269,75.935516,-52.228802,-1.941707,290.244684,262.246922,75.690247,-49.28775,-2.018591,296.290918,262.246922,75.44165,-46.345383,-2.023562,302.336587,262.099454,75.228928,-43.833118,-2.017289,307.498018,261.951985,75.038475,-41.124588,-2.87957,313.102426,263.574147,74.969414,-39.369663,-4.652296,316.789163,267.113412,74.995621,-38.486732,-6.905908,318.706262,271.68496,75.074684,-38.662491,-8.340354,318.410745,274.634347,,,,,,,,,,,,,,,,,,,,
172,0,261.622711,135.866669,0,2205.220703,236768.5625,370.360535,MTCS,75.545753,-65.58075,-1.673384,6.211289,248.144836,833.574585,1.987397,0,0,0,0,11,1.3.6.1.4.1.19291.2.1.3.16012510615619653229927984301,1.3.6.1.4.1.19291.2.1.2.16012510615619653229926074128,1.3.6.1.4.1.19291.2.1.1.16012510615619653229902382229,21,77.925117,-94.310944,-0.551982,203.975107,261.509576,77.773483,-93.348282,1.017046,205.881265,258.242209,77.58902,-91.670944,1.969291,209.284006,256.200681,77.337517,-89.002693,2.54711,214.739801,254.873456,77.121437,-86.488838,2.625298,219.901224,254.578517,76.895561,-83.625916,2.262648,225.799997,255.168395,76.662064,-80.208046,1.022066,232.879098,257.527903,76.398376,-76.255424,-0.554609,241.07229,260.54757,76.209015,-73.410454,-1.698989,246.969919,262.7406,75.904152,-69.376297,-2.509638,255.295602,264.185914,75.653183,-66.295311,-2.723401,261.635629,264.458964,75.302864,-62.13319,-2.760258,270.188852,264.311494,74.975746,-58.326527,-2.643911,278.004724,263.869086,74.546211,-53.368946,-2.413755,288.180109,263.13174,74.27034,-50.138317,-2.354015,294.815073,262.836224,74.02845,-47.353306,-2.211526,300.530664,262.394969,73.721848,-43.781914,-2.108996,307.863809,261.993461,73.538132,-40.971916,-3.313452,313.692308,264.311494,73.488945,-39.571148,-4.861073,316.641115,267.408349,73.514435,-38.757019,-6.968693,318.410173,271.684384,73.604988,-38.800224,-8.910272,318.410173,275.666058,,,,,,,,,,,,,,,,,,,,,,,,,
176,0,262.845398,135.866669,5.225641,2372.441162,220527.2813,380.023651,MTCS,73.923141,-63.926689,-2.211999,6.09002,242.500381,814.392578,1.941663,0,0,0,0,11,1.3.6.1.4.1.19291.2.1.3.16012510615619653229928034305,1.3.6.1.4.1.19291.2.1.2.16012510615619653229926074128,1.3.6.1.4.1.19291.2.1.1.16012510615619653229902382229,21,76.375504,-93.722031,-0.709176,205.448648,261.65647,76.204086,-92.400154,0.623077,208.103677,258.855128,75.974297,-90.223885,1.645469,212.528329,256.643088,75.6856,-87.037437,2.075114,219.055582,255.591792,75.48394,-84.518356,1.821231,224.242929,255.977172,75.226074,-80.981514,0.90019,231.551874,257.675374,74.943405,-76.904945,-0.486335,239.991037,260.298715,74.719879,-73.68206,-1.581586,246.662881,262.370774,74.463638,-70.217018,-2.403206,253.819757,263.869086,74.162628,-66.491707,-2.716452,261.488153,264.311494,73.894386,-63.343811,-2.670853,267.95376,264.04939,73.564438,-59.318668,-2.903968,276.234521,264.311494,73.255974,-55.658417,-2.927705,283.756021,264.164025,72.931511,-51.922165,-2.737569,291.423852,263.574147,72.670197,-48.904568,-2.600595,297.617578,263.13174,72.372993,-45.456585,-2.474872,304.6961,262.689332,72.158363,-42.805664,-2.688083,310.152467,262.984269,72.029938,-40.609135,-3.968685,314.724016,265.49125,72.002747,-39.356342,-5.728298,317.378465,269.030515,72.075371,-39.18462,-7.675212,317.820299,273.011609,72.191002,-39.721413,-9.244414,316.789163,276.256513,,,,,,,,,,,,,,,,,,,,,,,,,
180,0,263.433044,125.41539,5.225641,2278.379639,204160.6094,379.975769,MTCS,72.421951,-63.933388,-2.325734,5.89211,235.739075,716.822632,1.709038,0,0,0,0,11,1.3.6.1.4.1.19291.2.1.3.16012510615619653229928074309,1.3.6.1.4.1.19291.2.1.2.16012510615619653229926074128,1.3.6.1.4.1.19291.2.1.1.16012510615619653229902382229,23,74.798561,-92.843765,-0.802552,207.513803,261.657046,74.645805,-91.668556,0.389922,209.87388,259.150067,74.434708,-89.639221,1.272244,214.00303,257.232964,74.233215,-87.338966,1.427971,218.72204,256.790557,74.027222,-84.830185,1.290438,223.882898,256.938027,73.845833,-82.539253,1.014689,228.602487,257.380435,73.606819,-79.325661,0.283101,235.238611,258.70766,73.396568,-76.263817,-0.804262,241.579217,260.772229,73.166237,-73.055992,-1.71895,248.211877,262.475039,72.925255,-69.839844,-2.411251,254.851465,263.721616,72.677681,-66.831512,-2.563808,261.039407,263.873118,72.397934,-63.449696,-2.703094,267.994089,263.977384,72.125076,-60.090267,-2.95393,274.907861,264.311494,71.823364,-56.433762,-3.121466,282.428232,264.458964,71.5149,-52.773495,-3.145204,289.949747,264.311494,71.278267,-49.974583,-3.146424,295.700464,264.164025,71.019585,-47.02713,-2.935668,301.746713,263.574147,70.80085,-44.442852,-2.931262,307.056192,263.426679,70.622833,-42.153793,-3.278911,311.775201,264.016555,70.541565,-40.599949,-4.398829,315.018953,266.228597,70.521538,-39.626087,-5.79138,317.083528,269.030515,70.602028,-39.664494,-7.51724,317.083528,272.569779,70.69902,-40.055157,-8.946067,316.346178,275.519166,,,,,,,,,,,,,,,
184,0,324.122894,130.641037,5.225641,2236.574463,203549.1719,438.234314,MTCS,71.082703,-65.985733,-2.192646,5.647098,227.575256,597.216248,1.423874,0,0,0,0,11,1.3.6.1.4.1.19291.2.1.3.16012510615619653229928114313,1.3.6.1.4.1.19291.2.1.2.16012510615619653229926074128,1.3.6.1.4.1.19291.2.1.1.16012510615619653229902382229,22,73.214928,-91.96257,-0.751824,209.578363,261.362107,73.07486,-90.862282,0.298711,211.790994,259.150067,72.891792,-89.053238,0.970932,215.477151,257.675374,72.693634,-86.754303,1.054745,220.196741,257.380435,72.50103,-84.286354,0.695109,225.283853,257.985289,72.324921,-82.10125,0.501386,229.782251,258.26525,72.16748,-80.097527,0.233146,233.911386,258.70766,72.020126,-78.098877,-0.250807,238.039957,259.592475,71.809052,-75.082115,-1.234697,244.283212,261.447362,71.571617,-71.856361,-2.024496,250.946985,262.893254,71.314194,-68.628624,-2.371385,257.594614,263.431287,71.058556,-65.448532,-2.668129,264.142023,263.869086,70.77549,-61.938416,-2.97575,271.368021,264.311494,70.501022,-58.488617,-3.361336,278.473627,264.916924,70.244507,-55.416824,-3.434044,284.788309,264.901372,69.948051,-51.900578,-3.454017,292.013742,264.753901,69.686722,-48.882713,-3.317049,298.208017,264.311494,69.41272,-45.790188,-3.038137,304.549203,263.574147,69.179871,-42.808235,-3.469668,310.69568,264.298821,69.097496,-41.284275,-4.508683,313.874338,266.346684,69.109764,-40.342495,-6.56203,315.903192,270.504632,69.221588,-40.601944,-8.570187,315.461938,274.634347,,,,,,,,,,,,,,,,,,,,
188,0,271.291168,130.641037,0,1792.394897,176339.25,364.72995,MTCS,69.544418,-65.421722,-2.555966,5.481923,220.167297,612.116455,1.459399,0,0,0,0,11,1.3.6.1.4.1.19291.2.1.3.16012510615619653229928164317,1.3.6.1.4.1.19291.2.1.2.16012510615619653229926074128,1.3.6.1.4.1.19291.2.1.1.16012510615619653229902382229,21,71.665527,-91.028564,-1.565887,211.790994,262.8368,71.488892,-89.566978,-0.380915,214.739801,260.329822,71.341675,-88.187775,0.302557,217.542291,258.855128,71.141853,-85.912254,0.467642,222.210046,258.394862,70.986099,-83.885384,0.118137,226.390451,259.002597,70.805931,-81.802208,0.207576,230.666483,258.70766,70.63916,-79.725151,0.009381,234.943094,259.002597,70.417412,-76.560692,-1.015193,241.491663,260.932948,70.167473,-73.193367,-1.792954,248.445764,262.346579,69.923737,-70.08139,-2.227035,254.859521,263.069526,69.625198,-66.292137,-2.71621,262.667337,263.869086,69.289146,-62.057446,-3.208884,271.390497,264.65194,69.021255,-58.702553,-3.562194,278.299661,265.196311,68.698242,-54.829247,-3.66345,286.26243,265.196311,68.392426,-51.239388,-3.613383,293.635904,264.901372,68.100479,-47.93166,-3.340097,300.419488,264.164025,67.896339,-45.560986,-3.258159,305.286554,263.869086,67.725708,-43.265774,-3.782474,310.026308,264.820723,67.64875,-41.680347,-5.058357,313.342065,267.350743,67.669243,-40.907173,-6.977158,315.018381,271.241979,67.788254,-41.445831,-8.618259,313.986665,274.634347,,,,,,,,,,,,,,,,,,,,,,,,,
192,0,401.601105,177.671799,10.451283,1943.938599,168270.8594,468.528259,MTCS,68.055779,-65.626488,-2.575868,5.036983,206.563904,374.420135,0.892687,0,0,0,0,11,1.3.6.1.4.1.19291.2.1.3.16012510615619653229928204321,1.3.6.1.4.1.19291.2.1.2.16012510615619653229926074128,1.3.6.1.4.1.19291.2.1.1.16012510615619653229902382229,19,70.011284,-89.493774,-1.172475,215.182779,261.804515,69.846161,-87.899918,-0.494629,218.426538,260.329822,69.651833,-85.878593,0.028161,222.555673,259.150067,69.490021,-83.965607,0.029017,226.486078,259.045802,69.347466,-82.151672,-0.213179,230.224084,259.445006,69.168007,-79.99968,-0.269435,234.648157,259.445006,68.914375,-76.57222,-1.078563,241.727258,260.9197,68.642853,-72.930107,-1.893287,249.247629,262.394393,68.360512,-69.351456,-2.346611,256.621088,263.13174,68.066917,-65.560532,-2.94938,264.43754,264.164025,67.789833,-62.122131,-3.255126,271.516077,264.606433,67.521362,-58.714222,-3.695543,278.538141,265.326497,67.270866,-55.744576,-3.709654,284.640268,265.196311,67.025574,-52.803242,-3.786546,290.687082,265.196311,66.739197,-49.606331,-3.428275,297.239099,264.290755,66.447151,-46.154888,-3.424352,304.330301,264.097779,66.281548,-43.754711,-4.259186,309.299905,265.680196,66.220161,-42.297249,-5.641329,312.357591,268.434876,66.264626,-41.902233,-7.38105,313.248743,271.979325,,,,,,,,,,,,,,,,,,,,,,,,,,,,,,,,,,,
196,0,289.190033,141.092316,5.225641,1870.779541,159632.8906,371.526001,MTCS,66.376312,-63.281563,-3.149638,4.949985,198.93927,533.149536,1.271128,0,0,0,0,11,1.3.6.1.4.1.19291.2.1.3.16012510615619653229928244325,1.3.6.1.4.1.19291.2.1.2.16012510615619653229926074128,1.3.6.1.4.1.19291.2.1.1.16012510615619653229902382229,18,68.469368,-88.495003,-2.276054,217.541711,263.869086,68.276993,-86.980171,-0.840074,220.588449,260.844811,68.061752,-84.695671,-0.347214,225.259668,259.712295,67.765785,-81.04998,-0.622687,232.762735,260.081544,67.487076,-77.461754,-1.17519,240.16041,261.021661,67.198128,-73.740311,-1.750562,247.832834,262.001525,66.970932,-70.835854,-2.16208,253.819177,262.689332,66.674004,-67.04361,-2.692935,261.635049,263.574147,66.406258,-63.678555,-3.068712,268.56611,264.164025,66.094009,-59.741238,-3.531397,276.67692,264.901372,65.838211,-56.51936,-3.90343,283.313623,265.49125,65.538399,-53.001526,-3.851496,290.539041,265.196311,65.339539,-50.771393,-3.621988,295.11059,264.606433,65.114098,-48.183918,-3.473769,300.420068,264.164025,64.9282,-45.684471,-4.042777,305.581491,265.196311,64.835388,-44.262604,-4.655563,308.530878,266.376065,64.825447,-43.293823,-6.263841,310.594873,269.620389,64.949997,-43.628761,-8.413652,310.004999,274.044473,,,,,,,,,,,,,,,,,,,,,,,,,,,,,,,,,,,,,,,,
200,0,1018.721375,945.841064,20.902565,2064.128174,76404.10156,568.026245,MTCS,64.901894,-63.831085,-2.835972,4.083066,170.503922,52.98901,0.126336,0,0,0,0,11,1.3.6.1.4.1.19291.2.1.3.16012510615619653229928294329,1.3.6.1.4.1.19291.2.1.2.16012510615619653229926074128,1.3.6.1.4.1.19291.2.1.1.16012510615619653229902382229,13,66.630577,-85.287933,-0.919022,224.325311,260.772229,66.392471,-82.625816,-0.628859,229.781671,260.034882,66.130707,-79.332497,-1.00276,236.565256,260.624761,65.813179,-75.254623,-1.613031,244.971597,261.657046,65.530846,-71.675972,-2.066339,252.345056,262.394393,65.201378,-67.454926,-2.680353,261.045755,263.426679,64.812088,-62.516544,-3.313119,271.221139,264.458964,64.503197,-58.580826,-3.847725,279.331949,265.343778,64.186867,-54.710438,-4.092815,287.295297,265.638719,63.903553,-51.544865,-3.74385,293.783365,264.753901,63.681465,-48.958992,-3.667537,299.092844,264.458964,63.510159,-46.67313,-4.159014,303.811853,265.343778,63.428135,-45.187534,-5.133237,306.908716,267.26088,,,,,,,,,,,,,,,,,,,,,,,,,,,,,,,,,,,,,,,,,,,,,,,,,,,,,,,,,,,,,,,,,
204,0,651.483032,386.697449,20.902565,2048.451416,114661.0156,584.871521,MTCS,63.296227,-62.499336,-3.144316,3.978878,164.634781,154.264481,0.367795,0,0,0,0,11,1.3.6.1.4.1.19291.2.1.3.16012510615619653229928334333,1.3.6.1.4.1.19291.2.1.2.16012510615619653229926074128,1.3.6.1.4.1.19291.2.1.1.16012510615619653229902382229,14,64.961266,-83.263542,-1.11404,228.749963,260.9197,64.700684,-80.177414,-1.122754,235.09115,260.772229,64.438194,-76.952629,-1.350967,241.727258,261.067168,64.197731,-73.876106,-1.791149,248.068445,261.804515,63.953938,-70.798264,-2.159418,254.409051,262.394393,63.666321,-67.079071,-2.760312,262.078027,263.426679,63.360058,-63.213478,-3.221137,270.041376,264.164025,63.125271,-60.184067,-3.699159,276.287515,264.981442,62.822289,-56.470978,-3.945184,283.927698,265.286752,62.543457,-53.217941,-3.861596,290.607599,264.941119,62.325874,-50.735123,-3.69124,295.701044,264.458964,62.105263,-48.01247,-3.906326,301.30488,264.753901,61.97205,-45.951694,-4.823623,305.580911,266.523534,61.974785,-45.057838,-6.57357,307.497438,270.062222,,,,,,,,,,,,,,,,,,,,,,,,,,,,,,,,,,,,,,,,,,,,,,,,,,,,,,,,,,,,
208,0,914.611694,935.389771,114.964111,1797.620605,76827.38281,470.950806,MTCS,61.768158,-62.207123,-3.222267,3.49048,145.496399,85.185493,0.203098,0,0,0,0,11,1.3.6.1.4.1.19291.2.1.3.16012510615619653229928374337,1.3.6.1.4.1.19291.2.1.2.16012510615619653229926074128,1.3.6.1.4.1.19291.2.1.1.16012510615619653229902382229,13,63.259438,-80.810616,-1.392194,234.058862,261.214639,62.974926,-77.437561,-1.408424,240.989923,261.067168,62.727757,-74.357841,-1.704793,247.331094,261.509576,62.495926,-71.423462,-2.069311,253.376764,262.099454,62.214291,-67.775993,-2.66833,260.898279,263.13174,61.941292,-64.270683,-3.19167,268.124277,264.016555,61.709438,-61.336018,-3.55621,274.170526,264.606433,61.452831,-58.190182,-3.766606,280.643625,264.869113,61.217026,-55.315521,-3.929441,286.557367,265.04884,60.988979,-52.658199,-3.855012,292.013742,264.753901,60.794899,-50.292328,-3.988808,296.880807,264.901372,60.632931,-48.079796,-4.550316,301.452356,265.933656,60.576309,-46.744354,-5.808422,304.253686,268.440637,,,,,,,,,,,,,,,,,,,,,,,,,,,,,,,,,,,,,,,,,,,,,,,,,,,,,,,,,,,,,,,,,
212,0,1355.805054,1348.215454,590.497437,2163.415527,56943.8125,489.740448,MTCS,60.469818,-64.813423,-2.956591,2.890447,121.175613,3.586318,0.00855,0,0,0,0,11,1.3.6.1.4.1.19291.2.1.3.16012510615619653229928424341,1.3.6.1.4.1.19291.2.1.2.16012510615619653229926074128,1.3.6.1.4.1.19291.2.1.1.16012510615619653229902382229,11,61.6567,-79.507309,-1.712258,237.007669,261.657046,61.422672,-76.778252,-1.639704,242.611505,261.362107,61.150848,-73.480133,-1.797871,249.39509,261.509576,60.935699,-70.670479,-2.299377,255.190759,262.386905,60.705811,-67.697212,-2.780711,261.32168,263.214114,60.489285,-64.967903,-3.09968,266.943948,263.721616,60.221516,-61.602562,-3.475464,273.875589,264.311494,59.955673,-58.376179,-3.631756,280.511697,264.458964,59.756386,-55.870598,-3.913116,285.672556,264.901372,59.529041,-53.144451,-3.984382,291.276971,264.901372,59.344345,-50.852486,-4.18821,295.995401,265.196311,,,,,,,,,,,,,,,,,,,,,,,,,,,,,,,,,,,,,,,,,,,,,,,,,,,,,,,,,,,,,,,,,,,,,,,,,,,
216,0,698.98175,632.302612,36.579491,1609.497559,52423.63281,447.604431,MTCS,58.980255,-64.83847,-3.295518,2.566997,107.332886,49.660439,0.1184,0,0,0,0,11,1.3.6.1.4.1.19291.2.1.3.16012510615619653229928464345,1.3.6.1.4.1.19291.2.1.2.16012510615619653229926074128,1.3.6.1.4.1.19291.2.1.1.16012510615619653229902382229,10,60.008713,-77.699982,-1.97355,240.989343,261.951985,59.835209,-75.619438,-2.027939,245.266534,261.951985,59.604557,-72.892265,-2.027269,250.869791,261.804515,59.362171,-69.676804,-2.686958,257.506479,262.984269,59.079857,-66.098434,-3.140259,264.879373,263.721616,58.830032,-62.948296,-3.510418,271.3686,264.311494,58.576881,-59.796841,-3.808662,277.857248,264.753901,58.334991,-56.857658,-3.957446,283.902917,264.901372,58.139736,-54.284584,-4.45643,289.212396,265.786187,58.03043,-52.510456,-5.366233,292.899133,267.555821,,,,,,,,,,,,,,,,,,,,,,,,,,,,,,,,,,,,,,,,,,,,,,,,,,,,,,,,,,,,,,,,,,,,,,,,,,,,,,,,
