ImageNo,RoiNo,RoiMean,RoiMedian,RoiMin,RoiMax,RoiTotal,RoiDev,RoiName,RoiCenterX,RoiCenterY,RoiCenterZ,LengthCm,LengthPix,AreaPix2,AreaCm2,RadiusWidthCM,RadiusHeightCM,RadiusWidthPIX,RadiusHeightPIX,RoiType,SOPInstanceUID,SeriesInstanceUID,StudyInstanceUID,NumOfPoints,mmX,mmY,mmZ,pxX,pxY,...,,,,,,,,,,,,,,,,,,,,,,,,,,,,,,,,,,,,,,,,,,,,,,,,,,,,,,,,,,,,,,,,,,,,,,,,,,,,,,,,,,,,,,,,,,,,,,,,,,,,,,,,,,,,,,,,,,,,,,,,,,,,,,,,,,,,,,
24,0,1227.654541,1226.528198,552.203186,1757.49292,40512.60156,295.483368,MTCS,-76.11618,-55.588234,-10.136923,2.882349,120.773361,16.341898,0.038962,0,0,0,0,11,1.3.6.1.4.1.19291.2.1.3.16012510615619653229916833380,1.3.6.1.4.1.19291.2.1.2.16012510615619653229916573355,1.3.6.1.4.1.19291.2.1.1.16012510615619653229902382229,12,-74.327011,-70.066704,-8.670122,251.19731,272.836135,-74.520142,-68.334892,-8.567221,254.763793,272.590171,-74.883034,-65.417885,-8.895089,260.789931,273.205081,-75.245079,-62.623669,-9.401443,266.56961,274.188941,-75.629745,-59.606373,-9.864581,272.807601,275.079601,-75.923904,-57.268982,-10.172314,277.638015,275.664726,-76.310196,-54.195255,-10.569792,283.989852,276.419433,-76.695824,-51.078197,-10.89142,290.428161,277.017532,-77.096901,-47.766708,-11.11834,297.263762,277.417224,-77.328453,-45.773079,-11.122781,301.374068,277.386478,-77.612045,-43.266155,-11.027414,306.538833,277.140514,-77.821831,-41.661037,-11.342519,309.859839,277.755424,,,,,,,,,,,,,,,,,,,,,,,,,,,,,,,,,,,,,,,,,,,,,,,,,,,,,,,,,,,,,,,,,,,,,,,,,,,,,,,,
28,0,670.014893,653.086487,69.025398,1422.985107,56951.26563,360.37323,MTCS,-77.769905,-54.407738,-10.171404,3.388969,141.553314,53.770561,0.128199,0,0,0,0,11,1.3.6.1.4.1.19291.2.1.3.16012510615619653229916873384,1.3.6.1.4.1.19291.2.1.2.16012510615619653229916573355,1.3.6.1.4.1.19291.2.1.1.16012510615619653229902382229,15,-75.588356,-72.085999,-8.420929,247.384383,272.590171,-75.857254,-69.82045,-8.502892,252.058181,272.713153,-76.170486,-67.136551,-8.529037,257.592391,272.713153,-76.458733,-64.799355,-8.758148,262.419448,273.136867,-76.831009,-61.90028,-9.238847,268.414351,274.065959,-77.213982,-58.92667,-9.746947,274.563933,275.049815,-77.553398,-56.249317,-10.13239,280.098144,275.787708,-77.814476,-54.166222,-10.392242,284.402511,276.279636,-78.119919,-51.664524,-10.596292,289.567763,276.648586,-78.50312,-48.567238,-10.916095,295.96524,277.24332,-78.802185,-46.12653,-11.129375,301.005111,277.632442,-79.084946,-43.742157,-11.212496,305.923926,277.755424,-79.298988,-41.831184,-11.111324,309.859839,277.50946,-79.527039,-40.108109,-11.487456,313.426322,278.247352,-79.724724,-38.991528,-12.396708,315.762504,280.092086,,,,,,,,,,,,,,,,,,,,,,,,,,,,,,,,,,,,,,,,,,,,,,,,,,,,,,,,,,,,,,,,,
32,0,1277.320435,1385.817627,281.411255,2044.213745,67697.98438,419.994354,MTCS,-79.12767,-55.575798,-9.891178,3.62263,151.745407,1.465975,0.003495,0,0,0,0,11,1.3.6.1.4.1.19291.2.1.3.16012510615619653229916923388,1.3.6.1.4.1.19291.2.1.2.16012510615619653229916573355,1.3.6.1.4.1.19291.2.1.1.16012510615619653229902382229,15,-76.771439,-74.699059,-8.046149,242.342589,272.098243,-77.040314,-72.433746,-8.128111,247.015914,272.221225,-77.374428,-69.570915,-8.155999,252.919066,272.221225,-77.712051,-66.831985,-8.422255,258.575759,272.713153,-78.143745,-63.44088,-8.934422,265.586226,273.697009,-78.568459,-60.109646,-9.446007,272.473235,274.680869,-78.932266,-57.377254,-10.07153,278.129943,275.91069,-79.2882,-54.519894,-10.398833,284.03308,276.525604,-79.625877,-51.780491,-10.665079,289.690749,277.017532,-79.989601,-48.740917,-10.814476,295.962844,277.263496,-80.222015,-46.766197,-10.859691,300.035674,277.316821,-80.441223,-44.986725,-11.030727,303.710723,277.632442,-80.69957,-42.657623,-10.873735,308.506553,277.263496,-80.938004,-40.691616,-11.012674,312.564963,277.50946,-81.167839,-39.030144,-11.507994,316.008948,278.493316,,,,,,,,,,,,,,,,,,,,,,,,,,,,,,,,,,,,,,,,,,,,,,,,,,,,,,,,,,,,,,,,,
36,0,649.870056,647.776855,42.477169,1709.706055,67586.48438,415.945496,MTCS,-80.694061,-55.152256,-9.931736,4.051387,168.389938,86.322021,0.205808,0,0,0,0,11,1.3.6.1.4.1.19291.2.1.3.16012510615619653229916963392,1.3.6.1.4.1.19291.2.1.2.16012510615619653229916573355,1.3.6.1.4.1.19291.2.1.1.16012510615619653229902382229,17,-78.075989,-76.360374,-7.819378,239.268523,271.891189,-78.292961,-74.450615,-7.759139,243.203475,271.729293,-78.642761,-71.530327,-7.907374,249.229598,271.975261,-78.955139,-68.969223,-8.112003,254.517348,272.344207,-79.393799,-65.518486,-8.624753,261.650802,273.328063,-79.824638,-62.250172,-9.315406,268.414824,274.680869,-80.131851,-59.810303,-9.638626,273.457091,275.295779,-80.450356,-57.312119,-10.022309,278.621871,276.033672,-80.803719,-54.515259,-10.408916,284.402511,276.771568,-81.120461,-51.955231,-10.673413,289.690276,277.263496,-81.453773,-49.214733,-10.879791,295.34793,277.632442,-81.783524,-46.350815,-10.847796,301.251082,277.50946,-82.08284,-43.786194,-10.872779,306.539313,277.50946,-82.352539,-41.398323,-10.776254,311.458602,277.263496,-82.611855,-39.25338,-10.916935,315.885962,277.50946,-82.840805,-37.714935,-11.590736,319.083022,278.862266,-82.982002,-37.197823,-12.673829,320.189864,281.075946,,,,,,,,,,,,,,,,,,,,,,,,,,,,,,,,,,,,,,,,,,,,,,,,,,,,,,,
40,0,447.731323,286.720886,0,1651.299927,64921.04297,398.833466,MTCS,-82.318466,-54.243519,-9.9953,4.422788,183.231979,154.372223,0.368052,0,0,0,0,11,1.3.6.1.4.1.19291.2.1.3.16012510615619653229917003396,1.3.6.1.4.1.19291.2.1.2.16012510615619653229916573355,1.3.6.1.4.1.19291.2.1.1.16012510615619653229902382229,17,-79.348099,-78.198448,-7.433214,235.82405,271.360347,-79.589958,-76.049133,-7.334364,240.251418,271.114383,-80.052925,-72.236168,-7.611082,248.122756,271.606311,-80.516808,-68.607819,-8.185454,255.624679,272.713153,-81.014656,-64.803833,-8.941204,263.495528,274.188941,-81.467209,-61.234039,-9.455113,270.874465,275.172797,-81.802261,-58.555592,-9.780673,276.408675,275.787708,-82.173889,-55.640774,-10.228308,282.434798,276.648586,-82.536758,-52.723988,-10.556174,288.460448,277.263496,-82.865707,-49.982399,-10.702668,294.118117,277.50946,-83.183304,-47.299583,-10.788696,299.652312,277.632442,-83.489548,-44.675556,-10.814259,305.063048,277.632442,-83.80101,-41.929832,-10.721219,310.720229,277.386478,-84.028976,-39.899574,-10.621209,314.902106,277.140514,-84.284866,-37.937935,-10.99968,318.960525,277.878406,-84.5392,-36.528374,-12.211238,321.912093,280.33805,-84.718735,-35.8367,-13.535605,323.387877,283.043658,,,,,,,,,,,,,,,,,,,,,,,,,,,,,,,,,,,,,,,,,,,,,,,,,,,,,,,
44,0,326.206696,191.147263,0,1470.771973,92642.70313,320.281128,MTCS,-83.498169,-56.888485,-9.625055,4.854541,200.384277,271.50238,0.647312,0,0,0,0,11,1.3.6.1.4.1.19291.2.1.3.16012510615619653229917043400,1.3.6.1.4.1.19291.2.1.2.16012510615619653229916573355,1.3.6.1.4.1.19291.2.1.1.16012510615619653229902382229,18,-80.499168,-81.662888,-7.948529,229.060515,272.713153,-80.618225,-80.219452,-7.303776,232.012084,271.360347,-80.852158,-77.945625,-6.906686,236.684936,270.499473,-81.243729,-74.667488,-7.058392,243.448958,270.745437,-81.661507,-71.395676,-7.569398,250.213454,271.729293,-82.10627,-68.00808,-8.261213,257.223449,273.082099,-82.567551,-64.440483,-8.894888,264.60237,274.311923,-82.98967,-61.169979,-9.465775,271.366393,275.418761,-83.453552,-57.54163,-10.040147,278.868316,276.525604,-83.860779,-54.206276,-10.312198,285.754836,277.017532,-84.28894,-50.691513,-10.586011,293.011275,277.50946,-84.683105,-47.352642,-10.67843,299.898269,277.632442,-85.01899,-44.551632,-10.825503,305.678443,277.878406,-85.331284,-41.683346,-10.553976,311.581588,277.263496,-85.577507,-39.535126,-10.51501,316.008948,277.140514,-85.861397,-37.346466,-10.9158,320.536231,277.919719,-86.063316,-36.2192,-11.864941,322.895949,279.846122,-86.289917,-35.355148,-13.550319,324.740684,283.289626,,,,,,,,,,,,,,,,,,,,,,,,,,,,,,,,,,,,,,,,,,,,,,,,,,
48,0,384.237091,217.695496,15.928938,1438.914062,110276.0469,354.536102,MTCS,-84.951408,-57.250477,-9.371347,5.072016,209.139984,262.496582,0.625841,0,0,0,0,11,1.3.6.1.4.1.19291.2.1.3.16012510615619653229917093404,1.3.6.1.4.1.19291.2.1.2.16012510615619653229916573355,1.3.6.1.4.1.19291.2.1.1.16012510615619653229902382229,21,-81.840553,-82.842583,-7.467926,226.969817,271.975261,-81.975304,-81.34169,-6.943519,230.044372,270.868419,-82.146614,-79.604416,-6.541203,233.610854,270.007545,-82.434601,-77.098351,-6.505722,238.776107,269.884563,-82.78791,-74.301956,-6.892324,244.555785,270.622455,-83.196938,-71.028183,-7.283562,251.319808,271.360347,-83.562561,-68.357155,-8.028275,256.854491,272.836135,-83.951637,-65.446709,-8.715442,262.88063,274.188941,-84.345886,-62.41502,-9.284001,269.152236,275.295779,-84.745377,-59.261387,-9.733963,275.670775,276.156654,-85.115288,-56.283073,-10.060572,281.823256,276.767722,-85.431702,-53.689163,-10.268314,287.17874,277.142436,-85.812241,-50.504906,-10.418184,293.74916,277.386478,-86.080284,-48.362148,-10.678633,298.176528,277.878406,-86.444839,-45.200008,-10.649543,304.694579,277.755424,-86.751945,-42.453178,-10.49662,310.351768,277.386478,-87.003357,-40.183502,-10.339049,315.025092,277.017532,-87.242622,-38.094929,-10.299517,319.329467,276.89455,-87.500275,-36.195118,-10.797157,323.264899,277.878406,-87.726738,-35.024357,-12.006389,325.724067,280.33805,-87.88282,-34.572113,-13.388303,326.708404,283.16664,,,,,,,,,,,,,,,,,,,,,,,,,,,,,,,,,,,
52,0,522.958008,376.984863,21.238585,1359.269409,98839.0625,420.245117,MTCS,-86.679535,-55.325676,-9.246894,5.097648,210.931091,149.617157,0.356715,0,0,0,0,11,1.3.6.1.4.1.19291.2.1.3.16012510615619653229917183408,1.3.6.1.4.1.19291.2.1.2.16012510615619653229916573355,1.3.6.1.4.1.19291.2.1.1.16012510615619653229902382229,19,-83.267815,-82.632164,-5.982718,227.707229,269.146667,-83.58886,-79.765823,-5.830959,233.610854,268.777721,-84.016998,-76.251297,-6.10477,240.866805,269.269649,-84.370338,-73.454666,-6.49136,246.646972,270.007545,-84.770744,-70.485664,-7.23899,252.796081,271.483329,-85.306099,-66.629684,-8.414487,260.789931,273.819991,-85.683853,-63.777782,-9.041189,266.693069,275.049815,-86.171188,-59.91,-9.558001,274.686431,276.033672,-86.575844,-56.635143,-9.889371,281.450454,276.648586,-86.950897,-53.537022,-10.099216,287.845534,277.017532,-87.245041,-51.093639,-10.242806,292.888289,277.263496,-87.627022,-47.936108,-10.453246,299.405868,277.632442,-88.010719,-44.532986,-10.306716,306.416335,277.263496,-88.2752,-42.266808,-10.328793,311.089179,277.263496,-88.534439,-39.814682,-9.993333,316.131927,276.525604,-88.778038,-37.727436,-10.013665,320.435828,276.525604,-89.033188,-35.931297,-10.638272,324.162284,277.772239,-89.245689,-34.836418,-11.778683,326.46244,280.092086,-89.459167,-33.969322,-13.284425,328.306693,283.16664,,,,,,,,,,,,,,,,,,,,,,,,,,,,,,,,,,,,,,,,,,,,,
56,0,263.746277,153.979736,10.619292,1752.183228,151654.1094,299.347778,MTCS,-88.043755,-56.546383,-9.134258,5.645707,228.94043,527.112976,1.256735,0,0,0,0,11,1.3.6.1.4.1.19291.2.1.3.16012510615619653229917223412,1.3.6.1.4.1.19291.2.1.2.16012510615619653229916573355,1.3.6.1.4.1.19291.2.1.1.16012510615619653229902382229,22,-84.566948,-85.212898,-7.105548,222.788421,271.729293,-84.693726,-83.355614,-5.923703,226.572997,269.265327,-84.899811,-81.244827,-5.407348,230.905242,268.162811,-85.226959,-78.441635,-5.434655,236.685409,268.162811,-85.532402,-75.939941,-5.638706,241.850661,268.531757,-85.971977,-72.67382,-6.44911,248.614684,270.130527,-86.500374,-68.87748,-7.62404,256.485549,272.467189,-86.879066,-66.209961,-8.548399,262.019744,274.311923,-87.309982,-62.921299,-9.208605,268.824599,275.601794,-87.64756,-60.202477,-9.505295,274.440948,276.156654,-88.059151,-56.868198,-9.837244,281.327483,276.771568,-88.401436,-54.087025,-10.100389,287.071136,277.25629,-88.821434,-50.490612,-10.13893,294.48706,277.263496,-89.204269,-47.210293,-10.170885,301.251082,277.263496,-89.511375,-44.463463,-10.017978,306.908263,276.89455,-89.781075,-42.075592,-9.921452,311.827552,276.648586,-90.046417,-39.686626,-9.765042,316.74684,276.279636,-90.287224,-37.593639,-9.739345,321.060828,276.185001,-90.565948,-35.581375,-10.344061,325.232131,277.386478,-90.851692,-34.05666,-11.796315,328.430152,280.33805,-91.048683,-33.369354,-13.360199,329.905936,283.53559,-91.155151,-33.457645,-14.916528,329.782477,286.733127,,,,,,,,,,,,,,,,,,,,,,,,,,,,,,
60,0,276.634705,175.218323,10.619292,1412.365845,137764.0781,292.262604,MTCS,-89.531776,-56.597969,-8.864567,5.666451,230.48497,463.882782,1.105983,0,0,0,0,11,1.3.6.1.4.1.19291.2.1.3.16012510615619653229917273416,1.3.6.1.4.1.19291.2.1.2.16012510615619653229916573355,1.3.6.1.4.1.19291.2.1.1.16012510615619653229902382229,21,-85.989975,-85.308105,-6.036602,222.911407,269.761581,-86.122955,-83.745399,-5.393026,226.108932,268.408775,-86.338631,-81.589531,-4.934893,230.5363,267.424918,-86.664017,-78.72451,-4.843016,236.439452,267.178954,-87.104416,-75.335831,-5.474947,243.449431,268.408775,-87.6064,-71.738609,-6.605581,250.908111,270.658485,-88.091789,-68.434807,-7.968725,257.770614,273.391475,-88.538536,-65.124672,-8.806696,264.626403,275.04597,-88.962357,-61.822243,-9.350993,271.455276,276.097568,-89.367485,-58.407944,-9.472919,278.498885,276.279636,-89.766037,-55.069931,-9.625224,285.386367,276.525604,-90.17849,-51.61285,-9.778688,292.519347,276.771568,-90.536057,-48.510593,-9.749015,298.913939,276.648586,-90.89106,-45.468834,-9.778646,305.186034,276.648586,-91.169487,-43.083149,-9.801887,310.105323,276.648586,-91.470459,-40.273411,-9.469895,315.885482,275.91069,-91.728859,-37.943836,-9.312923,320.682273,275.541743,-92.045708,-35.690784,-10.053564,325.355117,277.017532,-92.347107,-34.108849,-11.626163,328.675635,280.215068,-92.551056,-33.3619,-13.190628,330.274405,283.412608,-92.696465,-33.201687,-14.881798,330.668334,286.882049,,,,,,,,,,,,,,,,,,,,,,,,,,,,,,,,,,,
64,0,304.056366,175.218323,0,1529.178101,137737.5313,324.697601,MTCS,-90.968498,-56.998859,-8.450805,5.753668,234.400375,439.026001,1.04672,0,0,0,0,11,1.3.6.1.4.1.19291.2.1.3.16012510615619653229917313420,1.3.6.1.4.1.19291.2.1.2.16012510615619653229916573355,1.3.6.1.4.1.19291.2.1.1.16012510615619653229902382229,23,-87.386192,-86.133461,-5.739146,221.55812,269.392631,-87.506905,-84.444908,-4.737434,225.001616,267.301936,-87.711281,-82.347359,-4.21884,229.306472,266.195094,-87.987419,-79.935913,-4.171677,234.276214,266.050014,-88.331726,-77.223587,-4.568206,239.882949,266.810004,-88.807007,-73.843872,-5.679184,246.892455,269.023685,-89.361618,-70.053848,-7.213399,254.763793,272.098243,-89.762817,-67.276642,-8.268215,260.529067,274.208637,-90.191208,-64.061668,-9.008641,267.184997,275.664726,-90.502754,-61.623127,-9.391743,272.22679,276.402621,-90.901237,-58.285568,-9.543804,279.113311,276.648105,-91.201424,-55.598164,-9.390541,284.647994,276.279636,-91.52681,-52.733139,-9.298663,290.551147,276.033672,-91.848831,-49.899654,-9.210699,296.389434,275.796355,-92.171936,-47.173145,-9.302533,302.013961,275.930389,-92.457809,-44.679008,-9.25735,307.154227,275.787708,-92.729126,-42.335896,-9.251625,311.984641,275.729099,-92.976501,-40.040272,-9.000038,316.707931,275.166553,-93.264786,-37.553455,-8.998284,321.834746,275.113227,-93.571609,-35.443424,-9.826451,326.215995,276.771568,-93.872795,-33.98494,-11.587114,329.289107,280.357749,-94.018562,-33.345482,-12.54201,330.643355,282.305766,-94.185143,-32.957253,-14.162874,331.504706,285.626289,,,,,,,,,,,,,,,,,,,,,,,,,
68,0,291.883057,159.289383,10.619292,1677.848145,189140.2188,333.793243,MTCS,-92.327576,-58.11237,-8.103979,5.987659,241.351959,590.320374,1.407434,0,0,0,0,11,1.3.6.1.4.1.19291.2.1.3.16012510615619653229917353424,1.3.6.1.4.1.19291.2.1.2.16012510615619653229916573355,1.3.6.1.4.1.19291.2.1.1.16012510615619653229902382229,25,-88.780136,-86.919647,-5.351057,220.28218,268.83681,-88.868324,-85.568237,-4.43706,223.033904,266.932986,-89.023018,-83.704025,-3.61674,226.846358,265.211238,-89.242226,-81.671822,-3.396962,231.02774,264.719306,-89.513725,-79.345535,-3.419624,235.824538,264.719306,-89.776573,-77.324257,-3.798675,240.005935,265.457202,-90.14225,-74.960648,-5.019527,244.924743,267.916846,-90.609772,-71.762909,-6.308414,251.56578,270.499473,-91.01506,-69.052658,-7.521421,257.198943,272.936057,-91.387199,-66.442497,-8.447095,262.614959,274.784633,-91.753181,-63.763645,-9.184408,268.165496,276.245048,-92.034691,-61.483517,-9.412027,272.874846,276.666839,-92.419403,-58.219963,-9.494824,279.6062,276.771568,-92.777794,-54.99514,-9.286665,286.246764,276.279636,-93.180611,-51.351273,-9.022709,293.74916,275.664726,-93.499039,-48.545891,-8.93025,299.529326,275.418761,-93.822655,-45.619049,-8.719187,305.555457,274.926833,-94.128899,-42.995022,-8.744749,310.966193,274.926833,-94.40033,-40.669197,-8.767183,315.762023,274.926353,-94.669273,-38.403419,-8.849372,320.436309,275.049815,-94.957336,-36.204536,-9.290032,324.986167,275.91069,-95.262192,-34.439075,-10.624859,328.676116,278.616298,-95.489616,-33.452469,-12.131765,330.766814,281.690856,-95.665695,-32.944332,-13.693904,331.873176,284.888393,-95.770432,-32.970558,-15.131049,331.873176,287.839965,,,,,,,,,,,,,,,
72,0,252.687302,148.67009,0,1730.94458,238031.4375,310.328125,MTCS,-93.803558,-58.299187,-7.882624,6.283483,250.516998,857.224426,2.043782,0,0,0,0,11,1.3.6.1.4.1.19291.2.1.3.16012510615619653229917393428,1.3.6.1.4.1.19291.2.1.2.16012510615619653229916573355,1.3.6.1.4.1.19291.2.1.1.16012510615619653229902382229,26,-90.199341,-88.193642,-6.054046,218.041595,270.531181,-90.232468,-86.937782,-4.553543,220.574264,267.424918,-90.372871,-85.013168,-3.449309,224.500564,265.118999,-90.618439,-82.55307,-2.919281,229.552444,263.981414,-90.846352,-80.523285,-2.819267,233.733352,263.73545,-91.141998,-78.240692,-3.231509,238.454726,264.536277,-91.514076,-75.841042,-4.481961,243.448958,267.055969,-91.89196,-73.29586,-5.584809,248.73767,269.269649,-92.382133,-69.981018,-6.994608,255.624679,272.098243,-92.748665,-67.494621,-8.03699,260.789931,274.188941,-93.118629,-64.824921,-8.841599,266.324126,275.787708,-93.540382,-61.442356,-9.234358,273.312499,276.526561,-93.903595,-58.269341,-9.170523,279.851699,276.332,-94.206268,-55.582558,-9.051405,285.386367,276.033672,-94.532166,-52.590103,-8.769169,291.545089,275.39426,-94.854347,-49.606297,-8.450823,297.6846,274.680869,-95.110954,-47.215149,-8.174648,302.603881,274.065959,-95.353752,-45.250229,-8.37347,306.662299,274.434905,-95.599976,-43.102013,-8.334503,311.08966,274.311923,-95.903648,-40.538483,-8.41937,316.377891,274.434905,-96.118271,-38.808941,-8.606536,319.950622,274.784633,-96.391006,-36.670483,-8.936183,324.371741,275.418761,-96.719315,-34.665588,-10.213434,328.553138,278.001388,-97.012093,-33.388428,-12.142426,331.258742,281.93682,-97.216148,-32.948441,-14.183035,332.242599,286.118217,-97.363556,-32.80143,-15.921321,332.611068,289.684699,,,,,,,,,,
76,0,271.174835,153.979736,0,1688.467529,225617.4688,323.560455,MTCS,-95.169579,-59.282604,-7.427265,6.307022,252.272263,847.617554,2.020878,0,0,0,0,11,1.3.6.1.4.1.19291.2.1.3.16012510615619653229917433432,1.3.6.1.4.1.19291.2.1.2.16012510615619653229916573355,1.3.6.1.4.1.19291.2.1.1.16012510615619653229902382229,27,-91.621223,-88.865974,-5.862411,217.007766,270.376491,-91.625267,-87.946205,-4.493863,218.852508,267.5479,-91.752007,-86.013618,-3.19506,222.787932,264.842292,-91.940697,-83.973518,-2.556119,226.969817,263.489486,-92.195541,-81.520538,-2.160774,232.012084,262.628612,-92.430321,-79.636345,-2.377521,235.904754,263.035987,-92.84581,-76.833931,-3.583951,241.727675,265.457202,-93.289215,-73.880493,-4.929163,247.867187,268.160407,-93.702431,-71.2034,-6.299072,253.437896,270.919822,-94.04351,-68.93483,-7.338856,258.153975,273.009559,-94.445137,-66.086746,-8.28978,264.061446,274.905215,-94.714043,-63.971302,-8.603999,268.434524,275.508117,-95.052597,-61.181519,-8.804065,274.193542,275.863132,-95.39724,-58.278873,-8.910723,280.181731,276.024066,-95.632935,-56.108372,-8.696974,284.648482,275.541743,-95.855545,-53.893097,-8.23942,289.198348,274.557887,-96.149559,-51.142986,-7.906848,294.855529,273.819991,-96.490631,-48.22052,-7.935318,300.881652,273.819991,-96.796906,-45.596256,-7.960881,306.292869,273.819991,-97.056244,-43.451092,-8.101565,310.72071,274.065959,-97.340813,-41.128311,-8.303874,315.51702,274.434905,-97.546204,-39.52235,-8.559077,318.837539,274.926833,-97.814247,-37.379597,-8.819526,323.264899,275.418761,-98.071053,-35.538311,-9.396375,327.082633,276.566436,-98.351562,-34.19957,-11.066506,329.905456,279.969104,-98.591248,-33.33881,-12.931533,331.75019,283.781554,-98.826714,-32.783669,-15.212823,332.980498,288.454879,,,,,
80,0,288.840668,169.908676,5.309646,1773.421753,225006.875,336.642487,MTCS,-96.681923,-59.107124,-7.130508,6.178893,249.219299,730.156921,1.74083,0,0,0,0,11,1.3.6.1.4.1.19291.2.1.3.16012510615619653229917473436,1.3.6.1.4.1.19291.2.1.2.16012510615619653229916573355,1.3.6.1.4.1.19291.2.1.1.16012510615619653229902382229,26,-93.059952,-88.903717,-4.913797,217.253737,268.654739,-93.112724,-87.56646,-3.549317,219.95935,265.826148,-93.314369,-85.222923,-2.613878,224.75566,263.858432,-93.505653,-83.122101,-1.915635,229.060515,262.382644,-93.719673,-81.211365,-1.814476,232.99594,262.13668,-94.104065,-78.331154,-2.485892,238.959136,263.457778,-94.539749,-75.444832,-3.831876,244.960296,266.163867,-94.94236,-72.758133,-5.045591,250.544936,268.602374,-95.307655,-70.375732,-6.232235,255.501204,270.991401,-95.683861,-67.936829,-7.476991,260.576156,273.498607,-96.052887,-65.198318,-8.16272,266.247741,274.85189,-96.40271,-62.301296,-8.347215,272.227279,275.172797,-96.733994,-59.431515,-8.326512,278.142913,275.072875,-97.004478,-57.051029,-8.25191,283.04779,274.872066,-97.28653,-54.435097,-7.967403,288.43019,274.235538,-97.569794,-51.802677,-7.67347,293.846206,273.579314,-97.851181,-49.24699,-7.473298,299.107543,273.117168,-98.174805,-46.463551,-7.484035,304.846389,273.083541,-98.436806,-44.33366,-7.683765,309.244925,273.451045,-98.752739,-41.895977,-8.126752,314.2872,274.311923,-99.031273,-39.817234,-8.626136,318.591575,275.295779,-99.320198,-37.495564,-8.888327,323.387877,275.787708,-99.606636,-35.541573,-9.685947,327.446296,277.386478,-99.86879,-34.257217,-11.195517,330.150947,280.460551,-100.092033,-33.576012,-13.118925,331.627692,284.396465,-100.255051,-33.064362,-14.501432,332.734534,287.225055,,,,,,,,,,
84,0,261.966736,153.979736,5.309646,1757.49292,268253.9375,310.680786,MTCS,-98.135094,-59.433632,-6.821236,6.326784,253.944611,971.473389,2.316173,0,0,0,0,11,1.3.6.1.4.1.19291.2.1.3.16012510615619653229917513440,1.3.6.1.4.1.19291.2.1.2.16012510615619653229916573355,1.3.6.1.4.1.19291.2.1.1.16012510615619653229902382229,27,-94.547714,-89.444832,-5.397697,216.515838,269.884563,-94.556122,-88.526161,-4.089032,218.360579,267.178954,-94.659378,-86.833229,-2.847788,221.804076,264.596324,-94.864761,-84.474091,-1.938005,226.633529,262.680972,-95.030571,-82.690598,-1.390849,230.289855,261.52177,-95.313393,-80.305763,-1.473974,235.209624,261.644752,-95.669434,-77.755348,-2.27742,240.497863,263.243522,-96.078674,-75.09549,-3.620945,246.032058,265.94913,-96.513962,-72.135452,-4.847622,252.180694,268.408775,-96.930817,-69.439606,-6.237124,257.790801,271.20806,-97.301765,-66.829147,-7.146422,263.206817,273.02301,-97.66523,-63.823799,-7.345318,269.410216,273.371299,-97.989365,-61.148392,-7.530002,274.932876,273.697009,-98.320618,-58.252224,-7.468137,280.901366,273.512058,-98.632843,-55.482716,-7.348428,286.606582,273.210845,-98.939682,-52.637749,-7.040189,292.46025,272.520992,-99.18734,-50.4604,-6.975304,296.9467,272.344207,-99.48748,-47.773216,-6.8218,302.480903,271.975261,-99.783363,-45.391899,-7.084572,307.400191,272.467189,-100.093246,-43.198475,-7.824633,311.950057,273.942973,-100.390076,-41.001537,-8.385061,316.500396,275.049815,-100.652946,-38.980019,-8.764115,320.682273,275.787708,-100.876625,-37.255863,-9.080364,324.248755,276.402621,-101.185074,-35.263744,-10.112552,328.394607,278.482269,-101.456779,-34.209095,-12.104634,330.643836,282.55173,-101.678154,-33.466751,-13.908628,332.242118,286.241199,-101.842026,-32.832314,-15.112636,333.595405,288.700843,,,,,
88,0,267.055328,164.59903,0,1720.325317,249696.7188,284.804596,MTCS,-99.460365,-60.57732,-6.07008,6.098421,246.567398,872.90979,2.081179,0,0,0,0,11,1.3.6.1.4.1.19291.2.1.3.16012510615619653229917563444,1.3.6.1.4.1.19291.2.1.2.16012510615619653229916573355,1.3.6.1.4.1.19291.2.1.1.16012510615619653229902382229,25,-96.034447,-89.494606,-5.107796,216.761809,269.515617,-96.049812,-88.516289,-3.799697,218.729522,266.810004,-96.245605,-85.852623,-2.291151,224.164275,263.659068,-96.409492,-83.818069,-1.330009,228.322616,261.644752,-96.613815,-81.720985,-0.81141,232.62651,260.537914,-96.838356,-79.874023,-0.949189,236.439452,260.783878,-97.237076,-77.150383,-2.053776,242.096145,262.997558,-97.635841,-74.42627,-3.158368,247.753814,265.211238,-98.129791,-71.141876,-4.665662,254.581725,268.240634,-98.554825,-68.313324,-5.958902,260.461806,270.839595,-98.904823,-65.570045,-6.383569,266.133407,271.656753,-99.250305,-62.74818,-6.626304,271.960174,272.098724,-99.594299,-59.815414,-6.677805,278.008407,272.145801,-99.917442,-56.887249,-6.458328,284.036925,271.636577,-100.203217,-54.302456,-6.271547,289.358794,271.201335,-100.530937,-51.496536,-6.302166,295.144729,271.20806,-100.848915,-48.896545,-6.521441,300.513183,271.606311,-101.174805,-46.331635,-6.900394,305.815352,272.333156,-101.533455,-43.694588,-7.604545,311.278457,273.726314,-101.797249,-41.859852,-8.284739,315.086577,275.086326,-102.093384,-39.747875,-8.967398,319.466384,276.445857,-102.321701,-37.97044,-9.263105,323.141913,277.017532,-102.585457,-36.133778,-9.939813,326.953887,278.370334,-102.892189,-34.737091,-11.869953,329.905936,282.305766,-103.111824,-33.932697,-13.554765,331.627692,285.749271,,,,,,,,,,,,,,,
92,0,394.219086,265.4823,15.928938,1608.822754,283837.75,327.185059,MTCS,-100.846886,-61.058884,-5.111941,5.717742,233.505096,691.072266,1.647645,0,0,0,0,11,1.3.6.1.4.1.19291.2.1.3.16012510615619653229917603448,1.3.6.1.4.1.19291.2.1.2.16012510615619653229916573355,1.3.6.1.4.1.19291.2.1.1.16012510615619653229902382229,23,-97.548683,-88.384949,-3.391773,219.344436,266.195094,-97.680573,-86.727486,-2.587214,222.731246,264.509853,-97.812881,-84.994347,-1.671095,226.269866,262.59402,-97.982735,-82.98143,-0.822975,230.387862,260.812221,-98.258865,-80.337158,-0.415687,235.82405,259.923002,-98.646179,-77.364876,-0.983669,241.973159,261.029842,-99.10759,-74.103981,-2.093489,248.73767,263.243522,-99.499374,-71.439751,-3.197498,254.271865,265.457202,-99.854584,-69.011894,-4.179416,259.314147,267.424918,-100.178421,-66.698959,-4.920641,264.110442,268.900703,-100.527367,-63.901463,-5.24736,269.890136,269.515617,-100.895348,-60.556038,-4.980482,276.777129,268.900703,-101.253799,-57.330753,-4.772341,283.418654,268.408775,-101.523499,-54.799484,-4.454016,288.625228,267.704509,-101.845757,-52.059326,-4.513464,294.276641,267.771766,-102.280228,-49.323776,-6.07648,299.975142,270.926547,-102.536324,-47.517334,-6.69768,303.722732,272.165977,-102.894447,-44.850895,-7.349476,309.244445,273.451045,-103.206154,-42.718842,-8.208725,313.672286,275.172797,-103.594406,-39.930943,-9.074379,319.452453,276.89455,-103.855484,-37.847832,-9.33423,323.756827,277.386478,-104.140228,-36.13921,-10.488824,327.322829,279.72314,-104.355507,-35.33371,-12.113752,329.044585,283.043658,,,,,,,,,,,,,,,,,,,,,,,,,
96,0,354.227692,233.624435,0,1667.228882,344309.3125,312.60672,MTCS,-101.942772,-63.716976,-3.64397,5.368967,214.168579,928.144836,2.21287,0,0,0,0,11,1.3.6.1.4.1.19291.2.1.3.16012510615619653229917643452,1.3.6.1.4.1.19291.2.1.2.16012510615619653229916573355,1.3.6.1.4.1.19291.2.1.1.16012510615619653229902382229,21,-99.047867,-88.727257,-3.720385,219.010558,267.102088,-99.150208,-87.297142,-2.87338,221.927062,265.33422,-99.347343,-84.645798,-1.401675,227.337798,262.259181,-99.48735,-82.852966,-0.495961,230.999877,260.363528,-99.767784,-80.29705,-0.282697,236.261214,259.87448,-100.120193,-77.352951,-0.428816,242.336349,260.115642,-100.637924,-73.644096,-1.596815,250.02658,262.439815,-100.967712,-71.300758,-2.370393,254.886779,263.981414,-101.297981,-68.795448,-2.899896,260.071731,265.018596,-101.610886,-66.367073,-3.316828,265.093825,265.826148,-102.005005,-62.521515,-2.62506,272.99591,264.328742,-102.316086,-59.054653,-1.411633,280.097655,261.767734,-102.643967,-55.82196,-0.78431,286.738692,260.414932,-103.014755,-53.02969,-1.410432,292.518859,261.644752,-103.349312,-51.258717,-3.132734,296.234756,265.145904,-103.61142,-50.343857,-5.213057,298.199096,269.39936,-103.828148,-49.12199,-6.213412,300.755782,271.429046,-104.135796,-46.915535,-6.903544,305.330634,272.802028,-104.49453,-44.622124,-8.140328,310.105323,275.295779,-104.825569,-42.863216,-9.834438,313.795264,278.739284,-105.13829,-41.222729,-11.467501,317.238769,282.059802,,,,,,,,,,,,,,,,,,,,,,,,,,,,,,,,,,,
100,0,371.131042,254.863007,5.309646,1661.919189,253482.5,316.974487,MTCS,-102.773064,-67.805229,-0.846489,4.444469,174.358978,644.885986,1.537528,0,0,0,0,11,1.3.6.1.4.1.19291.2.1.3.16012510615619653229917683456,1.3.6.1.4.1.19291.2.1.2.16012510615619653229916573355,1.3.6.1.4.1.19291.2.1.1.16012510615619653229902382229,17,-100.561508,-88.801277,-3.827032,219.22145,267.5479,-100.703003,-86.626831,-2.350904,223.648818,264.473342,-100.873299,-84.397987,-1.17479,228.19963,262.013698,-101.028793,-82.411446,-0.17598,232.257567,259.923002,-101.35244,-79.484375,0.03508,238.284179,259.431071,-101.755302,-76.147919,-0.177102,245.170699,259.800019,-102.152199,-73.055023,-0.686365,251.566253,260.783878,-102.440269,-70.85614,-1.127026,256.116118,261.644752,-102.771812,-68.053818,-1.214218,261.896773,261.767734,-103.135208,-64.559288,-0.655655,269.080184,260.550884,-103.498383,-60.590168,0.639909,277.214293,257.811166,-103.784836,-57.565063,1.498523,283.418654,255.987569,-104.064072,-55.057034,1.653764,288.583434,255.618623,-104.365257,-52.861202,1.033453,293.133773,256.848445,-104.629181,-51.331028,-0.119402,296.331786,259.185107,-104.924744,-50.607258,-2.941362,297.930083,264.965274,-105.101814,-50.283043,-4.801162,298.668456,268.777721,,,,,,,,,,,,,,,,,,,,,,,,,,,,,,,,,,,,,,,,,,,,,,,,,,,,,,,
104,0,270.382812,185.837616,0,1587.584229,322837.0938,262.630219,MTCS,-105.090752,-61.837215,-2.33047,5.306226,205.815186,1134.129395,2.703975,0,0,0,0,11,1.3.6.1.4.1.19291.2.1.3.16012510615619653229917733460,1.3.6.1.4.1.19291.2.1.2.16012510615619653229916573355,1.3.6.1.4.1.19291.2.1.1.16012510615619653229902382229,25,-102.269539,-86.156349,-2.320612,224.977124,264.62707,-102.398041,-84.285591,-1.140994,228.789563,262.167425,-102.513596,-82.718262,-0.257888,231.987592,260.322695,-102.628258,-81.273972,0.446751,234.938672,258.846907,-102.932838,-78.581192,0.549655,240.486327,258.581725,-103.256516,-75.967758,0.275273,245.88458,259.092871,-103.571625,-73.652634,-0.3462,250.68089,260.322695,-103.810936,-71.832878,-0.723051,254.446731,261.060107,-104.089897,-69.300095,-0.525925,259.660995,260.604686,-104.265549,-67.255531,0.293813,263.845273,258.880535,-104.451782,-65.033554,1.246813,268.390317,256.879191,-104.68148,-62.134274,2.667668,274.31413,253.903597,-104.998627,-59.154968,3.046189,280.442105,253.066742,-105.331108,-56.537037,2.661332,285.853803,253.804634,-105.674141,-54.290527,1.561401,290.526639,256.018315,-105.974632,-52.523972,0.286456,294.216596,258.600943,-106.295227,-51.008472,-1.644842,297.413648,262.536371,-106.520477,-50.572102,-3.973647,298.400878,267.309623,-106.663773,-50.151203,-5.233596,299.316024,269.888404,-106.842659,-49.242592,-6.213823,301.226102,271.883024,-107.148552,-47.75386,-7.990459,304.362144,275.501392,-107.400993,-46.190357,-8.938693,307.621175,277.417223,-107.645691,-44.593994,-9.73283,310.942174,279.015993,-107.826775,-43.350243,-10.22408,313.5248,279.99985,-108.076019,-42.369099,-12.030401,315.615498,283.689318,,,,,,,,,,,,,,,
108,0,234.934479,164.59903,0,1576.964844,358979.875,222.954559,MTCS,-106.302055,-64.631386,-2.612354,5.721299,217.874023,1492.126343,3.557506,0,0,0,0,11,1.3.6.1.4.1.19291.2.1.3.16012510615619653229917773464,1.3.6.1.4.1.19291.2.1.2.16012510615619653229916573355,1.3.6.1.4.1.19291.2.1.1.16012510615619653229902382229,28,-103.774033,-88.776512,-6.243001,220.082335,272.959117,-103.761444,-87.72982,-4.45645,222.173034,269.269649,-103.789909,-86.754784,-3.328,224.140746,266.932986,-103.914726,-85.232948,-2.638859,227.252288,265.487468,-104.071579,-83.571655,-2.161166,230.659286,264.473342,-104.06076,-82.586784,-0.493799,232.626998,261.029842,-104.159653,-80.892769,0.807328,236.070495,258.324231,-104.454605,-78.327057,0.842213,241.358733,258.201249,-104.747894,-76.00647,0.520154,246.155044,258.816161,-105.055542,-73.791626,-0.156952,250.746703,260.162238,-105.284561,-72.368057,-1.009315,253.713637,261.883991,-105.490593,-70.485291,-0.844928,257.589019,261.5088,-105.703285,-68.090576,0.022389,262.493423,259.679919,-106.005806,-64.535492,1.486465,269.767623,256.602481,-106.24659,-61.895058,2.359117,275.178374,254.757747,-106.603279,-58.607948,2.68645,281.94287,254.019855,-106.917549,-56.415398,1.886497,286.493209,255.618623,-107.208328,-54.462719,1.028995,290.551147,257.340373,-107.494896,-52.815456,-0.244788,293.995131,259.923002,-107.74115,-51.36311,-1.282477,297.028365,262.024749,-108.026093,-50.631886,-3.951283,298.63626,267.490253,-108.18766,-49.909817,-4.98911,300.163939,269.606891,-108.417671,-48.530128,-5.922445,303.043448,271.495822,-108.646599,-47.66069,-7.630584,304.900191,274.985923,-108.863556,-46.371719,-8.530279,307.591392,276.807597,-109.049942,-45.313469,-9.379084,309.805068,278.529346,-109.239815,-43.983196,-9.853623,312.565444,279.477176,-109.540085,-42.568352,-11.669549,315.550643,283.177692
140,0,320.708771,201.766556,5.309646,1598.203491,334178.5313,304.33255,LTCS,-119.272179,-57.814182,-3.487041,4.796683,186.703339,985.122314,2.348715,0,0,0,0,11,1.3.6.1.4.1.19291.2.1.3.16012510615619653229918113496,1.3.6.1.4.1.19291.2.1.2.16012510615619653229916573355,1.3.6.1.4.1.19291.2.1.1.16012510615619653229902382229,23,-116.886909,-78.921432,-4.323069,243.203475,270.622455,-117.161079,-76.841606,-4.76257,247.507842,271.483329,-117.392555,-74.935234,-4.900913,251.443282,271.729293,-117.58638,-72.774139,-4.143378,255.870162,270.130527,-117.73497,-70.846786,-3.143992,259.806075,268.039829,-117.968102,-68.69529,-2.925391,264.233428,267.5479,-118.162407,-66.871941,-2.696564,267.983901,267.041557,-118.393425,-64.627594,-2.306202,272.596221,266.195094,-118.475151,-63.0415,-0.942971,275.814895,263.364101,-118.561722,-61.595448,0.13901,278.755416,261.113429,-118.782585,-59.445908,0.518123,283.172698,260.291949,-118.978317,-57.653366,0.680342,286.862166,259.923002,-119.233238,-55.507572,0.599545,291.289046,260.045982,-119.558037,-53.378796,-0.439353,295.716872,262.13668,-119.819519,-51.587364,-1.155612,299.437087,263.571635,-120.086288,-50.096027,-2.406578,302.55873,266.110545,-120.321579,-48.432068,-2.970703,306.010398,267.235641,-120.532219,-46.686417,-3.079896,309.613395,267.424918,-120.87011,-44.560921,-4.298429,314.041228,269.884563,-121.187172,-42.921764,-5.991372,317.484252,273.328063,-121.50605,-41.343975,-7.80349,320.805251,277.017532,-121.885147,-39.904495,-10.632437,323.879333,282.797694,-122.177231,-39.05661,-13.216046,325.72454,288.085933,,,,,,,,,,,,,,,,,,,,,,,,,
144,0,250.906982,164.59903,5.309646,1438.914062,266714.125,260.503479,LTCS,-120.728226,-58.88213,-4.362607,5.37783,207.575195,1000.31543,2.384938,0,0,0,0,11,1.3.6.1.4.1.19291.2.1.3.16012510615619653229918153500,1.3.6.1.4.1.19291.2.1.2.16012510615619653229916573355,1.3.6.1.4.1.19291.2.1.1.16012510615619653229902382229,25,-117.882744,-82.715561,-3.277969,235.701552,268.777721,-118.181335,-80.58046,-3.957583,240.128905,270.130527,-118.411949,-78.796883,-4.274411,243.817901,270.745437,-118.687088,-76.901207,-5.011585,247.753814,272.221225,-118.922089,-75.118492,-5.388298,251.443282,272.959117,-119.24662,-72.376274,-5.474905,257.099975,273.082099,-119.455368,-70.279816,-5.016194,261.404845,272.098243,-119.703217,-67.886719,-4.620266,266.323653,271.237365,-119.905067,-65.768639,-4.036137,270.66838,269.995532,-119.981194,-64.018082,-2.343934,274.213729,266.485736,-119.96077,-63.101543,-0.654129,276.039718,262.997558,-120.134544,-60.996803,0.283635,280.343627,261.029842,-120.330307,-59.204025,0.445852,284.033568,260.660896,-120.521667,-57.410393,0.667939,287.723037,260.168964,-120.894272,-54.628658,0.00145,293.483016,261.481899,-121.248611,-52.374668,-1.237758,298.176528,263.981414,-121.557693,-50.303574,-2.156308,302.480903,265.826148,-121.813553,-48.342175,-2.534761,306.538833,266.56404,-122.10778,-46.205975,-3.154492,310.966193,267.793864,-122.46489,-44.146664,-4.731741,315.271056,270.991401,-122.832443,-42.15184,-6.547936,319.451972,274.680869,-123.134811,-40.754063,-8.418195,322.404021,278.493316,-123.424088,-39.66066,-10.584718,324.739722,282.920196,-123.636948,-39.222385,-12.745319,325.72454,287.348037,-123.76664,-39.107635,-14.29731,326.019507,290.532603,,,,,,,,,,,,,,,
148,0,246.21402,148.67009,5.309646,1614.132446,282653.6875,278.794708,LTCS,-122.424019,-57.656944,-4.888875,5.300508,201.676575,1097.098755,2.615687,0,0,0,0,11,1.3.6.1.4.1.19291.2.1.3.16012510615619653229918193504,1.3.6.1.4.1.19291.2.1.2.16012510615619653229916573355,1.3.6.1.4.1.19291.2.1.1.16012510615619653229902382229,23,-119.674393,-81.307045,-4.799023,239.022079,272.098243,-119.907661,-79.314812,-4.828491,243.130446,272.1189,-120.263565,-76.605141,-5.383853,248.73767,273.205081,-120.611794,-74.237167,-6.365189,253.656478,275.172797,-120.88942,-71.973816,-6.566917,258.330276,275.541743,-121.128571,-69.578278,-6.051226,263.249572,274.434905,-121.297989,-67.472458,-5.053579,267.553466,272.344207,-121.450745,-65.344727,-3.79997,271.892913,269.72747,-121.471176,-63.805141,-1.691376,274.987655,265.366885,-121.531326,-62.486996,-0.454908,277.658675,262.801555,-121.796448,-59.678822,0.35271,283.417693,261.087009,-122.061584,-57.350704,0.41776,288.214965,260.90686,-122.365364,-55.094139,-0.143249,292.888289,262.013698,-122.715385,-52.787746,-1.243772,297.6846,264.227378,-123.027039,-50.656155,-2.103017,302.11148,265.94913,-123.310791,-48.455719,-2.483799,306.662299,266.687022,-123.654655,-46.086643,-3.405266,311.581107,268.531757,-124.043968,-43.789864,-5.044707,316.377891,271.852279,-124.424614,-41.798317,-7.040536,320.558806,275.91069,-124.727814,-40.277973,-8.732323,323.756827,279.354194,-124.987526,-39.361084,-10.777576,325.724067,283.53559,-125.137558,-39.153103,-12.456578,326.215995,286.979091,-125.272942,-39.493935,-14.789034,325.601081,291.775398,,,,,,,,,,,,,,,,,,,,,,,,,
152,0,229.73645,148.67009,0,1789.350708,281427.1563,258.532227,LTCS,-124.303619,-55.033531,-5.703708,4.609986,172.512604,1191.129028,2.839873,0,0,0,0,11,1.3.6.1.4.1.19291.2.1.3.16012510615619653229918243508,1.3.6.1.4.1.19291.2.1.2.16012510615619653229916573355,1.3.6.1.4.1.19291.2.1.1.16012510615619653229902382229,20,-122.207832,-74.928154,-8.524604,252.672622,279.846122,-122.382683,-73.314545,-8.360641,255.993133,279.477176,-122.523369,-71.262428,-7.063018,260.175017,276.771568,-122.648422,-69.575195,-6.121186,263.618041,274.803851,-122.783913,-67.644554,-4.942152,267.553954,272.344207,-122.926208,-65.347801,-3.28755,272.22679,268.900703,-123.045883,-63.167892,-1.512037,276.654159,265.211238,-123.250984,-60.640827,-0.338813,281.819884,262.751594,-123.499802,-58.431889,-0.240544,286.370223,262.505626,-123.808777,-56.053833,-0.682964,291.289519,263.366504,-124.155258,-53.623798,-1.545117,296.331786,265.088256,-124.52346,-50.892281,-2.230541,301.988967,266.441058,-124.941292,-47.927872,-3.217686,308.137603,268.408775,-125.278244,-45.617981,-4.138561,312.934394,270.253509,-125.681458,-43.202148,-5.779177,317.976661,273.574027,-126.023827,-41.395721,-7.550943,321.767493,277.176063,-126.313034,-39.984093,-9.224356,324.740684,280.584014,-126.55883,-39.186493,-11.268448,326.461959,284.765411,-126.714989,-39.041431,-13.126503,326.830901,288.577861,-126.804169,-39.431839,-14.919462,326.09349,292.267329,,,,,,,,,,,,,,,,,,,,,,,,,,,,,,,,,,,,,,,,
156,0,291.312103,180.527969,5.309646,1667.228882,187313.6875,295.329681,LTCS,-126.070168,-52.415733,-5.01981,3.575335,141.869751,597.095093,1.423586,0,0,0,0,11,1.3.6.1.4.1.19291.2.1.3.16012510615619653229918283512,1.3.6.1.4.1.19291.2.1.2.16012510615619653229916573355,1.3.6.1.4.1.19291.2.1.1.16012510615619653229902382229,14,-124.011208,-69.532318,-4.03541,263.987472,270.745437,-124.231247,-67.377541,-3.637161,268.414824,269.884563,-124.433723,-64.911453,-2.523251,273.457091,267.5479,-124.62841,-62.627567,-1.587217,278.130416,265.580184,-125.025978,-59.105618,-1.44186,285.385894,265.211238,-125.422874,-56.012733,-1.951123,291.781447,266.195094,-125.870232,-52.564411,-2.583635,298.914412,267.424918,-126.288895,-49.477436,-3.392294,305.309012,269.023685,-126.678909,-46.751381,-4.377117,310.966193,270.991401,-127.05854,-44.268257,-5.599148,316.131446,273.451045,-127.377289,-42.383743,-6.93512,320.066878,276.156654,-127.740944,-40.427261,-8.758656,324.169013,279.861976,-128.022888,-39.353363,-10.857619,326.461959,284.150501,-128.191208,-39.027184,-12.597651,327.199851,287.716983,,,,,,,,,,,,,,,,,,,,,,,,,,,,,,,,,,,,,,,,,,,,,,,,,,,,,,,,,,,,,,,,,,,,,,
160,0,255.051971,159.289383,0,1677.848145,215008.8125,271.383362,LTCS,-127.496353,-53.762054,-5.927723,4.044107,158.624435,790.910583,1.885678,0,0,0,0,11,1.3.6.1.4.1.19291.2.1.3.16012510615619653229918323516,1.3.6.1.4.1.19291.2.1.2.16012510615619653229916573355,1.3.6.1.4.1.19291.2.1.1.16012510615619653229902382229,17,-125.234665,-72.953972,-5.449517,257.345946,273.942973,-125.347618,-71.447395,-4.625712,260.420974,272.221225,-125.60495,-68.626717,-3.694922,266.20114,270.253509,-125.802536,-66.557442,-3.12949,270.445952,269.05107,-126.04232,-64.070953,-2.481567,275.54779,267.670882,-126.353485,-61.123966,-2.07326,281.608031,266.773494,-126.702827,-58.390606,-2.504384,287.259444,267.604106,-127.122253,-55.317974,-3.345435,293.625701,269.269649,-127.428505,-52.994408,-3.835745,298.434493,270.229968,-127.770569,-50.27935,-4.198148,304.045562,270.919822,-128.221573,-46.937679,-5.044154,310.966674,272.590171,-128.591568,-44.577797,-6.32837,315.880202,275.180003,-128.90506,-42.505173,-7.303321,320.189864,277.140514,-129.259552,-40.506836,-8.93987,324.371261,280.461032,-129.515762,-39.466053,-10.746771,326.584937,284.150501,-129.708481,-39.084614,-12.726915,327.445815,288.208915,-129.826309,-39.114117,-14.343696,327.445815,291.529433,,,,,,,,,,,,,,,,,,,,,,,,,,,,,,,,,,,,,,,,,,,,,,,,,,,,,,,
164,0,243.092529,148.67009,5.309646,1651.299927,199578.9688,273.850586,LTCS,-129.056549,-53.807827,-6.611377,4.239484,166.739273,824.723083,1.966293,0,0,0,0,11,1.3.6.1.4.1.19291.2.1.3.16012510615619653229918363520,1.3.6.1.4.1.19291.2.1.2.16012510615619653229916573355,1.3.6.1.4.1.19291.2.1.1.16012510615619653229902382229,17,-126.580536,-74.441475,-5.504957,254.640822,274.311923,-126.805656,-71.858292,-4.51196,259.929046,272.221225,-127.029953,-69.397659,-3.69745,264.971328,270.499473,-127.266487,-67.063095,-3.241058,269.76715,269.515617,-127.549194,-64.371315,-2.848025,275.301833,268.654739,-127.974739,-60.91753,-3.181137,282.434798,269.269649,-128.384674,-57.828384,-3.870045,288.829391,270.622455,-128.757263,-55.097706,-4.615339,294.48706,272.098243,-129.117554,-52.241436,-5.00251,300.390197,272.836135,-129.408249,-49.981579,-5.383885,305.063529,273.574027,-129.756363,-47.306648,-5.889077,310.597251,274.557887,-130.115036,-44.695274,-6.633209,316.008948,276.033672,-130.526016,-42.097469,-8.095931,321.419684,278.985248,-130.836975,-40.395153,-9.609809,324.986167,282.059802,-131.115829,-39.237282,-11.537623,327.445815,285.995235,-131.286743,-38.850365,-13.218354,328.306693,289.438735,-131.449997,-38.9524,-15.55315,328.184188,294.235042,,,,,,,,,,,,,,,,,,,,,,,,,,,,,,,,,,,,,,,,,,,,,,,,,,,,,,,
168,0,253.251862,148.67009,5.309646,1720.325317,206147.0156,298.725037,LTCS,-130.478836,-54.852558,-7.000902,4.326971,170.392242,804.957031,1.919167,0,0,0,0,11,1.3.6.1.4.1.19291.2.1.3.16012510615619653229918403524,1.3.6.1.4.1.19291.2.1.2.16012510615619653229916573355,1.3.6.1.4.1.19291.2.1.1.16012510615619653229902382229,17,-127.95517,-75.875046,-5.860375,252.058181,275.295779,-128.123779,-73.891548,-5.041217,256.116607,273.574027,-128.375885,-71.192581,-4.229014,261.650329,271.852279,-128.628983,-68.709198,-3.763312,266.752639,270.84632,-128.934326,-65.868889,-3.442394,272.596221,270.130527,-129.337982,-62.506256,-3.624647,279.535583,270.437503,-129.751526,-59.444149,-4.403354,285.877822,271.975261,-130.147552,-56.474052,-5.091102,292.026931,273.328063,-130.502884,-53.723961,-5.576204,297.714858,274.269168,-130.819458,-51.178757,-5.861393,302.972831,274.803851,-131.214554,-48.024281,-6.25147,309.49089,275.541743,-131.623688,-45.057465,-7.118851,315.639998,277.263496,-132.015472,-42.393223,-8.222859,321.174201,279.477176,-132.356033,-40.514175,-9.858246,325.109633,282.797694,-132.62001,-39.291416,-11.48724,327.691779,286.118217,-132.824799,-38.985168,-13.744347,328.408057,290.746864,-132.90802,-39.363529,-15.439395,327.691779,294.235042,,,,,,,,,,,,,,,,,,,,,,,,,,,,,,,,,,,,,,,,,,,,,,,,,,,,,,,
172,0,243.677765,138.050797,5.309646,1693.7771,203470.9375,290.849579,LTCS,-132.135666,-54.00058,-7.584795,4.396071,172.130371,812.475769,1.937093,0,0,0,0,11,1.3.6.1.4.1.19291.2.1.3.16012510615619653229918443528,1.3.6.1.4.1.19291.2.1.2.16012510615619653229916573355,1.3.6.1.4.1.19291.2.1.1.16012510615619653229902382229,16,-129.403748,-76.226028,-5.527755,251.681548,274.845165,-129.651398,-73.706268,-4.933272,256.854018,273.574027,-129.923615,-70.95047,-4.301303,262.511672,272.221225,-130.213272,-68.199272,-3.908863,268.168853,271.360347,-130.551743,-65.33754,-3.996634,274.072005,271.483329,-130.96077,-62.063763,-4.387872,280.836028,272.221225,-131.408096,-58.615673,-5.020383,287.96852,273.451045,-131.730194,-56.240677,-5.64244,292.888289,274.680869,-132.009537,-54.039604,-5.963334,297.438155,275.295779,-132.396042,-50.838364,-6.166471,304.045562,275.648872,-132.749283,-48.086067,-6.620251,309.736854,276.525604,-133.133163,-45.297077,-7.426007,315.51702,278.12437,-133.451797,-43.105618,-8.285851,320.067359,279.846122,-133.77832,-41.039131,-9.443914,324.371261,282.182784,-134.053665,-39.757362,-11.133376,327.077346,285.626289,-134.23848,-39.251396,-12.815281,328.183707,289.069789,,,,,,,,,,,,,,,,,,,,,,,,,,,,,,,,,,,,,,,,,,,,,,,,,,,,,,,,,,,,
176,0,227.343506,138.050797,5.309646,1672.538574,223706.0156,275.110229,LTCS,-133.115494,-58.362103,-7.203876,4.846989,191.623795,938.035889,2.236452,0,0,0,0,11,1.3.6.1.4.1.19291.2.1.3.16012510615619653229918483532,1.3.6.1.4.1.19291.2.1.2.16012510615619653229916573355,1.3.6.1.4.1.19291.2.1.1.16012510615619653229902382229,22,-130.373764,-81.729111,-6.781452,240.742858,277.754943,-130.549408,-79.685516,-5.963102,244.925216,276.033672,-130.735458,-77.706627,-5.383473,248.983153,274.803851,-130.940765,-75.793465,-5.162536,252.919066,274.311923,-131.166,-73.517235,-4.645682,257.592391,273.205081,-131.370926,-71.461311,-4.198748,261.814132,272.246204,-131.605835,-69.354141,-4.07235,266.153579,271.944514,-131.918457,-66.646576,-4.053798,271.734862,271.852279,-132.284302,-63.888805,-4.667189,277.44345,273.05664,-132.614853,-61.285015,-5.048155,282.82585,273.786845,-132.91066,-58.914707,-5.32696,287.723037,274.311923,-133.200485,-56.777649,-5.886805,292.149917,275.418761,-133.479889,-54.576107,-6.207704,296.700744,276.033672,-133.834045,-51.656914,-6.415822,302.726867,276.402621,-134.155151,-49.097996,-6.740203,308.014625,277.017532,-134.505066,-46.484657,-7.364582,313.425841,278.247352,-134.865005,-43.939301,-8.227872,318.705909,279.969104,-135.188507,-41.744732,-9.147624,323.264899,281.813838,-135.50296,-40.166309,-10.899855,326.584937,285.380321,-135.665176,-39.776985,-12.460836,327.446296,288.577861,-135.798691,-39.749027,-14.197978,327.569274,292.144344,-135.875504,-40.014282,-15.632557,327.076385,295.095439,,,,,,,,,,,,,,,,,,,,,,,,,,,,,,
180,0,250.476776,132.74115,0,1868.995483,190111.875,316.21347,LTCS,-134.704742,-57.655476,-7.111339,4.515713,181.601898,688.265198,1.640952,0,0,0,0,11,1.3.6.1.4.1.19291.2.1.3.16012510615619653229918533536,1.3.6.1.4.1.19291.2.1.2.16012510615619653229916573355,1.3.6.1.4.1.19291.2.1.1.16012510615619653229902382229,19,-131.959564,-80.39135,-5.666811,243.818374,275.664726,-132.159546,-78.292946,-5.088331,248.122756,274.434905,-132.368271,-76.196724,-4.629617,252.427138,273.451045,-132.615311,-73.925941,-4.412164,257.100463,272.959117,-132.825775,-71.891785,-4.072633,261.281371,272.221225,-133.208633,-68.611229,-4.10459,268.045882,272.221225,-133.637711,-65.281097,-4.676058,274.932876,273.328063,-134.02066,-62.307713,-5.184157,281.082,274.311923,-134.399246,-59.333248,-5.632372,287.231109,275.172797,-134.779602,-56.420612,-6.199773,293.257232,276.279636,-135.117249,-53.681446,-6.466031,298.914412,276.771568,-135.4897,-50.644043,-6.735179,305.186515,277.263496,-135.849991,-47.787773,-7.12235,311.08966,278.001388,-136.162476,-45.533615,-7.803123,315.762504,279.354194,-136.515945,-43.043716,-8.665874,320.928237,281.075946,-136.803329,-41.274105,-9.761152,324.617705,283.289626,-137.022934,-40.469948,-11.445962,326.338973,286.733127,-137.179932,-40.202324,-13.125545,326.953887,290.176631,-137.274185,-40.164307,-14.323742,327.077346,292.636272,,,,,,,,,,,,,,,,,,,,,,,,,,,,,,,,,,,,,,,,,,,,,
184,0,224.352158,127.431503,0,1592.893799,182173.9531,284.634094,LTCS,-136.144577,-58.335472,-7.17081,4.658497,184.949997,777.265015,1.853144,0,0,0,0,11,1.3.6.1.4.1.19291.2.1.3.16012510615619653229918573540,1.3.6.1.4.1.19291.2.1.2.16012510615619653229916573355,1.3.6.1.4.1.19291.2.1.1.16012510615619653229902382229,20,-133.406158,-80.554085,-5.016448,243.817901,274.557887,-133.533966,-79.112595,-4.491462,246.769958,273.451045,-133.75853,-77.11338,-4.393959,250.887938,273.210845,-133.987228,-75.113525,-4.350738,255.009276,273.082099,-134.215988,-72.960938,-4.072255,259.436645,272.467189,-134.483124,-70.63356,-4.035033,264.233428,272.344207,-134.797287,-68.134048,-4.358835,269.398681,272.959117,-135.19136,-65.194641,-5.067803,275.485335,274.35612,-135.590195,-62.071293,-5.555843,281.94287,275.295779,-136.073929,-58.309559,-6.1886,289.721984,276.519836,-136.38118,-55.75029,-6.3277,295.003493,276.754272,-136.770752,-52.607136,-6.661518,301.496078,277.376868,-137.076584,-50.105049,-6.870254,306.662299,277.755424,-137.420334,-47.429028,-7.315562,312.196021,278.616298,-137.742432,-45.054028,-7.937619,317.11579,279.846122,-138.065445,-42.863647,-8.85733,321.666129,281.690856,-138.310211,-41.574467,-10.127609,324.371741,284.273483,-138.522858,-40.829941,-11.811838,325.970031,287.716983,-138.710434,-40.56974,-13.910589,326.585418,292.021365,-138.853577,-40.7286,-16.065151,326.338973,296.448726,,,,,,,,,,,,,,,,,,,,,,,,,,,,,,,,,,,,,,,,
188,0,272.572449,122.121864,10.619292,1922.091919,136558.7969,365.021454,LTCS,-137.548508,-58.970642,-6.68221,4.431026,180.431747,496.713043,1.184256,0,0,0,0,11,1.3.6.1.4.1.19291.2.1.3.16012510615619653229918613544,1.3.6.1.4.1.19291.2.1.2.16012510615619653229916573355,1.3.6.1.4.1.19291.2.1.1.16012510615619653229902382229,18,-134.792679,-81.192856,-4.301316,242.833556,273.327583,-135.046829,-78.838249,-4.048892,247.67839,272.762153,-135.349457,-76.375168,-4.275023,252.764861,273.177219,-135.573624,-74.272034,-4.011722,257.09085,272.594493,-135.864563,-71.70076,-3.914887,262.388213,272.344207,-136.206604,-68.962448,-4.241015,268.045882,272.959117,-136.649246,-65.749367,-5.174434,274.705169,274.811538,-137.086502,-62.336151,-5.726366,281.762725,275.876582,-137.473709,-59.353779,-6.277369,287.932006,276.948352,-137.772369,-56.893307,-6.454802,293.011275,277.263496,-138.161346,-53.675896,-6.665825,299.652312,277.632442,-138.485901,-50.933453,-6.752434,305.309493,277.755424,-138.832275,-48.196457,-7.138443,310.966674,278.493316,-139.156937,-45.760956,-7.701195,316.008948,279.600158,-139.493866,-43.451302,-8.622068,320.805251,281.444892,-139.793503,-41.807537,-10.075483,324.248755,284.396465,-139.974808,-41.177689,-11.51902,325.601562,287.348037,-140.158813,-40.794067,-13.379414,326.46244,291.160487,,,,,,,,,,,,,,,,,,,,,,,,,,,,,,,,,,,,,,,,,,,,,,,,,,
192,0,290.178345,127.431503,5.309646,1815.898926,162209.6875,382.452026,LTCS,-138.975021,-59.704609,-6.647526,4.565469,185.570038,523.171143,1.247337,0,0,0,0,11,1.3.6.1.4.1.19291.2.1.3.16012510615619653229918663548,1.3.6.1.4.1.19291.2.1.2.16012510615619653229916573355,1.3.6.1.4.1.19291.2.1.1.16012510615619653229902382229,21,-136.144501,-82.129379,-3.583759,241.235274,272.098243,-136.429077,-79.806381,-3.786069,246.032058,272.467189,-136.731781,-77.418129,-4.128911,250.968642,273.123412,-136.926834,-75.695427,-4.065676,254.517837,272.959117,-137.164322,-73.545036,-3.906958,258.945189,272.590171,-137.420074,-71.276672,-3.809268,263.618041,272.344207,-137.674118,-69.278847,-4.107138,267.748031,272.915881,-138.000458,-66.929131,-4.824852,272.619277,274.342666,-138.289276,-64.791824,-5.370908,277.046157,275.421165,-138.616058,-62.314644,-5.897328,282.172988,276.452583,-138.975479,-59.450237,-6.26025,288.091979,277.140514,-139.283524,-56.887802,-6.404999,293.380218,277.386478,-139.616776,-54.147762,-6.611372,299.036925,277.755424,-139.905731,-51.825855,-6.873549,303.833709,278.247352,-140.239014,-49.085594,-7.079925,309.49089,278.616298,-140.478378,-47.303967,-7.516521,313.180358,279.477176,-140.81871,-44.811245,-8.199617,318.34513,280.829978,-141.121796,-42.983955,-9.415245,322.158057,283.289626,-141.371872,-41.880249,-11.043078,324.49472,286.610145,-141.553146,-41.250637,-12.486613,325.847045,289.561717,-141.714508,-40.984119,-14.226079,326.461959,293.1282,,,,,,,,,,,,,,,,,,,,,,,,,,,,,,,,,,,
196,0,293.069397,138.050797,0,1996.427002,161774.3125,390.32196,LTCS,-140.458466,-60.009033,-6.707744,4.60605,187.214355,516.13324,1.230558,0,0,0,0,11,1.3.6.1.4.1.19291.2.1.3.16012510615619653229918703552,1.3.6.1.4.1.19291.2.1.2.16012510615619653229916573355,1.3.6.1.4.1.19291.2.1.1.16012510615619653229902382229,19,-137.577286,-82.718124,-3.408381,240.374389,271.975261,-137.825729,-80.649109,-3.521423,244.644179,272.165977,-138.124649,-78.37429,-3.989485,249.351623,273.081619,-138.442413,-75.870163,-4.354054,254.527923,273.78012,-138.691513,-73.612137,-4.183499,259.176742,273.38475,-138.900803,-71.570236,-3.816445,263.372558,272.590171,-139.255905,-68.835442,-4.32222,269.029738,273.574027,-139.696594,-65.606041,-5.204331,275.720733,275.320762,-140.138443,-62.120132,-5.705251,282.926253,276.279636,-140.523987,-59.086025,-6.154047,289.198348,277.140514,-140.900833,-56.049492,-6.483096,295.470916,277.755424,-141.25676,-53.192131,-6.810384,301.374068,278.370334,-141.570801,-50.56358,-6.932845,306.797774,278.569221,-141.865021,-48.249691,-7.277771,311.581107,279.231212,-142.213196,-45.574303,-7.782966,317.11579,280.215068,-142.582443,-43.334114,-9.24219,321.789115,283.16664,-142.875183,-42.05719,-11.17118,324.494239,287.102073,-143.07135,-41.492451,-12.913535,325.724067,290.668559,-143.197784,-41.21719,-14.173952,326.338973,293.251186,,,,,,,,,,,,,,,,,,,,,,,,,,,,,,,,,,,,,,,,,,,,,
200,0,322.6698,143.360443,5.309646,1863.685791,177145.7188,415.509338,LTCS,-141.874847,-60.668556,-6.422915,4.536048,184.906036,501.360535,1.195337,0,0,0,0,11,1.3.6.1.4.1.19291.2.1.3.16012510615619653229918743556,1.3.6.1.4.1.19291.2.1.2.16012510615619653229916573355,1.3.6.1.4.1.19291.2.1.1.16012510615619653229902382229,19,-139.08847,-82.712387,-3.35858,240.743819,272.098243,-139.326904,-80.746376,-3.497519,244.80223,272.344207,-139.606262,-78.545074,-3.818415,249.352584,272.959117,-139.874313,-76.402321,-4.078863,253.779937,273.451045,-140.113541,-74.313988,-4.039313,258.083831,273.328063,-140.332779,-72.28154,-3.819538,262.265716,272.836135,-140.619934,-69.898033,-3.962544,267.184997,273.082099,-141.045578,-66.751198,-4.7718,273.703063,274.680869,-141.52774,-63.004665,-5.407203,281.450942,275.91069,-141.924622,-59.912003,-5.916479,287.846023,276.89455,-142.319717,-56.757515,-6.306555,294.364074,277.632442,-142.654739,-54.079308,-6.632097,299.897796,278.247352,-143.018463,-51.039734,-6.781494,306.16989,278.493316,-143.320511,-48.7211,-7.223321,310.966674,279.354194,-143.622498,-46.402927,-7.665144,315.762504,280.215068,-143.920258,-44.390388,-8.523244,319.9439,281.93682,-144.209503,-42.989567,-10.213851,322.895469,285.380321,-144.446594,-42.189545,-12.138194,324.617225,289.315753,-144.64975,-41.564922,-13.881134,325.970511,292.882236,,,,,,,,,,,,,,,,,,,,,,,,,,,,,,,,,,,,,,,,,,,,,
204,0,330.317932,153.979736,5.309646,1720.325317,133118.125,398.072205,LTCS,-143.281036,-61.350384,-6.036541,4.301187,176.943375,385.58197,0.919299,0,0,0,0,11,1.3.6.1.4.1.19291.2.1.3.16012510615619653229918793560,1.3.6.1.4.1.19291.2.1.2.16012510615619653229916573355,1.3.6.1.4.1.19291.2.1.1.16012510615619653229902382229,18,-140.669205,-82.110466,-3.314587,242.342589,272.221225,-140.965088,-79.729141,-3.577359,247.261886,272.713153,-141.223572,-77.706764,-3.896513,251.443282,273.328063,-141.496811,-75.442543,-4.038357,256.116607,273.574027,-141.715164,-73.533134,-3.997063,260.051558,273.451045,-141.987457,-71.084526,-3.841236,265.093825,273.082099,-142.292938,-68.582588,-4.045289,270.259551,273.451045,-142.66423,-65.835289,-4.747705,275.949889,274.838439,-143.048431,-62.878777,-5.298679,282.065856,275.91069,-143.45224,-59.726711,-5.808534,288.583434,276.89455,-143.798645,-56.989491,-6.194545,294.241088,277.632442,-144.145828,-54.13018,-6.402064,300.143752,278.001388,-144.490433,-51.331356,-6.668903,305.923926,278.493316,-144.817719,-48.834885,-7.172357,311.08966,279.477176,-145.128464,-46.518673,-7.733947,315.885962,280.584014,-145.421036,-44.627605,-8.710636,319.821395,282.55173,-145.746017,-43.112961,-10.70182,323.018935,286.610145,-145.99527,-42.131821,-12.508141,325.109633,290.299613,,,,,,,,,,,,,,,,,,,,,,,,,,,,,,,,,,,,,,,,,,,,,,,,,,
208,0,299.967529,138.050797,5.309646,1773.421753,144884.3125,368.917572,LTCS,-144.807968,-61.327034,-6.169774,4.303742,176.758636,444.662659,1.060158,0,0,0,0,11,1.3.6.1.4.1.19291.2.1.3.16012510615619653229918833564,1.3.6.1.4.1.19291.2.1.2.16012510615619653229916573355,1.3.6.1.4.1.19291.2.1.1.16012510615619653229902382229,18,-142.22998,-81.872086,-3.566505,243.202987,272.959117,-142.491928,-79.666176,-3.647887,247.753814,273.082099,-142.718323,-77.812737,-3.800473,251.580672,273.358329,-142.935745,-76.094193,-4.04203,255.132751,273.819991,-143.232101,-73.498383,-3.979364,260.481994,273.639362,-143.523849,-70.901176,-3.853058,265.831725,273.328063,-143.815369,-68.518768,-4.055947,270.751006,273.697009,-144.179062,-65.843666,-4.76842,276.292892,275.106502,-144.499512,-63.349567,-5.184343,281.450454,275.91069,-144.894608,-60.195076,-5.574433,287.96852,276.648586,-145.261902,-57.278927,-5.962188,293.995131,277.386478,-145.684845,-53.885876,-6.354588,301.005111,278.12437,-146.022491,-51.146694,-6.620845,306.662299,278.616298,-146.356689,-48.591053,-7.124875,311.950057,279.600158,-146.711929,-46.162964,-8.106795,316.992805,281.567874,-147.089035,-44.04776,-9.86427,321.419684,285.134357,-147.339142,-42.943817,-11.492091,323.756827,288.454879,-147.557007,-42.077595,-13.057718,325.601562,291.652415,,,,,,,,,,,,,,,,,,,,,,,,,,,,,,,,,,,,,,,,,,,,,,,,,,
212,0,338.030731,169.908676,5.309646,1757.49292,142648.9688,388.584839,LTCS,-146.401184,-60.736202,-6.309188,4.165293,171.487106,408.11557,0.973023,0,0,0,0,11,1.3.6.1.4.1.19291.2.1.3.16012510615619653229918883568,1.3.6.1.4.1.19291.2.1.2.16012510615619653229916573355,1.3.6.1.4.1.19291.2.1.1.16012510615619653229902382229,18,-143.833405,-81.152832,-3.643443,245.048202,273.328063,-144.037033,-79.485031,-3.779476,248.491698,273.574027,-144.286789,-77.460472,-3.978864,252.673095,273.942973,-144.459946,-76.092209,-4.171874,255.501204,274.311923,-144.735611,-73.540855,-3.901942,260.751021,273.706619,-145.048996,-70.872337,-3.953915,266.25447,273.759944,-145.451752,-67.635117,-4.318135,272.942107,274.443073,-145.851395,-64.59304,-4.942707,279.237258,275.664726,-146.278717,-61.201069,-5.39499,286.247252,276.525604,-146.636414,-58.405533,-5.841463,292.027419,277.386478,-146.99057,-55.486343,-6.049581,298.053542,277.755424,-147.321259,-52.806805,-6.315243,303.587745,278.247352,-147.629257,-50.465687,-6.801518,308.43257,279.199023,-147.945328,-48.113869,-7.37912,313.302855,280.33805,-148.287582,-45.989468,-8.65755,317.730697,282.920676,-148.580215,-44.405567,-10.110381,321.050742,285.872253,-148.838089,-43.119667,-11.560309,323.756347,288.823825,-149.008896,-42.425819,-12.76491,325.232131,291.283469,,,,,,,,,,,,,,,,,,,,,,,,,,,,,,,,,,,,,,,,,,,,,,,,,,
216,0,327.644745,201.766556,21.238585,1773.421753,171358.2031,356.258301,LTCS,-148.14328,-59.026234,-6.703135,3.96696,161.838791,487.277924,1.161761,0,0,0,0,11,1.3.6.1.4.1.19291.2.1.3.16012510615619653229918923572,1.3.6.1.4.1.19291.2.1.2.16012510615619653229916573355,1.3.6.1.4.1.19291.2.1.1.16012510615619653229902382229,17,-145.745758,-78.056,-4.162781,251.811736,274.557887,-145.927673,-76.68969,-4.475543,254.640334,275.172797,-146.079895,-75.19294,-4.190671,257.715377,274.557887,-146.345322,-72.763458,-3.972668,262.71585,274.061633,-146.678207,-69.898407,-3.980915,268.622832,274.021281,-147.054398,-66.843025,-4.272011,274.932876,274.557887,-147.419708,-63.978882,-4.713772,280.854278,275.407714,-147.783691,-61.132889,-5.166117,286.738692,276.279636,-148.13446,-58.396751,-5.612011,292.396361,277.140514,-148.526169,-55.192024,-5.879059,299.013381,277.624755,-148.828049,-52.800205,-6.205557,303.956687,278.247352,-149.212769,-49.888664,-6.83284,309.982818,279.477176,-149.528809,-47.757927,-7.751971,314.410178,281.32191,-149.899811,-45.579578,-9.330379,318.960525,284.519447,-150.178543,-44.114967,-10.782048,322.034598,287.471019,-150.444336,-42.953579,-12.530231,324.49472,291.037505,-150.648254,-42.206867,-14.094694,326.093009,294.235042,,,,,,,,,,,,,,,,,,,,,,,,,,,,,,,,,,,,,,,,,,,,,,,,,,,,,,,
220,0,325.640076,217.695496,15.928938,1513.249146,126348.3438,305.24881,LTCS,-149.591476,-59.350086,-6.32331,3.494655,142.958633,388.046295,0.925174,0,0,0,0,11,1.3.6.1.4.1.19291.2.1.3.16012510615619653229918963576,1.3.6.1.4.1.19291.2.1.2.16012510615619653229916573355,1.3.6.1.4.1.19291.2.1.1.16012510615619653229902382229,14,-147.478104,-76.693787,-4.964674,255.009765,276.402621,-147.643265,-74.893829,-4.383288,258.698745,275.172797,-147.902496,-72.441711,-4.047829,263.7415,274.434905,-148.254898,-69.460686,-4.136762,269.890609,274.557887,-148.629944,-66.362564,-4.346608,276.285689,274.926833,-149.041534,-63.028286,-4.678556,283.17221,275.541743,-149.40184,-60.172016,-5.065727,289.075362,276.279636,-149.799561,-56.956566,-5.396518,295.716872,276.89455,-150.161636,-54.162113,-5.902874,301.497039,277.878406,-150.518494,-51.489132,-6.527819,307.031241,279.10823,-150.88324,-48.941135,-7.451029,312.318999,280.952964,-151.304321,-46.452808,-9.217741,317.515479,284.530975,-151.521683,-45.356491,-10.420645,319.820914,286.979091,-151.739578,-44.490032,-11.986274,321.666129,290.176631,,,,,,,,,,,,,,,,,,,,,,,,,,,,,,,,,,,,,,,,,,,,,,,,,,,,,,,,,,,,,,,,,,,,,,
224,0,350.157196,228.314789,53.096462,1555.726318,113100.7734,306.411224,LTCS,-150.838898,-61.343876,-5.848805,3.185571,131.064102,300.971924,0.717573,0,0,0,0,11,1.3.6.1.4.1.19291.2.1.3.16012510615619653229919013580,1.3.6.1.4.1.19291.2.1.2.16012510615619653229916573355,1.3.6.1.4.1.19291.2.1.1.16012510615619653229902382229,13,-149.102539,-76.410202,-5.995397,255.99266,278.738803,-149.176331,-75.200737,-5.109043,258.452788,276.89455,-149.423477,-72.684929,-4.513808,263.61708,275.62197,-149.716492,-69.995239,-4.261363,269.152724,275.049815,-150.061905,-67.074081,-4.349713,275.178374,275.172797,-150.494385,-63.47961,-4.557855,282.596694,275.528293,-150.810196,-60.956043,-4.866227,287.810943,276.111018,-151.130554,-58.379196,-5.153122,293.134246,276.648586,-151.474335,-55.702934,-5.598433,298.668456,277.50946,-151.852097,-52.932087,-6.35045,304.409225,278.998218,-152.202942,-50.422092,-7.147171,309.613868,280.584014,-152.575607,-47.998615,-8.368621,314.656142,283.043658,-152.884766,-46.234707,-9.763312,318.34513,285.872253,,,,,,,,,,,,,,,,,,,,,,,,,,,,,,,,,,,,,,,,,,,,,,,,,,,,,,,,,,,,,,,,,,,,,,,,,,,
228,0,526.023682,355.746277,79.644691,1683.157837,75747.40625,397.230408,LTCS,-152.474319,-60.204132,-5.702363,2.40913,99.961349,129.496002,0.308743,0,0,0,0,11,1.3.6.1.4.1.19291.2.1.3.16012510615619653229919053584,1.3.6.1.4.1.19291.2.1.2.16012510615619653229916573355,1.3.6.1.4.1.19291.2.1.1.16012510615619653229902382229,10,-150.947632,-72.927513,-5.021438,263.495528,276.89455,-151.288574,-69.698318,-4.573746,270.136092,275.91069,-151.55394,-67.30912,-4.417354,275.055861,275.541743,-151.977722,-63.793499,-4.631268,282.311812,275.91069,-152.381516,-60.641434,-5.141122,288.829391,276.89455,-152.705276,-58.021301,-5.406205,294.241088,277.386478,-153.03511,-55.464569,-5.850352,299.528853,278.247352,-153.338898,-53.207985,-6.411361,304.20217,279.354194,-153.632309,-51.19413,-7.209581,308.384048,280.952964,-153.882278,-49.783463,-8.361257,311.335624,283.289626,,,,,,,,,,,,,,,,,,,,,,,,,,,,,,,,,,,,,,,,,,,,,,,,,,,,,,,,,,,,,,,,,,,,,,,,,,,,,,,,,,,,,,,,,,
