ImageNo,RoiNo,RoiMean,RoiMedian,RoiMin,RoiMax,RoiTotal,RoiDev,RoiName,RoiCenterX,RoiCenterY,RoiCenterZ,LengthCm,LengthPix,AreaPix2,AreaCm2,RadiusWidthCM,RadiusHeightCM,RadiusWidthPIX,RadiusHeightPIX,RoiType,SOPInstanceUID,SeriesInstanceUID,StudyInstanceUID,NumOfPoints,mmX,mmY,mmZ,pxX,pxY,...,,,,,,,,,,,,,,,,,,,,,,,,,,,,,,,,,,,,,,,,,,,,,,,,,,,,,,,,,,,,,,,,,,,,,,,,,,,,,,,,,,,,,,,,,,,,,,,,,,,,,,,,
20,0,1253.259277,1474.156982,41.672283,1922.134033,302035.5,515.730347,LACS,132.855011,-60.093498,3.638524,2.661598,109.175476,230.725235,0.550092,0,0,0,0,11,1.3.6.1.4.1.19291.2.1.3.16012510615619653229922883890,1.3.6.1.4.1.19291.2.1.2.16012510615619653229922673869,1.3.6.1.4.1.19291.2.1.1.16012510615619653229902382229,9,131.931168,-73.254326,4.148771,242.680113,256.068387,132.110443,-70.176849,4.851554,248.953443,254.463582,132.344482,-66.541412,5.183782,256.393904,253.588234,132.566223,-63.317001,5.161874,263.012007,253.460579,132.845123,-59.550491,4.691407,270.769316,254.223092,133.129898,-55.83654,4.00873,278.431455,255.423272,133.33139,-53.373531,3.273617,283.529676,256.797844,133.591934,-50.500221,1.845871,289.511213,259.569779,133.844421,-48.2911,-0.418858,294.179731,264.092408,,,,,,,,,,,,,,,,,,,,,,,,,,,,,,,,,,,,,,,,,,,,,,,,,,,,,,,,,,,,,,,,,
24,0,1475.78772,1593.964844,114.598778,1937.761108,339431.1875,402.923615,LACS,131.338379,-60.061832,3.947208,2.735345,112.198875,232.954926,0.555408,0,0,0,0,11,1.3.6.1.4.1.19291.2.1.3.16012510615619653229922923894,1.3.6.1.4.1.19291.2.1.2.16012510615619653229922673869,1.3.6.1.4.1.19291.2.1.1.16012510615619653229902382229,11,130.349808,-74.209282,4.394333,240.491758,255.484822,130.477707,-71.915321,5.046376,245.160276,254.02591,130.652023,-68.909164,5.751015,251.287138,252.421105,130.858658,-65.850037,5.813523,257.561033,252.129323,131.111282,-62.45047,5.368768,264.56381,252.85878,131.390915,-58.846062,4.633886,272.00427,254.171799,131.629807,-55.735077,4.054278,278.422911,255.193039,131.809387,-53.476009,3.49691,283.092008,256.21428,131.982071,-51.361652,2.872142,287.468168,257.381409,132.164246,-49.476688,1.683797,291.40724,259.715668,132.296173,-48.450405,0.304285,293.595609,262.487603,,,,,,,,,,,,,,,,,,,,,,,,,,,,,,,,,,,,,,,,,,,,,,,,,,,,,,,
28,0,923.530762,1093.897461,10.418071,1906.506958,493165.4375,725.394043,LACS,129.920853,-59.189938,3.325337,3.5585,143.443237,506.744019,1.208172,0,0,0,0,11,1.3.6.1.4.1.19291.2.1.3.16012510615619653229922963898,1.3.6.1.4.1.19291.2.1.2.16012510615619653229922673869,1.3.6.1.4.1.19291.2.1.1.16012510615619653229902382229,15,128.716995,-76.542984,3.679168,235.531446,256.943734,128.80687,-74.521034,4.76548,239.615827,254.609475,128.946213,-71.788414,5.833247,245.159696,252.275212,129.079132,-69.608589,6.198483,249.611097,251.410122,129.247604,-67.231514,6.070217,254.496748,251.545758,129.480453,-64.115829,5.632882,260.916532,252.275212,129.673706,-61.569031,5.210396,266.168043,253.00467,129.884872,-58.810616,4.711189,271.858381,253.880017,130.129868,-55.703487,3.989294,278.277586,255.193039,130.321228,-53.229504,3.497515,283.383787,256.068387,130.53653,-50.548908,2.786758,288.927076,257.381409,130.736221,-48.22942,1.871842,293.741499,259.132103,130.942703,-46.361015,0.114376,297.680555,262.633492,131.101639,-45.129883,-1.555262,300.306608,265.988991,131.208832,-44.458813,-2.925497,301.765516,268.760926,,,,,,,,,,,,,,,,,,,,,,,,,,,,,,,,,,,
32,0,1038.80542,1396.021484,0,1896.088867,551605.6875,691.216248,LACS,128.320526,-60.377506,3.639009,3.664489,148.529114,504.141357,1.201967,0,0,0,0,11,1.3.6.1.4.1.19291.2.1.3.16012510615619653229923003902,1.3.6.1.4.1.19291.2.1.2.16012510615619653229922673869,1.3.6.1.4.1.19291.2.1.1.16012510615619653229902382229,15,127.125725,-77.640297,3.928441,233.050733,256.360169,127.17717,-76.261574,4.889169,235.82266,254.317692,127.275414,-74.393562,5.552336,239.616407,252.85878,127.400612,-72.321274,5.925391,243.846678,251.983429,127.586334,-69.471123,6.135737,249.682905,251.399865,127.782288,-66.702644,5.992246,255.372663,251.545758,128.059647,-62.947884,5.538222,263.104902,252.275212,128.295502,-59.834831,5.029754,269.523542,253.150563,128.521515,-56.863289,4.524982,275.651548,254.02591,128.761536,-53.827488,3.804949,281.924299,255.338929,128.973831,-51.144257,3.16531,287.468733,256.506062,129.193329,-48.540615,2.242988,292.866712,258.256756,129.399429,-46.449005,0.835657,297.242887,261.028691,129.551163,-45.138294,-0.551282,300.015394,263.800625,129.704376,-44.126495,-2.428782,302.203764,267.593796,,,,,,,,,,,,,,,,,,,,,,,,,,,,,,,,,,,
36,0,962.39679,1187.660034,15.627106,1916.925049,593798.8125,710.232666,LACS,126.943283,-58.885075,3.06658,3.903461,156.934952,606.752991,1.446612,0,0,0,0,11,1.3.6.1.4.1.19291.2.1.3.16012510615619653229923043906,1.3.6.1.4.1.19291.2.1.2.16012510615619653229922673869,1.3.6.1.4.1.19291.2.1.1.16012510615619653229902382229,15,125.581696,-77.876312,4.440005,232.321836,255.193039,125.703308,-75.788498,4.916941,236.577757,254.103982,125.81884,-73.647713,5.611087,240.929426,252.566994,125.976875,-71.155106,5.893349,246.027647,251.855206,126.148193,-68.585228,5.996721,251.295118,251.505864,126.386208,-65.179504,5.88831,258.290479,251.545758,126.638817,-61.780205,5.443569,265.292692,252.275212,126.942566,-57.801586,4.742014,273.499082,253.499901,127.214821,-54.284897,4.037511,280.757734,254.755364,127.454872,-51.248802,3.317471,287.031065,256.068387,127.676262,-48.57206,2.464426,292.574934,257.673192,127.899124,-46.194225,1.120821,297.534666,260.299233,128.106705,-44.401264,-0.776794,301.327268,264.091836,128.256332,-43.537025,-2.800334,303.221571,268.192177,128.344666,-43.223675,-4.296393,303.953886,271.241078,,,,,,,,,,,,,,,,,,,,,,,,,,,,,,,,,,,
40,0,940.598694,1114.733521,5.209035,2026.314819,659359.6875,721.716125,LACS,125.407433,-59.29583,3.127507,4.072669,163.542053,664.778259,1.584955,0,0,0,0,11,1.3.6.1.4.1.19291.2.1.3.16012510615619653229923083910,1.3.6.1.4.1.19291.2.1.2.16012510615619653229922673869,1.3.6.1.4.1.19291.2.1.1.16012510615619653229902382229,16,124.008316,-78.762306,4.612566,230.279356,254.755364,124.123619,-76.832085,4.989331,234.217863,253.880017,124.252655,-74.613297,5.500949,238.740492,252.712887,124.392914,-72.315247,5.882845,243.433515,251.807335,124.540985,-70.002174,6.113062,248.166426,251.211804,124.694115,-67.770439,6.105402,252.74661,251.108082,124.950554,-64.224663,5.799216,260.041181,251.545758,125.193291,-60.967178,5.358178,266.75218,252.275212,125.47673,-57.216557,4.761866,274.484419,253.296452,125.78714,-53.261368,3.875428,282.653761,254.901257,126.039009,-50.009808,3.220955,289.365324,256.068387,126.259621,-47.48135,2.158194,294.617414,258.110863,126.476776,-45.322567,0.60672,299.140043,261.17458,126.637589,-44.018616,-0.993618,301.911405,264.38419,126.793022,-43.157459,-3.151677,303.807417,268.760357,126.892639,-42.778267,-4.799349,304.683912,272.116425,,,,,,,,,,,,,,,,,,,,,,,,,,,,,,
44,0,1062.777954,1380.394409,10.418071,2005.478638,699307.875,697.010071,LACS,123.937592,-58.612007,3.388139,4.053614,163.151932,623.681763,1.486973,0,0,0,0,11,1.3.6.1.4.1.19291.2.1.3.16012510615619653229923123914,1.3.6.1.4.1.19291.2.1.2.16012510615619653229922673869,1.3.6.1.4.1.19291.2.1.1.16012510615619653229902382229,17,122.498093,-78.649879,4.901448,230.278791,254.02591,122.652992,-76.15107,5.263365,235.384992,253.150563,122.799919,-73.720955,5.69827,240.345854,252.129323,122.933121,-71.579414,5.998315,244.722593,251.399865,123.057564,-69.655128,6.161654,248.661665,250.962193,123.245514,-66.955894,6.091165,254.204954,250.962193,123.535378,-63.027992,5.622604,262.293379,251.712163,123.724922,-60.436508,5.351354,267.627531,252.129323,123.931099,-57.749699,4.854018,273.17082,253.00467,124.170036,-54.638149,4.274395,279.590605,254.02591,124.363304,-52.091068,3.851901,284.842695,254.755364,124.560745,-49.621227,3.217842,289.948896,255.922493,124.744476,-47.439678,2.448924,294.471525,257.381409,124.945717,-45.287804,1.242766,298.959394,259.737893,125.122681,-43.849228,-0.512664,302.016264,263.258091,125.276939,-42.940765,-2.572118,304.003462,267.429669,125.376625,-42.609573,-4.294742,304.785917,270.941887,,,,,,,,,,,,,,,,,,,,,,,,,
48,0,956.554138,1172.032959,5.209035,2083.614258,762373.625,725.678772,LACS,122.327682,-60.123447,3.420191,4.441353,177.847931,777.468323,1.853629,0,0,0,0,11,1.3.6.1.4.1.19291.2.1.3.16012510615619653229923163918,1.3.6.1.4.1.19291.2.1.2.16012510615619653229922673869,1.3.6.1.4.1.19291.2.1.1.16012510615619653229902382229,18,120.818169,-81.248833,4.833964,224.735487,254.171799,120.963173,-78.892097,5.199592,229.549909,253.296452,121.107605,-76.615196,5.455781,234.207029,252.649628,121.245529,-74.471352,5.653707,238.594587,252.129323,121.394379,-72.043701,6.041951,243.55319,251.203824,121.543526,-69.688927,6.311959,248.369306,250.524518,121.757378,-66.709114,6.091754,254.497312,250.8163,122.011322,-63.370029,5.524821,261.383268,251.799359,122.161438,-61.180424,5.520204,265.876829,251.691647,122.310966,-59.124413,5.324124,270.107679,251.983429,122.514107,-56.435524,4.897927,275.650984,252.712887,122.804771,-52.763939,4.018903,283.237898,254.317692,123.057732,-49.588116,3.224012,289.802427,255.776604,123.28138,-47.061729,2.090118,295.054518,257.964974,123.475357,-44.961575,0.96734,299.431257,260.153344,123.676117,-43.312485,-0.997989,302.932646,264.092408,123.829689,-42.523888,-3.225637,304.683912,268.615037,123.94558,-42.23077,-5.369131,305.413374,272.991772,,,,,,,,,,,,,,,,,,,,
52,0,1098.136597,1396.021484,15.627106,2000.269531,778578.875,708.414429,LACS,121.053047,-56.983582,3.075517,4.117879,164.144714,690.306885,1.64582,0,0,0,0,11,1.3.6.1.4.1.19291.2.1.3.16012510615619653229923203922,1.3.6.1.4.1.19291.2.1.2.16012510615619653229922673869,1.3.6.1.4.1.19291.2.1.1.16012510615619653229902382229,18,119.564056,-77.366875,5.166796,232.467726,253.150563,119.731529,-74.504585,5.803998,238.303388,251.691647,119.876518,-72.148132,6.169632,243.117231,250.8163,120.004013,-70.225647,6.261816,247.056852,250.524518,120.190056,-67.599518,6.122042,252.454267,250.670411,120.401222,-64.84111,5.622835,258.14459,251.545758,120.550728,-62.785366,5.426763,262.374876,251.83754,120.725006,-60.373886,5.2214,267.335737,252.129323,120.885185,-58.027782,5.231327,272.14958,251.983429,121.162476,-54.361317,4.643609,279.708586,252.991562,121.374016,-51.738613,3.928243,285.133344,254.31712,121.569572,-49.341614,3.224617,290.094206,255.630711,121.772064,-46.993229,2.291432,294.969038,257.417309,121.925598,-45.416916,1.271049,298.264692,259.423886,122.094826,-43.67223,0.157568,301.911405,261.612256,122.262886,-42.447037,-1.725504,304.538023,265.405427,122.393593,-41.941074,-3.87457,305.70458,269.782166,122.471489,-41.919426,-5.583824,305.851042,273.283555,,,,,,,,,,,,,,,,,,,,
56,0,1111.393188,1442.902832,0,2047.150879,861329.6875,725.597229,LACS,119.542442,-57.028618,3.131808,4.155283,164.751053,728.659241,1.737259,0,0,0,0,11,1.3.6.1.4.1.19291.2.1.3.16012510615619653229923253926,1.3.6.1.4.1.19291.2.1.2.16012510615619653229922673869,1.3.6.1.4.1.19291.2.1.1.16012510615619653229902382229,18,118.092979,-77.057892,4.880978,232.904829,253.588234,118.207954,-74.903931,5.607878,237.281568,251.983429,118.36174,-72.329666,6.110213,242.534223,250.8163,118.488091,-70.332268,6.342829,246.619184,250.232735,118.628502,-68.270042,6.360169,250.850035,250.086846,118.842667,-65.514259,5.789845,256.539228,251.108082,119.029099,-63.111046,5.299913,261.500089,251.983429,119.204117,-60.551815,5.304275,266.751615,251.83754,119.369255,-58.134396,5.312339,271.711912,251.691647,119.597168,-55.089752,4.876853,277.985807,252.421105,119.805283,-52.329548,4.448801,283.675566,253.150563,120.066223,-49.084763,3.580914,290.385999,254.755364,120.245026,-46.97398,2.813837,294.763304,256.21428,120.448891,-44.731747,1.687363,299.431822,258.402646,120.656456,-42.939068,-0.210246,303.22386,262.195248,120.804741,-41.998039,-2.086165,305.266905,265.988991,120.92749,-41.560772,-4.162251,306.288145,270.219841,120.988258,-41.602161,-5.585067,306.288145,273.137665,,,,,,,,,,,,,,,,,,,,
60,0,1221.790039,1578.337769,5.209035,2088.823242,856474.8125,700.288025,LACS,118.02346,-57.077774,3.369138,4.098475,162.761887,693.541382,1.653532,0,0,0,0,11,1.3.6.1.4.1.19291.2.1.3.16012510615619653229923293930,1.3.6.1.4.1.19291.2.1.2.16012510615619653229922673869,1.3.6.1.4.1.19291.2.1.1.16012510615619653229902382229,19,116.619682,-76.597984,4.876002,233.634855,253.442345,116.706108,-74.94545,5.473608,236.990354,252.129323,116.833214,-72.800041,5.915949,241.366529,251.108082,116.939774,-71.086807,6.155985,244.867918,250.524518,117.0783,-69.09742,6.104033,248.953443,250.524518,117.276512,-66.479294,5.679685,254.351423,251.253975,117.455719,-63.99704,5.472474,259.457609,251.545758,117.638725,-61.368847,5.40384,264.855024,251.545758,117.818726,-58.738022,5.406332,270.253568,251.399865,118.028366,-55.681526,5.397707,276.526319,251.253975,118.18399,-53.629375,5.05934,280.757734,251.83754,118.355545,-51.439831,4.574989,285.279798,252.712887,118.577309,-48.986263,3.371794,290.386564,255.047146,118.730232,-47.155792,2.754425,294.179731,256.21428,118.945877,-44.698635,1.69354,299.285368,258.256756,119.108459,-43.054363,0.574878,302.726347,260.461083,119.2873,-41.806286,-1.51431,305.412229,264.6754,119.38501,-41.50021,-3.231259,306.14282,268.177361,119.476891,-41.414547,-5.155477,306.433462,272.115857,,,,,,,,,,,,,,,
64,0,1353.395874,1640.846191,31.254211,2094.032227,909482,630.758362,LACS,116.536263,-56.677677,3.583521,3.978971,158.847244,637.249573,1.519321,0,0,0,0,11,1.3.6.1.4.1.19291.2.1.3.16012510615619653229923333934,1.3.6.1.4.1.19291.2.1.2.16012510615619653229922673869,1.3.6.1.4.1.19291.2.1.1.16012510615619653229902382229,18,115.149406,-76.140427,4.799893,234.364317,253.442345,115.264381,-73.986473,5.526794,238.741056,251.83754,115.375984,-72.023216,6.037021,242.739393,250.686936,115.515221,-69.96891,6.06847,246.953138,250.512551,115.699318,-67.511497,5.713682,252.017164,251.108082,115.869408,-65.023041,5.719892,257.12335,250.962193,116.065346,-62.254841,5.576407,262.812544,251.108082,116.240402,-59.695065,5.580754,268.065199,250.962193,116.430275,-56.922443,5.579543,273.754957,250.8163,116.582466,-54.645298,5.662465,278.422911,250.524518,116.768883,-52.242363,5.172542,283.383207,251.399865,116.978493,-49.780533,4.253915,288.489973,253.150563,117.189972,-47.246136,3.404581,293.741499,254.755364,117.412872,-44.867752,2.060962,298.702375,257.381409,117.586266,-43.200321,0.735909,302.203184,260.007451,117.73114,-42.03376,-0.718453,304.683912,262.925274,117.86454,-41.306396,-2.588524,306.288145,266.718449,117.928352,-41.349854,-4.082488,306.288145,269.782166,,,,,,,,,,,,,,,,,,,,
68,0,1143.163208,1552.292603,10.418071,2094.032227,906528.4375,725.508728,LACS,115.042488,-56.709194,3.284047,4.210678,167.712906,749.473389,1.786884,0,0,0,0,11,1.3.6.1.4.1.19291.2.1.3.16012510615619653229923373938,1.3.6.1.4.1.19291.2.1.2.16012510615619653229922673869,1.3.6.1.4.1.19291.2.1.1.16012510615619653229902382229,19,113.55999,-77.759583,4.208457,230.862928,254.609475,113.730484,-74.899643,4.774533,236.698011,253.296452,113.829857,-73.106819,5.297275,240.345854,252.129323,113.940216,-71.247643,5.675888,244.138456,251.253975,114.099304,-68.825806,5.826233,249.099333,250.8163,114.259499,-66.479416,5.836153,253.913755,250.670411,114.467255,-63.495758,5.758236,260.041181,250.670411,114.648369,-60.940384,5.62031,265.293272,250.8163,114.806305,-58.443653,5.911079,270.399458,250.086846,114.971443,-56.026218,5.919151,275.35977,249.940953,115.160522,-53.402168,5.70823,280.75717,250.232735,115.415764,-50.376431,4.632489,287.0305,252.275212,115.643257,-47.703545,3.63715,292.574934,254.171799,115.829224,-45.672634,2.587374,296.805204,256.21428,116.029282,-43.576618,1.32233,301.181944,258.694428,116.206047,-42.13472,-0.42373,304.2451,262.195248,116.324303,-41.396469,-1.93839,305.850469,265.259537,116.414757,-41.011608,-3.372338,306.72582,268.177361,116.471375,-40.975475,-4.583589,306.872282,270.657513,,,,,,,,,,,,,,,
72,0,1297.120361,1620.01001,15.627106,2104.450195,861287.9375,641.633667,LACS,113.601379,-55.597576,3.557179,3.896134,155.008957,663.720093,1.582432,0,0,0,0,11,1.3.6.1.4.1.19291.2.1.3.16012510615619653229923413942,1.3.6.1.4.1.19291.2.1.2.16012510615619653229922673869,1.3.6.1.4.1.19291.2.1.1.16012510615619653229902382229,17,112.252594,-74.734253,4.42127,236.844465,253.880017,112.326088,-73.221718,5.09372,239.908186,252.421105,112.44902,-70.999069,5.747633,244.43025,250.962193,112.618004,-68.43515,5.89426,249.682905,250.524518,112.829575,-65.30526,5.954913,256.10211,250.232735,112.99662,-62.814728,6.032269,261.208311,249.940953,113.18042,-60.037968,6.173338,266.898069,249.503281,113.369164,-57.190178,6.312552,272.733717,249.065606,113.558266,-54.565842,6.101631,278.131697,249.357388,113.785385,-51.669765,5.456441,284.113233,250.524518,114.041756,-48.7192,4.240268,290.240675,252.85878,114.240677,-46.548,3.115642,294.763304,255.047146,114.399673,-44.721668,2.355992,298.556471,256.506062,114.582954,-42.912163,1.027229,302.349073,259.132103,114.762817,-41.471775,-0.790261,305.413374,262.779385,114.881393,-40.957256,-2.654774,306.580496,266.57256,114.948997,-40.854778,-4.010146,306.87171,269.344491,,,,,,,,,,,,,,,,,,,,,,,,,
76,0,1177.691406,1547.083496,15.627106,2047.150879,928020.875,675.768188,LACS,112.153778,-54.718948,3.618524,3.99069,158.025833,754.614929,1.799142,0,0,0,0,11,1.3.6.1.4.1.19291.2.1.3.16012510615619653229923453946,1.3.6.1.4.1.19291.2.1.2.16012510615619653229922673869,1.3.6.1.4.1.19291.2.1.1.16012510615619653229902382229,16,110.75412,-75.001572,3.865726,236.115019,254.901257,110.861862,-72.768585,4.875339,240.637068,252.712887,111.029762,-69.534538,6.072392,247.202177,250.086846,111.205246,-66.603004,6.636599,253.184294,248.773823,111.410721,-63.469257,6.83954,259.602934,248.190259,111.642075,-60.05521,6.892772,266.605711,247.898476,111.80722,-57.637791,6.900844,271.566023,247.752585,112.037018,-54.520313,6.534649,277.985243,248.33615,112.296097,-51.34808,5.597464,284.550916,250.086846,112.516708,-48.819607,4.534708,289.803007,252.129323,112.717537,-46.575306,3.479367,294.471525,254.171799,112.927467,-44.337494,2.210613,299.139478,256.651951,113.103264,-42.493237,1.102589,302.990202,258.823796,113.277702,-41.227341,-0.860804,305.705152,262.779385,113.404213,-40.644402,-2.798023,307.017027,266.717881,113.469498,-40.467377,-3.987367,307.451284,269.1456,,,,,,,,,,,,,,,,,,,,,,,,,,,,,,
80,0,1024.592041,1302.258789,5.209035,2161.749756,863731.0625,712.811157,LACS,110.682632,-54.216908,3.630014,4.079722,159.483612,822.828857,1.961777,0,0,0,0,11,1.3.6.1.4.1.19291.2.1.3.16012510615619653229923493950,1.3.6.1.4.1.19291.2.1.2.16012510615619653229922673869,1.3.6.1.4.1.19291.2.1.1.16012510615619653229902382229,18,109.254166,-74.970268,3.800748,235.969114,254.901257,109.41024,-71.951683,4.932235,242.095991,252.421105,109.54274,-69.363213,5.932565,247.348066,250.232735,109.683594,-66.928955,6.509758,252.308943,248.919713,109.842644,-64.507675,6.66011,257.268675,248.482041,109.99482,-62.230537,6.743314,261.936628,248.189688,110.167999,-59.743599,6.678087,267.043958,248.190259,110.294327,-57.746471,6.910717,271.128355,247.606694,110.46138,-55.255951,6.988066,276.234541,247.314909,110.617439,-53.130257,6.752623,280.610716,247.683629,110.80162,-50.8909,6.062004,285.247312,248.978982,111.070038,-47.931679,4.58975,291.407804,251.83754,111.263992,-45.831806,3.466986,295.783979,254.02591,111.44809,-43.873447,2.347911,299.869505,256.21428,111.60968,-42.421211,0.957291,302.932646,258.98621,111.727554,-41.459763,-0.206938,304.975126,261.320473,111.865936,-40.660816,-2.078879,306.726385,265.113644,111.941528,-40.489365,-3.507253,307.163488,268.031472,,,,,,,,,,,,,,,,,,,,
84,0,966.197144,1067.852295,5.209035,2125.286377,765228.125,705.669067,LACS,109.202072,-53.839725,3.660893,3.889808,151.066742,778.300354,1.855613,0,0,0,0,11,1.3.6.1.4.1.19291.2.1.3.16012510615619653229923533954,1.3.6.1.4.1.19291.2.1.2.16012510615619653229922673869,1.3.6.1.4.1.19291.2.1.1.16012510615619653229902382229,16,107.904137,-72.511459,4.099551,240.782957,254.02591,107.992912,-70.413773,5.32628,245.014387,251.399865,108.090782,-68.322578,6.339596,249.245222,249.211495,108.265465,-65.539612,6.694092,254.93498,248.33615,108.470161,-62.554142,6.687323,261.061857,248.190259,108.706482,-59.068779,6.738693,268.211088,247.898476,108.884186,-56.288162,7.022057,273.900282,247.169018,109.049347,-53.870461,7.030114,278.861158,247.023127,109.25058,-51.254684,6.534632,284.258558,247.898476,109.474258,-48.728016,5.400723,289.511213,250.086846,109.714996,-46.13913,3.980412,294.908628,252.85878,109.950821,-43.620735,2.561943,300.161283,255.630711,110.201378,-41.484997,0.227928,304.683348,260.299233,110.350761,-40.619427,-1.788141,306.579923,264.38419,110.441589,-40.457771,-3.572238,307.018171,268.031472,110.48526,-40.561913,-4.708639,306.872282,270.365731,,,,,,,,,,,,,,,,,,,,,,,,,,,,,,
88,0,930.938843,958.462524,0,2224.258057,708444.4375,699.972351,LACS,107.749115,-52.736958,4.18539,3.705605,143.95491,723.865295,1.725829,0,0,0,0,11,1.3.6.1.4.1.19291.2.1.3.16012510615619653229923573958,1.3.6.1.4.1.19291.2.1.2.16012510615619653229922673869,1.3.6.1.4.1.19291.2.1.1.16012510615619653229902382229,15,106.501595,-70.760963,4.48832,244.137892,253.004101,106.571617,-68.399673,6.538316,248.861128,248.676941,106.734779,-65.543457,7.262723,254.679106,247.039654,106.953529,-62.213844,7.468621,261.499525,246.439562,107.173241,-58.995033,7.483286,268.103956,246.237252,107.348137,-56.455196,7.460625,273.317289,246.14778,107.531494,-53.792656,7.436703,278.782514,246.054318,107.723656,-51.427925,6.75978,283.675566,247.314909,107.980148,-48.52948,5.460981,289.700987,249.821278,108.185783,-46.162296,4.486418,294.61685,251.691647,108.390022,-44.14325,3.009787,298.848265,254.609475,108.54744,-42.613773,1.830733,302.057295,256.943734,108.753502,-41.117111,-0.486593,305.266905,261.612256,108.873985,-40.529488,-2.281829,306.579923,265.259537,108.967827,-40.370167,-4.137052,307.017599,269.052708,,,,,,,,,,,,,,,,,,,,,,,,,,,,,,,,,,,
92,0,1033.835571,1192.869141,10.418071,2052.359863,528290,664.576355,LACS,106.436333,-50.033047,4.026457,3.087319,121.494072,471.830963,1.124933,0,0,0,0,11,1.3.6.1.4.1.19291.2.1.3.16012510615619653229923613962,1.3.6.1.4.1.19291.2.1.2.16012510615619653229922673869,1.3.6.1.4.1.19291.2.1.1.16012510615619653229902382229,12,105.250008,-65.243156,7.26998,255.080885,246.877236,105.457832,-61.66428,8.102058,262.37544,244.98065,105.67244,-58.536457,8.091571,268.79466,244.834759,105.870506,-55.685703,8.026857,274.648542,244.814812,106.074234,-53.03616,7.527158,280.115476,245.696999,106.336685,-49.910984,6.442424,286.593397,247.752585,106.589241,-47.106636,5.087674,292.429045,250.378628,106.828072,-44.590878,3.598079,297.680555,253.296452,107.065361,-42.37141,1.689042,302.349073,257.089627,107.266495,-40.945511,-0.626436,305.413374,261.758145,107.388062,-40.615566,-2.840424,306.222608,266.277356,107.437057,-40.689922,-4.050473,306.142256,268.760926,,,,,,,,,,,,,,,,,,,,,,,,,,,,,,,,,,,,,,,,,,,,,,,,,,
96,0,1283.659546,1573.128662,10.418071,2026.314819,436444.25,629.845337,LACS,105.016159,-48.638378,4.264817,2.632665,104.844765,304.511047,0.726011,0,0,0,0,11,1.3.6.1.4.1.19291.2.1.3.16012510615619653229923653966,1.3.6.1.4.1.19291.2.1.2.16012510615619653229922673869,1.3.6.1.4.1.19291.2.1.1.16012510615619653229902382229,11,103.981171,-60.384167,9.428373,264.709135,242.062825,104.139481,-58.110626,9.369001,269.378218,242.062825,104.287102,-56.127716,9.103629,273.463178,242.500498,104.498604,-53.593037,8.254294,278.715269,244.105303,104.676605,-51.630836,7.277514,282.800215,246.001889,104.927979,-48.751858,6.063487,288.780622,248.335579,105.152794,-46.300369,4.788877,293.887388,250.8163,105.389702,-43.857704,3.230265,298.993009,253.879448,105.596794,-42.06179,1.348149,302.790739,257.640137,105.757675,-41.113075,-0.797735,304.865705,261.986672,105.873566,-40.715904,-2.781825,305.799177,266.031163,,,,,,,,,,,,,,,,,,,,,,,,,,,,,,,,,,,,,,,,,,,,,,,,,,,,,,,
156,0,1168.504028,1359.558228,15.627106,2427.4104,938308.6875,642.32019,MACS,81.345482,-64.361244,4.693323,5.306252,216.898895,753.271851,1.79594,0,0,0,0,11,1.3.6.1.4.1.19291.2.1.3.16012510615619653229924274026,1.3.6.1.4.1.19291.2.1.2.16012510615619653229922673869,1.3.6.1.4.1.19291.2.1.1.16012510615619653229902382229,21,79.515785,-91.166435,4.570963,198.62039,251.691647,79.566116,-89.712257,5.672109,201.538786,249.357388,79.661743,-87.52565,6.88178,205.953703,246.761549,79.74585,-85.633194,7.898618,209.776502,244.5766,79.898529,-83.018639,8.487506,215.106672,243.229954,80.147758,-79.393547,8.464033,222.547117,243.084063,80.467728,-75.072533,7.92402,231.446485,243.95941,80.856529,-70.128708,6.798182,241.658888,246.001889,81.06958,-67.297462,6.368276,247.494535,246.731345,81.32412,-63.824795,5.992805,254.643202,247.314909,81.488106,-61.332481,6.141302,259.748823,246.877236,81.670021,-58.62854,6.213086,265.293272,246.585454,81.860252,-56.079388,5.861732,270.545347,247.169018,82.058037,-53.833019,4.877531,275.21388,249.065606,82.245514,-52.100483,3.337195,278.861158,252.129323,82.405975,-50.573059,2.086985,282.070188,254.609475,82.545204,-49.030602,1.334756,285.280378,256.068387,82.712959,-46.987007,0.711836,289.511213,257.235516,82.838104,-45.509655,0.17489,292.574934,258.256756,83.000923,-43.537094,-0.44619,296.659895,259.423886,83.176262,-41.201611,-0.791689,301.473158,260.006882,,,,,
160,0,1227.479126,1453.320923,20.836142,2307.602783,1055632,725.065918,MACS,79.952904,-63.382095,3.677958,5.779805,236.234589,810.032837,1.931269,0,0,0,0,11,1.3.6.1.4.1.19291.2.1.3.16012510615619653229924314030,1.3.6.1.4.1.19291.2.1.2.16012510615619653229922673869,1.3.6.1.4.1.19291.2.1.1.16012510615619653229902382229,20,78.017311,-91.433769,4.015419,197.890928,252.712887,78.052452,-89.969238,5.472272,200.809324,249.64917,78.12941,-88.087029,6.633434,204.602491,247.169018,78.202522,-86.351303,7.656033,208.103315,244.98065,78.320557,-84.199135,8.311779,212.480635,243.521737,78.578903,-80.580246,8.074885,219.921079,243.813519,79.022354,-75.053093,6.619834,231.350187,246.499402,79.392136,-70.521858,5.287569,240.728254,248.986962,79.655762,-67.086761,4.651112,247.815382,250.107361,79.940895,-62.756859,4.904024,256.685682,249.357388,80.200027,-58.989681,4.876841,264.417921,249.211495,80.448837,-55.736336,4.293515,271.128919,250.232735,80.715103,-52.643692,3.073632,277.548139,252.566994,80.922783,-50.255245,2.085728,282.508436,254.463582,81.150238,-47.582909,1.090403,288.05174,256.360169,81.338928,-45.330048,0.319615,292.720823,257.819081,81.461037,-43.850624,-0.146184,295.784544,258.694428,81.645172,-41.297619,-0.355243,301.036054,258.98621,81.836548,-38.823357,-0.847036,306.14282,259.861561,82.027046,-37.09317,-2.458505,309.789533,263.071167,,,,,,,,,,
164,0,1299.276855,1651.26416,15.627106,2260.721436,1209626.75,760.146179,MACS,78.593613,-61.660812,3.054487,5.946694,240.699951,923.838501,2.202603,0,0,0,0,11,1.3.6.1.4.1.19291.2.1.3.16012510615619653229924354034,1.3.6.1.4.1.19291.2.1.2.16012510615619653229922673869,1.3.6.1.4.1.19291.2.1.1.16012510615619653229902382229,21,76.537514,-91.341484,3.592871,197.891493,253.442345,76.549034,-90.30761,4.918582,199.933973,250.670411,76.621231,-88.402092,6.221807,203.766477,247.897906,76.692421,-86.565659,7.441732,207.462202,245.299788,76.819023,-84.464676,7.827389,211.750608,244.397086,77.0793,-80.772392,7.659766,219.337522,244.542977,77.473396,-75.98101,6.181939,229.258116,247.314909,77.84771,-71.473778,4.711524,238.595167,250.086846,78.195099,-66.576172,4.441237,248.661665,250.378628,78.526161,-61.593037,4.667084,258.874052,249.64917,78.862862,-56.986076,4.190798,268.356413,250.378628,79.112823,-53.807632,3.46704,274.922087,251.691647,79.317444,-51.417397,2.550276,279.881819,253.442345,79.516037,-49.022461,1.775785,284.842695,254.901257,79.685699,-46.90575,1.222142,289.219435,255.922493,79.860649,-44.94175,0.316516,293.303816,257.673192,80.006378,-43.031673,-0.018141,297.243452,258.256756,80.210266,-40.194756,-0.234345,303.07797,258.547966,80.392891,-37.937778,-0.863121,307.747053,259.715668,80.555634,-36.560429,-2.394188,310.664884,262.779385,80.604256,-36.59354,-3.532444,310.664884,265.113644,,,,,
168,0,1529.604736,1791.908203,41.672283,2307.602783,1058486.5,639.377197,MACS,77.123657,-61.129883,3.083548,5.715096,234.109879,674.174255,1.607357,0,0,0,0,11,1.3.6.1.4.1.19291.2.1.3.16012510615619653229924394038,1.3.6.1.4.1.19291.2.1.2.16012510615619653229922673869,1.3.6.1.4.1.19291.2.1.1.16012510615619653229902382229,20,75.07148,-90.365952,4.215192,199.642195,251.983429,75.111542,-88.830658,5.670197,202.705915,248.919713,75.212082,-86.518341,6.962516,207.373869,246.14778,75.35482,-84.011261,7.608994,212.480055,244.688868,75.546959,-81.388992,7.326932,217.878034,245.126542,75.93309,-76.666298,5.922092,227.653318,247.752585,76.32795,-71.726898,4.653975,237.865141,250.086846,76.647141,-67.554176,3.904252,246.47273,251.399865,76.945389,-63.388702,3.611929,255.03813,251.77599,77.208008,-59.453579,3.763903,263.104322,251.253975,77.45533,-55.901577,3.671145,270.398893,251.253975,77.698441,-52.867283,2.879957,276.672788,252.712887,77.879112,-50.683949,2.182186,281.194853,254.02591,78.093315,-47.927616,1.61184,286.885176,255.047146,78.262962,-45.811172,1.058204,291.26135,256.068387,78.409027,-44.124851,0.373412,294.762739,257.381409,78.570351,-41.853645,0.242899,299.431257,257.527298,78.741943,-39.663555,-0.241458,303.95445,258.402646,78.932442,-37.403206,-1.041081,308.640638,259.920258,79.071716,-36.456039,-2.706087,310.683691,263.281456,,,,,,,,,,
172,0,1385.51709,1729.39978,31.254211,2416.992432,1086245.375,692.173462,MACS,75.640701,-61.129284,2.591106,5.795434,236.653442,733.734741,1.74936,0,0,0,0,11,1.3.6.1.4.1.19291.2.1.3.16012510615619653229924434042,1.3.6.1.4.1.19291.2.1.2.16012510615619653229922673869,1.3.6.1.4.1.19291.2.1.1.16012510615619653229902382229,19,73.583656,-90.343193,3.865654,199.495741,252.566994,73.625999,-88.957985,5.039795,202.268232,250.086846,73.699921,-87.073692,6.272104,206.061415,247.460801,73.820946,-84.924156,6.856725,210.437574,246.14778,74.010841,-82.151253,6.855506,216.127912,246.001889,74.291595,-78.622032,5.9802,223.422468,247.606694,74.68647,-73.682358,4.712082,233.634855,249.940953,75.002975,-69.731026,3.683357,241.804777,251.83754,75.395233,-64.417526,3.046232,252.74661,252.85878,75.72171,-59.728905,2.923791,262.37544,252.85878,75.952286,-56.463142,2.767313,269.086439,253.00467,76.195,-53.205929,2.326275,275.796873,253.734128,76.46743,-49.521927,1.874099,283.383787,254.463582,76.675537,-46.761723,1.44604,289.073545,255.193039,76.853172,-44.576321,0.819409,293.595609,256.360169,77.029709,-42.315197,0.333196,298.264692,257.235516,77.200134,-40.050468,-0.010737,302.932646,257.819081,77.407951,-37.602234,-0.910102,308.010343,259.531025,77.556465,-36.349781,-2.314151,310.664312,262.341141,,,,,,,,,,,,,,,
176,0,1447.946289,1734.608765,26.045177,2208.631104,1139533.75,627.94928,MACS,74.170975,-60.701035,2.457876,5.828101,237.983246,758.80072,1.809122,0,0,0,0,11,1.3.6.1.4.1.19291.2.1.3.16012510615619653229924474046,1.3.6.1.4.1.19291.2.1.2.16012510615619653229922673869,1.3.6.1.4.1.19291.2.1.1.16012510615619653229902382229,19,72.093948,-90.393265,3.446832,199.203947,253.296452,72.162209,-88.133087,5.381266,203.726576,249.211495,72.233459,-86.469917,6.334566,207.082655,247.169018,72.400131,-83.756203,6.762065,212.625944,246.14778,72.749023,-79.15696,6.001204,222.109449,247.460801,73.102066,-74.635246,5.028778,231.446485,249.211495,73.447479,-70.405968,3.779212,240.199964,251.545758,73.777321,-65.943153,3.235496,249.390547,252.421105,74.033409,-62.173912,3.27946,257.122785,252.129323,74.306602,-58.341896,3.036993,265.000913,252.421105,74.59613,-54.595142,2.298394,272.733717,253.734128,74.854012,-51.348545,1.501938,279.443586,255.192467,75.069778,-48.295635,1.350743,285.717481,255.338929,75.285889,-45.466187,0.849674,291.553694,256.21428,75.464302,-43.132496,0.432768,296.367536,256.943734,75.627533,-40.788177,0.371548,301.181944,256.943734,75.859955,-38.044525,-0.625647,306.87171,258.840321,76.031425,-36.450203,-2.01971,310.226637,261.611683,76.153847,-35.789192,-3.745928,311.686125,265.113644,,,,,,,,,,,,,,,
180,0,1359.578735,1656.473267,26.045177,2198.212891,1034639.438,664.332947,MACS,72.746262,-59.913448,1.867977,5.802593,237.324783,716.217834,1.707596,0,0,0,0,11,1.3.6.1.4.1.19291.2.1.3.16012510615619653229924514050,1.3.6.1.4.1.19291.2.1.2.16012510615619653229922673869,1.3.6.1.4.1.19291.2.1.1.16012510615619653229902382229,21,70.628967,-90.088135,3.018726,199.64163,254.02591,70.703659,-88.055565,4.460745,203.726576,250.962193,70.841125,-85.395767,5.459213,209.125135,248.773823,71.008934,-82.757233,5.746279,214.522535,248.044367,71.226929,-79.85495,5.314517,220.504072,248.773823,71.494774,-76.465454,4.514047,227.507429,250.232735,71.812035,-72.366112,3.695046,235.96855,251.691647,72.153297,-68.059311,2.657038,244.868482,253.588234,72.443565,-64.164818,2.12817,252.891935,254.463582,72.677979,-60.752556,2.110255,259.895292,254.317692,72.938217,-57.060844,1.942654,267.481062,254.463582,73.164986,-53.941299,1.647599,273.900282,254.901257,73.363991,-51.174603,1.43296,279.590605,255.193039,73.567917,-48.337425,1.216481,285.425688,255.484822,73.758141,-45.788277,0.865127,290.677778,256.068387,73.903854,-43.878468,0.530477,294.61685,256.651951,74.05529,-41.749355,0.403675,298.993574,256.797844,74.227638,-39.411243,0.129042,303.807997,257.235516,74.44368,-37.17701,-1.282014,308.477079,260.007451,74.569519,-36.146866,-2.519238,310.664884,262.487603,74.686958,-35.557175,-4.243311,311.977903,265.988991,,,,,
184,0,1487.033813,1729.39978,15.627106,2161.749756,929396.125,581.316284,MACS,71.353874,-58.508732,1.499953,5.594219,228.329407,576.299683,1.374006,0,0,0,0,11,1.3.6.1.4.1.19291.2.1.3.16012510615619653229924554054,1.3.6.1.4.1.19291.2.1.2.16012510615619653229922673869,1.3.6.1.4.1.19291.2.1.1.16012510615619653229902382229,22,69.2714,-87.326263,3.950368,205.03961,251.83754,69.318672,-85.870293,5.122661,207.957426,249.357388,69.418045,-84.077461,5.645403,211.605284,248.190259,69.605995,-81.378227,5.574914,217.148573,248.190259,69.897789,-77.781822,4.555457,224.589598,250.086846,70.187302,-74.035339,3.816865,232.321836,251.399865,70.455124,-70.646126,3.016409,239.324613,252.85878,70.682861,-67.708321,2.421301,245.388792,253.921048,70.913933,-64.559738,2.074324,251.870695,254.463582,71.150604,-61.297832,1.775552,258.582273,254.901257,71.379257,-58.105469,1.549797,265.146803,255.193039,71.559593,-55.698383,1.202153,270.107115,255.776604,71.790833,-52.383667,1.105859,276.914991,255.796551,72.01162,-49.354809,0.805674,283.14842,256.249611,72.217857,-46.473278,0.605267,289.073545,256.506062,72.382202,-44.20443,0.403629,293.741499,256.797844,72.540489,-41.931156,0.344263,298.410017,256.797844,72.701836,-39.659668,0.213758,303.079099,256.943734,72.881752,-37.624355,-0.693737,307.30995,258.694428,73.033417,-36.314453,-2.080372,310.080747,261.465794,73.15358,-35.503101,-3.52574,311.832014,264.38419,73.231117,-35.25798,-4.884852,312.416151,267.156125
188,0,1486.308472,1713.772705,20.836142,2114.868408,928942.8125,546.129089,MACS,69.756477,-59.949768,1.359794,5.608184,229.269257,561.306702,1.338259,0,0,0,0,11,1.3.6.1.4.1.19291.2.1.3.16012510615619653229924604058,1.3.6.1.4.1.19291.2.1.2.16012510615619653229922673869,1.3.6.1.4.1.19291.2.1.1.16012510615619653229902382229,18,67.743599,-88.243301,3.055812,202.997129,253.588234,67.821686,-86.436264,4.076549,206.644407,251.399865,67.965225,-83.780609,4.932737,212.042951,249.503281,68.169937,-80.794868,4.92596,218.170393,249.357388,68.459457,-77.048386,4.187368,225.902616,250.670411,68.772926,-73.094986,3.229783,234.072538,252.421105,69.080315,-69.137451,2.414485,242.242445,253.880017,69.372513,-65.169571,1.954889,250.412351,254.609475,69.664711,-61.201687,1.495299,258.582273,255.338929,69.93409,-57.5159,1.114263,266.168608,255.922493,70.247963,-53.191025,0.716537,275.067411,256.506062,70.584694,-48.583511,0.240251,284.550916,257.235516,70.794357,-45.526733,0.231612,290.824232,257.089627,71.035591,-41.970879,0.281141,298.118238,256.797844,71.23156,-39.20211,0.13765,303.808561,256.943734,71.462425,-36.755035,-1.278965,308.914755,259.715668,71.601509,-35.808628,-2.940884,310.956098,263.070599,71.674088,-35.634823,-4.298133,311.393766,265.842534,,,,,,,,,,,,,,,,,,,,
192,0,1508.897705,1692.936523,10.418071,2239.885254,953623.3125,529.075134,MACS,68.344856,-58.778145,1.065269,5.45856,222.970627,566.425049,1.350462,0,0,0,0,11,1.3.6.1.4.1.19291.2.1.3.16012510615619653229924644062,1.3.6.1.4.1.19291.2.1.2.16012510615619653229922673869,1.3.6.1.4.1.19291.2.1.1.16012510615619653229902382229,20,66.360474,-86.579857,2.877019,206.207304,253.734128,66.434738,-84.919044,3.759186,209.562803,251.83754,66.556549,-82.621208,4.553516,214.230757,250.086846,66.716766,-80.274559,4.563436,219.045728,249.940953,66.972412,-76.877335,4.047547,226.047941,250.8163,67.243286,-73.489914,3.175936,233.051298,252.421105,67.524818,-69.812393,2.51034,240.637647,253.588234,67.811272,-66.064117,1.842896,248.369306,254.755364,68.075714,-62.449089,1.463714,255.810331,255.338929,68.330254,-58.976414,1.088244,262.959013,255.922493,68.558922,-55.783768,0.862474,269.524107,256.21428,68.785683,-52.664223,0.567434,275.943327,256.651951,69.025383,-49.404667,0.197536,282.654325,257.235516,69.262794,-45.995041,0.108495,289.656538,257.235516,69.4664,-42.933846,0.242129,295.930433,256.797844,69.647491,-40.378754,0.104217,301.181944,256.943734,69.827049,-38.119965,-0.453136,305.850469,257.964974,69.989792,-36.74263,-1.984203,308.768293,261.028691,70.106888,-35.92947,-3.358149,310.518987,263.800625,70.200378,-35.546677,-4.863244,311.394338,266.864342,,,,,,,,,,
196,0,1520.494873,1692.936523,26.045177,2260.721436,874284.5625,526.835815,MACS,66.843292,-58.95137,0.722949,5.357337,218.742233,553.913696,1.320633,0,0,0,0,11,1.3.6.1.4.1.19291.2.1.3.16012510615619653229924684066,1.3.6.1.4.1.19291.2.1.2.16012510615619653229922673869,1.3.6.1.4.1.19291.2.1.1.16012510615619653229902382229,20,64.940346,-85.859116,2.082089,207.519758,255.193039,64.991814,-84.48011,3.042809,210.292265,253.150563,65.085846,-82.535408,3.917556,214.230757,251.253975,65.23391,-80.180481,4.212036,219.045728,250.524518,65.500595,-76.71608,3.552005,226.19441,251.691647,65.79998,-72.827789,2.80971,234.217863,253.00467,66.07473,-69.271225,2.110561,241.558012,254.247025,66.32045,-66.038734,1.564491,248.223982,255.193039,66.543396,-63.065407,1.130866,254.351423,255.922493,66.845848,-58.923721,0.708169,262.875807,256.56704,67.070343,-55.82415,0.433115,269.252851,256.964821,67.303909,-52.64587,0.075898,275.796293,257.52673,67.517769,-49.666073,-0.144589,281.924299,257.819081,67.718674,-46.826546,-0.289928,287.759947,257.964974,67.929482,-43.844669,-0.439,293.887953,258.110863,68.086647,-41.496212,-0.35794,298.702375,257.819081,68.241096,-39.369438,-0.555868,303.078535,258.110863,68.405342,-37.483009,-1.340989,306.996511,259.618786,68.570061,-36.244785,-3.129297,309.644216,263.217061,68.685577,-35.728493,-4.922656,310.810774,266.864342,,,,,,,,,,
200,0,1676.039551,1776.281128,36.463249,2213.840088,742485.5,418.609741,MACS,65.343536,-58.958645,0.594376,5.042285,206.210327,438.918945,1.046464,0,0,0,0,11,1.3.6.1.4.1.19291.2.1.3.16012510615619653229924724070,1.3.6.1.4.1.19291.2.1.2.16012510615619653229922673869,1.3.6.1.4.1.19291.2.1.1.16012510615619653229902382229,19,63.509308,-84.609505,2.341274,209.854582,254.463582,63.604492,-82.7397,3.075588,213.647764,252.85878,63.71384,-80.717941,3.725841,217.757795,251.418103,63.884609,-78.16832,3.810553,222.9848,251.108082,64.147461,-74.850418,3.011952,229.841123,252.566994,64.417191,-71.3881,2.280781,236.98979,253.880017,64.685219,-67.872879,1.66865,244.239897,254.946278,64.90873,-64.877266,1.256418,250.411787,255.630711,65.175087,-61.189137,0.946514,257.998701,256.068387,65.387009,-58.282715,0.657025,263.980238,256.506062,65.629745,-55.02523,0.215994,270.691236,257.235516,65.88237,-51.625652,-0.228762,277.694029,257.964974,66.132713,-48.076019,-0.39266,284.98802,258.110863,66.358353,-44.881287,-0.547275,291.553129,258.256756,66.527328,-42.317371,-0.400655,296.805784,257.819081,66.680672,-40.115143,-0.458165,301.328413,257.819081,66.855988,-38.374329,-1.713933,304.975691,260.299233,66.970375,-37.782837,-3.366867,306.288145,263.654732,67.056679,-37.320469,-4.589263,307.30995,266.134884,,,,,,,,,,,,,,,
204,0,1775.056885,1828.37146,88.553604,2333.647949,710022.75,313.797363,MACS,63.791355,-59.659969,0.575546,4.752657,194.673264,366.921326,0.874809,0,0,0,0,11,1.3.6.1.4.1.19291.2.1.3.16012510615619653229924764074,1.3.6.1.4.1.19291.2.1.2.16012510615619653229922673869,1.3.6.1.4.1.19291.2.1.1.16012510615619653229902382229,16,62.141335,-82.956963,1.806787,213.063627,255.338929,62.208767,-81.440018,2.62151,216.127912,253.588234,62.33363,-79.143982,3.3447,220.79643,251.983429,62.557335,-76.022644,3.1208,227.215071,252.275212,62.842316,-72.34108,2.384179,234.813963,253.587666,63.134476,-68.602509,1.574317,242.534223,255.047146,63.44342,-64.348396,1.178447,251.287702,255.630711,63.712776,-60.662884,0.79741,258.873487,256.21428,63.988361,-57.009811,0.227296,266.403974,257.187077,64.221069,-53.865829,-0.163234,272.879041,257.819081,64.500336,-50.037949,-0.547973,280.75717,258.402646,64.724854,-46.76778,-0.56217,287.468733,258.256756,64.928444,-43.706852,-0.42853,293.742063,257.819081,65.14962,-40.561417,-0.559057,300.204588,257.918244,65.307137,-38.959034,-1.628507,303.556669,260.023976,65.467842,-38.132275,-3.95726,305.392286,264.751767,,,,,,,,,,,,,,,,,,,,,,,,,,,,,,
208,0,1671.908203,1854.416626,26.045177,2328.438721,770749.6875,508.314484,MACS,62.365437,-58.769226,0.170615,4.45898,181.13504,396.803223,0.946053,0,0,0,0,11,1.3.6.1.4.1.19291.2.1.3.16012510615619653229924804078,1.3.6.1.4.1.19291.2.1.2.16012510615619653229922673869,1.3.6.1.4.1.19291.2.1.1.16012510615619653229902382229,17,60.830372,-80.896805,0.621177,217.148008,257.52673,60.844982,-79.864449,1.875451,219.191618,254.901257,60.904392,-78.417023,2.763191,222.108885,253.00467,61.047504,-76.133133,3.059526,226.777967,252.275212,61.308117,-72.664597,2.541775,233.926649,253.150563,61.650135,-68.209778,1.713484,243.117796,254.609475,61.927494,-64.455017,1.25946,250.850035,255.338929,62.138641,-61.69688,0.760253,256.539793,256.21428,62.472652,-57.311321,0.004972,265.584486,257.527298,62.697529,-54.26461,-0.359367,271.858381,258.110863,62.929237,-51.074032,-0.656277,278.423475,258.548539,63.178291,-47.518848,-0.782761,285.726591,258.617493,63.368443,-44.815304,-0.895911,291.281294,258.704686,63.528881,-42.553658,-1.02117,295.929869,258.840321,63.700451,-40.36385,-1.505521,300.452497,259.715668,63.815304,-39.400047,-2.598624,302.495542,261.904038,63.86998,-39.43758,-3.879153,302.494978,264.530079,,,,,,,,,,,,,,,,,,,,,,,,,
212,0,1857.88916,1979.433472,98.971672,2385.738281,679987.4375,390.8349,MACS,60.889042,-58.502716,-0.061285,4.146396,170.105148,340.506927,0.811832,0,0,0,0,11,1.3.6.1.4.1.19291.2.1.3.16012510615619653229924844082,1.3.6.1.4.1.19291.2.1.2.16012510615619653229922673869,1.3.6.1.4.1.19291.2.1.1.16012510615619653229902382229,15,59.417225,-79.436142,0.803381,219.920515,256.943734,59.468689,-78.057137,1.764094,222.693022,254.901257,59.592403,-75.686195,2.627717,227.506864,253.00467,59.814995,-72.48941,2.544235,234.071958,253.00467,60.129261,-68.387451,1.79636,242.534223,254.317692,60.382999,-65.063339,1.211186,249.390547,255.338929,60.674438,-61.243462,0.541865,257.269254,256.506062,60.983738,-57.212822,-0.204148,265.58505,257.819081,61.220394,-53.951199,-0.502898,272.296049,258.256756,61.461998,-50.618546,-0.803518,279.152937,258.694428,61.685722,-47.496929,-1.027426,285.572157,258.98621,61.87862,-44.726646,-1.09977,291.26135,258.98621,62.065033,-42.323711,-1.589701,296.221647,259.861561,62.235405,-40.653942,-2.843614,299.723036,262.34171,62.324726,-40.193913,-4.137136,300.744276,264.967755,,,,,,,,,,,,,,,,,,,,,,,,,,,,,,,,,,,
216,0,2058.390381,2088.823242,1250.168457,2562.845459,456962.6563,196.023392,MACS,59.409554,-58.229195,-0.213142,3.765083,155.63176,215.247879,0.513191,0,0,0,0,11,1.3.6.1.4.1.19291.2.1.3.16012510615619653229924894086,1.3.6.1.4.1.19291.2.1.2.16012510615619653229922673869,1.3.6.1.4.1.19291.2.1.1.16012510615619653229902382229,13,58.034519,-77.400948,1.184433,223.860151,255.922493,58.119034,-75.821518,1.712747,227.069761,254.755364,58.306416,-72.776886,2.183892,233.289503,253.626988,58.560482,-69.359695,1.733948,240.328764,254.366131,58.845188,-65.62941,1.078098,248.022825,255.510468,59.137928,-61.782814,0.420603,255.955656,256.651951,59.512684,-56.903564,-0.489958,266.022718,258.256756,59.777111,-53.288811,-0.869147,273.463178,258.840321,60.043446,-49.600937,-1.179029,281.049528,259.277993,60.240177,-46.68417,-1.11281,287.031065,258.98621,60.435333,-44.064255,-1.466019,292.42848,259.569779,60.581417,-42.377651,-2.150818,295.930433,260.882798,60.730431,-41.288879,-3.816738,298.264128,264.238297,,,,,,,,,,,,,,,,,,,,,,,,,,,,,,,,,,,,,,,,,,,,,
220,0,1987.590942,2036.732788,651.129395,2463.873779,421369.2813,291.320923,MACS,57.933849,-57.996918,-0.512877,3.230863,133.13353,172.759491,0.411891,0,0,0,0,11,1.3.6.1.4.1.19291.2.1.3.16012510615619653229924934090,1.3.6.1.4.1.19291.2.1.2.16012510615619653229922673869,1.3.6.1.4.1.19291.2.1.1.16012510615619653229902382229,14,56.73085,-74.82489,0.625829,228.965772,256.797844,56.843136,-72.892334,1.073727,232.904829,255.776604,57.001091,-70.395317,1.364497,238.011595,255.047146,57.195137,-67.699944,1.151721,243.555464,255.338929,57.431015,-64.586609,0.643238,249.974684,256.21428,57.663857,-61.471207,0.205918,256.393904,256.943734,57.871964,-58.711002,-0.222141,262.083662,257.673192,58.065212,-56.164188,-0.644628,267.335172,258.402646,58.291199,-53.170265,-1.114667,273.507063,259.20562,58.486038,-50.348995,-1.152467,279.298826,259.132103,58.662209,-47.864666,-1.28853,284.405027,259.277993,58.83569,-45.601742,-1.703603,289.073545,260.007451,58.968044,-44.203712,-2.523254,291.991377,261.612256,59.028442,-44.021912,-3.595936,292.42848,263.800625,,,,,,,,,,,,,,,,,,,,,,,,,,,,,,,,,,,,,,,,
224,0,1931.998047,1948.179199,1442.902832,2302.393555,181607.8125,183.294373,MACS,56.496727,-57.260387,-0.903431,2.705163,112.871346,75.699661,0.180482,0,0,0,0,11,1.3.6.1.4.1.19291.2.1.3.16012510615619653229924974094,1.3.6.1.4.1.19291.2.1.2.16012510615619653229922673869,1.3.6.1.4.1.19291.2.1.1.16012510615619653229902382229,12,55.502953,-70.886391,0.458817,236.8439,256.797844,55.625484,-69.035217,0.552863,240.637068,256.506062,55.808567,-66.434982,0.439626,245.979765,256.598954,55.988861,-63.999386,0.136579,250.995924,257.089627,56.206844,-61.097378,-0.295184,256.976896,257.819081,56.4161,-58.412079,-0.863675,262.52133,258.840321,56.624966,-55.503868,-1.082009,268.502302,259.132103,56.806099,-52.948227,-1.219935,273.754957,259.277993,56.983398,-50.53907,-1.496439,278.715269,259.715668,57.175514,-47.917088,-1.7785,284.112669,260.153344,57.340256,-45.871143,-2.330295,288.344084,261.17458,57.481674,-44.479862,-3.363077,291.260771,263.216488,,,,,,,,,,,,,,,,,,,,,,,,,,,,,,,,,,,,,,,,,,,,,,,,,,
