ImageNo,RoiNo,RoiMean,RoiMedian,RoiMin,RoiMax,RoiTotal,RoiDev,RoiName,RoiCenterX,RoiCenterY,RoiCenterZ,LengthCm,LengthPix,AreaPix2,AreaCm2,RadiusWidthCM,RadiusHeightCM,RadiusWidthPIX,RadiusHeightPIX,RoiType,SOPInstanceUID,SeriesInstanceUID,StudyInstanceUID,NumOfPoints,mmX,mmY,mmZ,pxX,pxY,...,,,,,,,,,,,,,,,,,,,,,,,,,,,,,,,,,,,,,,,,,,,,,,,,,,,,,,,,,,,,,,,,,,,,,,,,,,,,,,,,,,,,,,,,,,,,,,,,,,,,,,,,,,,,,,,,,,,,,,,,,,,,,,,,,,,,,,,,,,,,,,,,,,,,,,,,,,
36,0,521.882629,206.329666,5.158242,2161.303223,642959.375,575.138489,MEDCONDYLECART,-57.501572,-36.422161,9.895987,4.377642,164.944885,1151.994507,2.746569,0,0,0,0,11,1.3.6.1.4.1.19291.2.1.3.16012510107846657050921592928,1.3.6.1.4.1.19291.2.1.2.16012510107846657050921172891,1.3.6.1.4.1.19291.2.1.1.16012510107846657050912862229,12,-54.878654,-48.829197,-6.214713,272.143441,246.714268,-55.802448,-44.945713,-4.838954,280.271737,243.763856,-56.814331,-40.564034,-2.201557,289.391831,238.212281,-57.646145,-36.869156,0.788031,297.046498,231.962754,-58.223179,-34.151657,4.226139,302.618172,224.827885,-58.561199,-32.381905,7.812353,306.183434,217.421983,-58.728001,-31.330454,11.156759,308.244702,210.535879,-58.683895,-31.069908,15.033018,308.612416,202.587367,-58.408718,-31.734858,18.970842,307.024777,194.544345,-57.943588,-33.221367,22.42222,303.726746,187.52571,-57.452076,-34.928577,24.86377,300.010491,182.58301,-56.876644,-37.039074,26.733946,295.470265,178.824385,,,,,,,,,,,,,,,,,,,,,,,,,,,,,,,,,,,,,,,,,,,,,,,,,,,,,,,,,,,,,,,,,,,,,,,,,,,,,,,,,,,,,,,,,,,,,,,,,,,,
40,0,569.667786,180.538467,0,2228.360352,1021414.375,632.270996,MEDCONDYLECART,-58.861691,-37.329166,8.507086,5.170029,188.396225,1704.200073,4.063129,0,0,0,0,11,1.3.6.1.4.1.19291.2.1.3.16012510107846657050921632932,1.3.6.1.4.1.19291.2.1.2.16012510107846657050921172891,1.3.6.1.4.1.19291.2.1.1.16012510107846657050912862229,15,-55.164871,-54.034019,-7.287587,261.976144,249.160634,-56.271236,-49.541855,-7.043668,271.441686,248.507762,-57.391273,-44.879238,-5.780852,281.218997,245.76212,-58.185501,-41.528595,-4.49354,288.227311,243.011046,-58.986412,-38.013435,-1.990211,295.52567,237.763636,-59.517334,-35.556431,0.790092,300.578629,231.985023,-59.932568,-33.511082,4.058273,304.740273,225.221129,-60.30555,-31.548635,8.100828,308.690629,216.873941,-60.404678,-30.801779,11.166568,310.122384,210.569011,-60.361736,-30.624741,14.263275,310.35051,204.220086,-60.226227,-30.77355,17.781477,309.871446,197.018954,-59.878189,-31.823534,20.914795,307.509271,190.636897,-59.305988,-33.809029,23.774656,303.186311,184.846877,-58.719662,-35.915497,26.06905,298.634683,180.219206,-58.274105,-37.576126,27.283112,295.074307,177.789137,,,,,,,,,,,,,,,,,,,,,,,,,,,,,,,,,,,,,,,,,,,,,,,,,,,,,,,,,,,,,,,,,,,,,,,,,,,,,,,,,,,,,
44,0,450.142212,159.905487,0,2125.195557,1362580.5,569.184021,MEDCONDYLECART,-59.21603,-42.505299,5.257832,6.716455,232.8517,2964.725098,7.068455,0,0,0,0,11,1.3.6.1.4.1.19291.2.1.3.16012510107846657050921682936,1.3.6.1.4.1.19291.2.1.2.16012510107846657050921172891,1.3.6.1.4.1.19291.2.1.1.16012510107846657050912862229,17,-53.48082,-66.76635,-4.619392,235.752679,244.201096,-54.421642,-63.142941,-6.149886,243.468721,247.21234,-55.462589,-59.059509,-7.185528,252.132025,249.194308,-56.533432,-54.79216,-7.661796,261.157068,250.024247,-57.574478,-50.551147,-7.308148,270.087603,249.155202,-58.593849,-46.341301,-6.456779,278.929061,247.267741,-59.386124,-43.021423,-5.371546,285.881972,244.931637,-60.319038,-38.969391,-2.831278,294.311177,239.590262,-60.95565,-36.034813,0.400615,300.350503,232.870364,-61.478214,-33.53334,3.872016,305.464841,225.674662,-61.837662,-31.649845,7.699505,309.258771,217.770688,-61.911903,-30.917801,11.522043,310.623715,209.91614,-61.916355,-30.435717,15.624522,311.448224,201.496714,-61.633694,-31.119547,19.662365,309.816045,193.249467,-61.095577,-32.882637,23.272423,305.927064,185.915259,-60.467537,-35.099152,26.082033,301.119065,180.236044,-59.603943,-38.272949,28.832012,294.294339,174.711627,,,,,,,,,,,,,,,,,,,,,,,,,,,,,,,,,,,,,,,,,,,,,,,,,,,,,,,,,,,,,,,,,,,,,,,,,,,
48,0,428.881866,165.063736,0,2104.562744,1594582.75,540.74939,MEDCONDYLECART,-60.347649,-44.122448,5.742118,7.46169,251.091797,3634.680664,8.665753,0,0,0,0,11,1.3.6.1.4.1.19291.2.1.3.16012510107846657050921732940,1.3.6.1.4.1.19291.2.1.2.16012510107846657050921172891,1.3.6.1.4.1.19291.2.1.1.16012510107846657050912862229,18,-53.915287,-71.105217,-3.325928,227.301205,241.771025,-54.914558,-67.286362,-5.21369,235.446339,245.50738,-55.931976,-63.34409,-6.657737,243.831005,248.330693,-57.031841,-59.003502,-7.521852,253.028771,249.952551,-58.148048,-54.534203,-7.831245,262.472044,250.433785,-59.292522,-49.872662,-7.449595,272.288462,249.493043,-60.361504,-45.415989,-6.186009,281.631251,246.752831,-61.289059,-41.473724,-4.424862,289.865464,243.011046,-62.062244,-38.088856,-2.084298,296.896588,238.101477,-62.717686,-35.074474,1.181272,303.102666,231.309883,-63.188602,-32.70594,5.31995,307.905228,222.751951,-63.431904,-31.224016,9.740703,310.824139,213.646521,-63.490604,-30.473417,14.281558,312.194516,204.320027,-63.297615,-30.825031,18.057438,311.275498,196.59801,-62.915169,-31.952883,21.729832,308.723763,189.114436,-62.248779,-34.216755,25.488775,303.771287,181.492358,-61.438351,-37.170341,28.288916,297.408784,175.85768,-60.581974,-40.436516,29.964872,290.439576,172.536296,,,,,,,,,,,,,,,,,,,,,,,,,,,,,,,,,,,,,,,,,,,,,,,,,,,,,,,,,,,,,,,,,,,,,,
52,0,416.032837,165.063736,0,2109.720947,1785613,535.599121,MEDCONDYLECART,-61.656918,-45.029888,6.163161,8.083898,269.718689,4217.87793,10.056205,0,0,0,0,11,1.3.6.1.4.1.19291.2.1.3.16012510107846657050921772944,1.3.6.1.4.1.19291.2.1.2.16012510107846657050921172891,1.3.6.1.4.1.19291.2.1.1.16012510107846657050912862229,22,-54.174442,-76.148705,-2.007465,217.362035,239.313798,-54.974857,-73.093254,-3.549976,223.880421,242.369038,-56.04911,-68.937599,-5.13521,232.721881,245.474248,-57.128361,-64.747475,-6.594001,241.630146,248.319287,-58.265297,-60.282299,-7.679224,251.101119,250.38979,-59.649845,-54.779484,-8.424805,262.74525,251.729207,-60.814087,-50.049,-8.138713,272.711579,250.981827,-61.639015,-46.603394,-7.107021,279.932265,248.751095,-62.462692,-43.078003,-5.32541,287.286027,244.981608,-63.158485,-40.057346,-3.443635,293.570313,241.02419,-63.814262,-37.141682,-1.062642,299.609643,236.047813,-64.281868,-34.9641,1.506188,304.083058,230.711871,-64.5998,-33.341793,4.505898,307.364793,224.512313,-64.803917,-32.153172,7.731605,309.720994,217.864653,-64.935539,-31.234577,11.156453,311.498193,210.818319,-64.916382,-30.844217,15.290161,312.127709,202.338059,-64.670662,-31.423201,18.937241,310.735062,194.887618,-64.279716,-32.605137,22.434723,308.077409,187.764155,-63.850746,-34.02866,25.152905,304.946671,182.245169,-63.279781,-36.058319,27.578341,300.550927,177.346465,-62.736794,-38.059525,29.257366,296.250237,173.975653,-61.966526,-41.026493,30.506706,289.932271,171.517882,,,,,,,,,,,,,,,,,,,,,,,,,,,,,,,,,,,,,,,,,,,,,,,,,,
56,0,430.577911,159.905487,0,2181.936279,1789481.75,561.02417,MEDCONDYLECART,-62.86301,-46.594482,4.455531,7.847702,268.797363,4028.010254,9.603525,0,0,0,0,11,1.3.6.1.4.1.19291.2.1.3.16012510107846657050921822948,1.3.6.1.4.1.19291.2.1.2.16012510107846657050921172891,1.3.6.1.4.1.19291.2.1.1.16012510107846657050912862229,23,-55.769642,-76.006477,-2.507247,218.448342,240.403906,-56.481483,-73.271194,-3.720382,224.275838,242.795413,-57.325897,-70.009239,-5.00699,231.217887,245.319449,-58.149258,-66.822304,-6.205902,237.997533,247.666417,-58.961323,-63.679653,-7.393209,244.683213,249.991114,-59.813606,-60.353359,-8.391843,251.747472,251.923113,-60.646381,-57.024136,-8.668718,258.784029,252.376647,-61.509483,-53.544117,-8.694326,266.126925,252.310381,-62.386578,-49.936913,-8.094915,273.70881,250.959559,-63.309822,-46.078838,-6.924238,281.793111,248.430091,-64.09523,-42.713089,-5.188763,288.812287,244.760544,-64.838837,-39.440323,-2.784023,295.603883,239.723336,-65.447891,-36.708611,-0.362308,301.253224,234.669832,-65.943352,-34.374584,2.595847,306.038411,228.531108,-66.20488,-32.907135,6.238543,308.963296,221.019834,-66.435143,-31.579615,9.759466,311.598676,213.762756,-66.440536,-31.121525,13.616261,312.384076,205.847375,-66.284897,-31.332489,17.303093,311.765969,198.30297,-66.038933,-32.006741,20.116709,310.211461,192.56292,-65.705025,-33.037659,22.914536,307.905228,186.867407,-65.265968,-34.507309,25.584682,304.67944,181.448363,-64.734207,-36.388535,27.923853,300.6009,176.721297,-64.060829,-38.829475,30.367016,295.336652,171.800322,,,,,,,,,,,,,,,,,,,,,,,,,,,,,,,,,,,,,,,,,,,,,
60,0,433.664215,154.747253,0,2212.885742,1804476.75,567.142334,MEDCONDYLECART,-63.840492,-49.039806,3.117366,7.887439,271.445129,4043.894531,9.641396,0,0,0,0,11,1.3.6.1.4.1.19291.2.1.3.16012510107846657050921862952,1.3.6.1.4.1.19291.2.1.2.16012510107846657050921172891,1.3.6.1.4.1.19291.2.1.1.16012510107846657050912862229,24,-56.867226,-77.772148,-2.12165,215.468057,239.745604,-57.409557,-75.717735,-3.307004,219.857827,242.103436,-57.979908,-73.496788,-4.019668,224.576745,243.487391,-58.502281,-71.461754,-4.664267,228.90025,244.738274,-59.220306,-68.676819,-5.659189,234.822255,246.681136,-59.917671,-66.002853,-6.898084,240.521569,249.127501,-60.657482,-63.13752,-7.959313,246.616298,251.203435,-61.663177,-59.186882,-8.911342,254.995531,253.018654,-62.540466,-55.681454,-9.218462,262.405236,253.528132,-63.292595,-52.60812,-8.880631,268.873112,252.731326,-64.139816,-49.092541,-8.025656,276.249682,250.860161,-64.963051,-45.619289,-6.688931,283.514365,248.003714,-65.862129,-41.757549,-4.623885,291.564446,243.64219,-66.591354,-38.543011,-2.22082,298.233289,238.610413,-67.181831,-35.852234,0.501491,303.782151,232.942603,-67.604515,-33.741798,4.079378,308.066548,225.542132,-67.818497,-32.529915,7.158849,310.478692,219.193208,-67.938507,-31.579969,11.27502,312.289567,210.729785,-67.888916,-31.415943,14.493663,312.484559,204.131552,-67.665779,-31.882631,18.327942,311.320039,196.293843,-67.312416,-32.911011,21.841963,308.985562,189.131274,-66.954491,-34.07589,24.312397,306.412099,184.110903,-66.403702,-36.000492,26.946899,302.228188,178.78039,-65.796165,-38.210995,29.078093,297.464726,174.490561,,,,,,,,,,,,,,,,,,,,,,,,,,,,,,,,,,,,,,,,
64,0,408.693329,159.905487,0,2202.569336,2139509.5,542.092712,MEDCONDYLECART,-65.430428,-48.517857,6.161766,9.016435,291.871094,5154.856445,12.290135,0,0,0,0,11,1.3.6.1.4.1.19291.2.1.3.16012510107846657050921912956,1.3.6.1.4.1.19291.2.1.2.16012510107846657050921172891,1.3.6.1.4.1.19291.2.1.1.16012510107846657050912862229,25,-57.38475,-81.713303,-0.275285,207.829686,236.16948,-58.343742,-78.078033,-2.349061,215.596242,240.293103,-59.267696,-74.618706,-4.728304,223.005944,245.048415,-60.005424,-71.777596,-5.929413,229.056134,247.411677,-60.975391,-67.979134,-6.952092,237.117623,249.376809,-61.865746,-64.506493,-8.015211,244.493652,251.435904,-62.759289,-60.984116,-8.752203,251.959302,252.825291,-63.631996,-57.526722,-9.320519,259.279929,253.871405,-64.736588,-53.039539,-9.057425,268.734064,253.179429,-65.798859,-48.628819,-7.960659,277.987775,250.78249,-66.552177,-45.46434,-6.859585,284.612079,248.419228,-67.422157,-41.728333,-4.868013,292.400361,244.212502,-68.133118,-38.555031,-2.177869,298.96872,238.594119,-68.74485,-35.684639,1.37384,304.857594,231.221348,-69.141693,-33.68681,4.878026,308.907891,223.975677,-69.335716,-32.468349,8.72773,311.297768,216.04889,-69.372711,-31.847263,12.897904,312.41232,207.48607,-69.284454,-31.796293,16.496572,312.350945,200.113301,-69.101936,-32.221073,19.252211,311.325471,194.483512,-68.744881,-33.321121,22.26465,308.863355,188.35076,-68.257675,-34.956955,25.183647,305.275281,182.427668,-67.680618,-37.006878,27.647079,300.834996,177.451838,-67.036324,-39.361813,29.813025,295.765199,173.095744,-66.446976,-41.609833,30.963951,290.96861,170.815039,-65.735985,-44.385365,31.791122,285.074303,169.215453,,,,,,,,,,,,,,,,,,,,,,,,,,,,,,,,,,,
68,0,397.413422,159.905487,0,2181.936279,2221938.5,527.713989,MEDCONDYLECART,-66.345192,-51.055035,6.24899,9.394698,300.349915,5556.804688,13.248455,0,0,0,0,11,1.3.6.1.4.1.19291.2.1.3.16012510107846657050921952960,1.3.6.1.4.1.19291.2.1.2.16012510107846657050921172891,1.3.6.1.4.1.19291.2.1.1.16012510107846657050912862229,26,-58.17696,-84.498985,1.98673,202.609433,231.702583,-58.819164,-82.240372,-0.955909,207.512482,237.652833,-59.513264,-79.599411,-2.370065,213.150418,240.459309,-60.164219,-77.172211,-4.134674,218.353833,243.990895,-60.837364,-74.589386,-5.315308,223.858153,246.321025,-61.834198,-70.699211,-6.485624,232.120066,248.585433,-62.772831,-67.047356,-7.686707,239.880648,250.920994,-63.812195,-62.955631,-8.592552,248.555357,252.636817,-64.731522,-59.287899,-8.964431,256.310507,253.273394,-65.873787,-54.67033,-8.892839,266.048712,252.969227,-66.946045,-50.249596,-8.063808,275.336099,251.120331,-68.013939,-45.772312,-6.579141,284.71202,247.926587,-68.779518,-42.481819,-4.801573,291.570424,244.173394,-69.623764,-38.726799,-1.723882,299.34784,237.741368,-70.179283,-36.139626,1.329762,304.662602,231.398417,-70.501839,-34.394009,5.254486,308.161057,223.299994,-70.684166,-33.21624,9.161342,310.462399,215.257515,-70.735611,-32.593414,12.831635,311.604108,207.71854,-70.630424,-32.58469,16.660908,311.442792,199.874856,-70.477463,-32.90052,19.325367,310.651418,194.428109,-70.066017,-34.131126,23.123583,307.876984,186.690341,-69.645515,-35.543449,25.638977,304.779382,181.586325,-69.047653,-37.681141,28.068865,300.155511,176.682189,-68.37149,-40.175423,30.139809,294.796212,172.525431,-67.695175,-42.768253,31.345007,289.269624,170.145331,-67.041687,-45.311535,32.173882,283.865243,168.534339,,,,,,,,,,,,,,,,,,,,,,,,,,,,,,
72,0,382.325623,154.747253,0,2171.619873,2152111,523.215698,MEDCONDYLECART,-67.544533,-52.533215,5.545885,9.380094,302.147858,5554.467285,13.242882,0,0,0,0,11,1.3.6.1.4.1.19291.2.1.3.16012510107846657050922002964,1.3.6.1.4.1.19291.2.1.2.16012510107846657050921172891,1.3.6.1.4.1.19291.2.1.1.16012510107846657050912862229,27,-59.328518,-86.028603,2.533334,200.119614,230.706439,-59.979458,-83.749443,-0.539314,205.072091,236.922291,-60.506187,-81.791153,-2.017677,209.272843,239.883566,-61.04829,-79.703499,-2.901018,213.718556,241.621657,-61.900482,-76.482231,-4.824701,220.604661,245.451979,-62.84391,-72.798897,-5.918387,228.426619,247.566475,-63.598064,-69.885239,-7.064214,234.627263,249.814047,-64.556816,-66.141403,-8.169784,242.577406,251.950814,-65.474083,-62.520996,-8.886663,250.24891,253.295662,-66.420982,-58.71291,-9.001529,258.28813,253.401034,-67.441322,-54.543411,-8.541152,267.062779,252.315814,-68.373596,-50.678249,-7.629943,275.174239,250.317551,-69.349709,-46.573395,-6.163469,283.765302,247.173775,-70.151726,-43.12212,-4.26447,290.957204,243.166388,-70.798241,-40.256294,-1.993496,296.896588,238.41705,-71.285004,-38.002449,0.566114,301.531319,233.097402,-71.634315,-36.246727,3.625651,305.091695,226.770746,-71.924843,-34.650246,7.374388,308.283807,219.037866,-72.083328,-33.626793,10.767788,310.2837,212.052365,-72.070923,-33.154327,15.386468,311.063668,202.575961,-71.919647,-33.333385,19.199785,310.506936,194.771384,-71.623535,-34.208073,22.030268,308.528771,189.003634,-71.161842,-35.734184,25.009233,305.169366,182.953986,-70.568489,-37.823776,27.703234,300.634572,177.507239,-69.806305,-40.62759,30.106558,294.606652,172.680232,-69.209869,-42.885265,31.424973,289.781815,170.056799,-68.642982,-45.116055,31.926983,285.052033,169.104651,,,,,,,,,,,,,,,,,,,,,,,,,
76,0,398.524872,149.589005,0,2150.986816,2076713.125,543.17511,MEDCONDYLECART,-68.894135,-53.461147,4.3473,8.910485,298.464294,5134.821289,12.242368,0,0,0,0,11,1.3.6.1.4.1.19291.2.1.3.16012510107846657050922042968,1.3.6.1.4.1.19291.2.1.2.16012510107846657050921172891,1.3.6.1.4.1.19291.2.1.1.16012510107846657050912862229,26,-60.818188,-86.347778,1.719573,200.247258,232.455394,-61.479385,-83.973312,-0.876547,205.37843,237.691941,-61.938225,-82.246964,-1.983512,209.072419,239.900403,-62.523827,-79.998451,-2.996549,213.86358,241.898667,-63.171169,-77.525063,-4.224147,219.139233,244.328736,-63.96851,-74.463371,-5.601828,225.663052,247.046136,-64.829033,-71.16156,-7.110785,232.699611,250.024247,-65.79055,-67.423676,-8.367669,240.644321,252.471156,-66.833839,-63.319798,-9.306062,249.346189,254.253241,-67.711319,-59.794685,-9.445924,256.789569,254.419448,-68.551338,-56.331612,-8.79823,264.065114,252.97466,-69.53894,-52.244843,-7.901589,272.64477,250.998665,-70.518951,-48.104424,-6.25989,281.302644,247.49478,-71.357315,-44.507988,-4.373923,288.801423,243.509118,-72.065819,-41.397972,-2.155804,295.258435,238.859721,-72.752716,-38.286476,0.846152,301.681775,232.604762,-73.233917,-35.954384,4.295984,306.439801,225.45903,-73.440353,-34.761318,7.478394,308.807408,218.899905,-73.563705,-33.808262,11.502756,310.629147,210.624413,-73.541023,-33.542606,14.660043,311.041402,204.14839,-73.373428,-33.827347,18.121105,310.278268,197.068923,-73.053398,-34.717514,21.668091,308.233838,189.834115,-72.61525,-36.132271,24.791317,305.102555,183.48519,-72.043098,-38.137699,27.47304,300.745919,178.060713,-71.516106,-40.065929,29.226686,296.595681,174.53456,-71.018135,-41.914501,30.64913,292.629029,171.684088,,,,,,,,,,,,,,,,,,,,,,,,,,,,,,
80,0,416.990692,159.905487,5.158242,2166.461426,2328059,551.647522,MEDCONDYLECART,-69.47094,-57.540051,2.861336,9.26207,304.166962,5431.108398,12.948772,0,0,0,0,11,1.3.6.1.4.1.19291.2.1.3.16012510107846657050922092972,1.3.6.1.4.1.19291.2.1.2.16012510107846657050921172891,1.3.6.1.4.1.19291.2.1.1.16012510107846657050912862229,29,-61.972546,-87.867012,2.258056,197.779710,231.475545,-62.405258,-86.417709,-0.365885,200.960420,236.800624,-62.790180,-85.045860,-1.969720,203.929841,240.038909,-63.409199,-82.656013,-2.925447,209.016476,241.914961,-63.875465,-80.828674,-3.404565,212.894051,242.833977,-64.389435,-78.798485,-3.792385,217.195287,243.559088,-64.898003,-76.825768,-4.495349,221.390061,244.931637,-65.471928,-74.673399,-5.941813,225.998732,247.820949,-65.749697,-73.600736,-6.368150,228.281722,248.657611,-66.084880,-72.309449,-6.909925,231.031340,249.723254,-66.396662,-71.098450,-7.326674,233.605716,250.535556,-66.784425,-69.588544,-7.811539,236.813863,251.477178,-67.515327,-66.709198,-8.431220,242.917420,252.648223,-68.288643,-63.610634,-8.626025,249.463510,252.941527,-69.383141,-59.189121,-8.583522,258.789461,252.703625,-70.357323,-55.200935,-8.079554,267.179558,251.535302,-71.373016,-51.003784,-7.209141,275.993314,249.609278,-72.377052,-46.785507,-5.736332,284.823365,246.448666,-73.305244,-42.751568,-3.187545,293.214005,241.090453,-73.988266,-39.672474,-0.333810,299.575967,235.140203,-74.523567,-37.124283,3.096510,304.790788,228.027061,-74.851006,-35.337360,7.211993,308.367455,219.536481,-74.992760,-34.412422,10.331517,310.172353,213.115317,-74.945656,-34.092838,14.836590,310.635121,203.876813,-74.689064,-34.664619,18.934883,309.236501,195.501925,-74.333878,-35.704338,22.413826,306.879758,188.411597,-73.748421,-37.657181,26.035261,302.589928,181.060553,-73.023415,-40.274033,28.764826,296.941129,175.558947,-71.947395,-44.326019,31.329491,288.272393,170.444068
84,0,374.209961,149.589005,0,2269.626465,1833254.625,529.070862,MEDCONDYLECART,-71.209816,-56.65379,3.81354,8.725397,290.652863,4814.739258,11.479234,0,0,0,0,11,1.3.6.1.4.1.19291.2.1.3.16012510107846657050922142976,1.3.6.1.4.1.19291.2.1.2.16012510107846657050921172891,1.3.6.1.4.1.19291.2.1.1.16012510107846657050912862229,25,-63.705711,-87.328735,0.338012,199.768197,235.461207,-64.175964,-85.712372,-2.14816,203.294892,240.498416,-64.674385,-83.7854,-2.893585,207.395161,241.9595,-65.298264,-81.33786,-3.512701,212.587712,243.144118,-65.931129,-78.843437,-4.037928,217.874772,244.134831,-66.559433,-76.42688,-5.088769,223.022239,246.204789,-67.355286,-73.373329,-6.4854,229.529765,248.961295,-68.172974,-70.164124,-7.284796,236.337655,250.489188,-69.100357,-66.488022,-7.870283,244.120506,251.563002,-70.021103,-62.762409,-7.781183,251.976139,251.253405,-70.995583,-58.787663,-7.406659,260.343967,250.350682,-71.880516,-55.125702,-6.602909,268.031766,248.579459,-72.853394,-51.037533,-5.168511,276.589154,245.501948,-73.673805,-47.53841,-3.502609,283.892943,241.970362,-74.432938,-44.222015,-1.266183,290.784478,237.276428,-75.075958,-41.336388,1.304382,296.751569,231.912783,-75.562706,-39.052727,4.128136,301.43681,226.051067,-75.870758,-37.473537,7.098871,304.628926,219.912343,-76.002258,-36.574371,10.356441,306.372994,213.209282,-75.974098,-36.201389,14.657771,306.95797,204.386292,-75.730408,-36.67728,19.143478,305.743478,195.214596,-75.324577,-37.86758,23.098009,303.046719,187.15528,-74.761436,-39.7537,26.513081,298.907346,180.224639,-74.04998,-42.35445,28.901894,293.308514,175.420443,-73.062469,-46.119225,30.84815,285.274728,171.562422,,,,,,,,,,,,,,,,,,,,,,,,,,,,,,,,,,,
88,0,429.914337,159.905487,0,2233.518799,1932035,568.049927,MEDCONDYLECART,-72.320114,-58.57151,2.401469,8.240759,286.242645,4365.492676,10.408146,0,0,0,0,11,1.3.6.1.4.1.19291.2.1.3.16012510107846657050922182980,1.3.6.1.4.1.19291.2.1.2.16012510107846657050921172891,1.3.6.1.4.1.19291.2.1.1.16012510107846657050912862229,22,-64.837891,-88.81646,1.946226,197.316941,232.289189,-65.487457,-86.571838,-1.382807,202.208585,239.031357,-66.013062,-84.602493,-2.723461,206.426175,241.710192,-66.712822,-81.885078,-3.663428,212.20316,243.542792,-67.306656,-79.552727,-4.229186,217.150205,244.62204,-68.060333,-76.611984,-5.118511,223.395928,246.343295,-68.820213,-73.677704,-6.286166,229.641112,248.63486,-69.647942,-70.458542,-7.355947,236.482676,250.716225,-70.63604,-66.556541,-8.110131,244.750021,252.127883,-71.706131,-62.245514,-8.173711,253.847847,252.111044,-72.763863,-57.87965,-7.311412,263.017914,250.195883,-73.75045,-53.726177,-5.789004,271.708917,246.935876,-74.714317,-49.629105,-3.954592,280.266305,243.038746,-75.690216,-45.399364,-1.37672,289.068658,237.61427,-76.451691,-41.99971,1.512247,296.105214,231.580917,-77.037216,-39.2547,4.890493,301.737717,224.567715,-77.34816,-37.586403,8.546017,305.085717,217.023308,-77.476128,-36.562283,13.033798,307.035642,207.796211,-77.277039,-36.954025,16.672455,306.038411,200.356633,-76.960365,-37.80809,20.418785,304.060788,192.712287,-76.547394,-39.089722,23.820875,301.197282,185.787619,-75.797096,-41.704994,27.466597,295.508832,178.409419,,,,,,,,,,,,,,,,,,,,,,,,,,,,,,,,,,,,,,,,,,,,,,,,,,
92,0,389.314606,165.063736,0,2156.14502,2294231,501.185181,MEDCONDYLECART,-73.215271,-60.977192,4.350388,9.519718,312.617981,5796.177246,13.819164,0,0,0,0,11,1.3.6.1.4.1.19291.2.1.3.16012510107846657050922232984,1.3.6.1.4.1.19291.2.1.2.16012510107846657050921172891,1.3.6.1.4.1.19291.2.1.1.16012510107846657050912862229,26,-64.579781,-94.752365,13.827238,184.999303,208.227476,-64.983704,-93.659187,9.082514,187.528226,217.908649,-65.453041,-92.150246,5.679289,190.871335,224.827885,-66.18409,-89.588402,2.247919,196.437032,231.768848,-66.949814,-86.870445,-1.040471,202.325364,238.41162,-67.798782,-83.652397,-2.877648,209.200604,242.064871,-68.482201,-80.997681,-3.789259,214.843972,243.841527,-69.399643,-77.403732,-4.746216,222.470937,245.679017,-70.311356,-73.850273,-5.856832,230.01969,247.832621,-71.203896,-70.33683,-6.636898,237.468501,249.310544,-72.098839,-66.776421,-7.087862,245.000958,250.112782,-73.134033,-62.582191,-6.938948,253.842416,249.664679,-74.069473,-58.733288,-6.284159,261.931606,248.192189,-74.945854,-55.085636,-5.301708,269.580841,246.055422,-75.773018,-51.593189,-3.935877,276.884629,243.138686,-76.608177,-48.003532,-1.995698,284.366574,239.04222,-77.41671,-44.462879,0.46107,291.720876,233.88932,-78.073761,-41.54208,2.84197,297.771066,228.912945,-78.509911,-39.468018,5.618044,302.016358,223.156058,-78.738701,-38.178787,8.852943,304.58439,216.486129,-78.799774,-37.545269,12.274316,305.760316,209.456632,-78.741982,-37.386257,15.741508,305.933038,202.349465,-78.510963,-38.006378,18.500401,304.495313,196.719676,-78.145752,-39.098358,21.874943,302.033196,189.844977,-77.724693,-40.454384,24.907818,299.030099,183.679095,-76.959167,-43.228611,27.691711,293.046716,178.071578,,,,,,,,,,,,,,,,,,,,,,,,,,,,,,
96,0,489.2966,221.804398,5.158242,2192.252686,2608440.25,526.117188,MEDCONDYLECART,-73.847054,-64.806763,3.107374,8.979504,305.067993,5247.76709,12.511652,0,0,0,0,11,1.3.6.1.4.1.19291.2.1.3.16012510107846657050922272988,1.3.6.1.4.1.19291.2.1.2.16012510107846657050921172891,1.3.6.1.4.1.19291.2.1.1.16012510107846657050912862229,29,-66.013832,-95.23999,13.507925,184.748364,208.969424,-66.268593,-94.551353,10.507642,186.341977,215.09131,-66.506424,-93.89888,7.791702,187.845967,220.632022,-66.849869,-92.752373,5.675586,190.364034,224.927282,-67.427628,-90.706345,3.152549,194.798882,230.025324,-68.151283,-88.120872,0.193597,200.392278,235.997843,-68.799652,-85.707451,-1.600477,205.56799,239.590262,-69.393677,-83.45092,-2.843296,210.386853,242.058898,-70.14209,-80.528061,-3.702891,216.593472,243.719861,-70.686096,-78.369865,-4.030534,221.161939,244.31733,-71.40123,-75.598412,-5.041404,227.056243,246.293324,-71.984741,-73.33149,-5.81715,231.875104,247.804921,-72.652725,-70.710564,-6.476811,237.435368,249.066666,-73.457199,-67.508171,-6.865337,244.209583,249.753214,-74.209503,-64.474098,-6.880598,250.611194,249.680974,-75.015312,-61.177525,-6.484178,257.547268,248.756526,-75.724075,-58.225758,-5.674163,263.736505,246.996708,-76.404411,-55.39365,-4.90777,269.675349,245.330311,-77.247803,-51.785526,-3.097835,277.202374,241.499991,-77.88652,-49.034088,-1.560024,282.934821,238.256278,-78.567444,-46.064434,0.401082,289.107762,234.138085,-79.107918,-43.630005,2.641329,294.138455,229.466419,-79.677246,-40.934696,6.158296,299.659612,222.170777,-79.959206,-39.431648,9.386722,302.679005,215.506823,-80.053146,-38.732231,12.218038,304.02168,209.683671,-79.959259,-38.678905,16.038351,303.954873,201.856824,-79.692154,-39.348602,19.64637,302.372666,194.489485,-79.342918,-40.420486,22.628908,299.971383,188.417025,-78.982552,-41.589687,25.148203,297.386514,183.296717,,,,,,,,,,,,,,,
100,0,622.360535,263.070343,0,2259.309814,1875794.625,611.451416,TROCHLEACART,-73.904762,-71.09758,0.586076,7.027675,264.091217,2979.387695,7.103414,0,0,0,0,11,1.3.6.1.4.1.19291.2.1.3.16012510107846657050922322992,1.3.6.1.4.1.19291.2.1.2.16012510107846657050921172891,1.3.6.1.4.1.19291.2.1.1.16012510107846657050912862229,20,-67.483803,-95.486832,14.036086,184.965627,207.967305,-67.70491,-94.939285,10.989358,186.26376,214.189131,-67.999084,-94.118759,7.749012,188.146878,220.798227,-68.406998,-92.776039,5.067451,191.105435,226.244973,-68.986374,-90.688995,2.849224,195.612527,230.717302,-69.716309,-88.077019,-0.0993,201.261327,236.667552,-70.550949,-84.937126,-2.11629,207.980138,240.691779,-71.341415,-81.901329,-3.477627,214.448556,243.376587,-72.274925,-78.221336,-4.246946,222.248246,244.826808,-73.198479,-74.62381,-5.390381,229.891505,247.046136,-74.155205,-70.848167,-6.142461,237.892161,248.457791,-75.248665,-66.445496,-6.229311,247.184437,248.485493,-76.242195,-62.380924,-5.740405,255.736393,247.345412,-77.112114,-58.753166,-4.703523,263.34109,245.097842,-77.94294,-55.244473,-3.324441,270.678554,242.153405,-78.638565,-52.266575,-1.814532,276.890061,238.959118,-79.389641,-49.040623,-0.090249,283.614848,235.317272,-80.090683,-45.972572,2.02329,289.988217,230.883507,-80.591377,-43.656536,4.635695,294.751675,225.453599,-81.020615,-41.572445,7.746782,299.002396,219.010165,,,,,,,,,,,,,,,,,,,,,,,,,,,,,,,,,,,,,,,,,,,,,,,,,,,,,,,,,,,,
104,0,758.460022,299.178009,10.316483,2135.511963,1083839.375,710.961792,TROCHLEACART,-73.490051,-79.029602,0.408261,5.078051,197.031265,1393.283691,3.321847,0,0,0,0,11,1.3.6.1.4.1.19291.2.1.3.16012510107846657050922362996,1.3.6.1.4.1.19291.2.1.2.16012510107846657050921172891,1.3.6.1.4.1.19291.2.1.1.16012510107846657050912862229,12,-69.114044,-95.188545,13.665756,186.375111,208.786924,-69.360146,-94.672104,9.452238,187.662381,217.399714,-69.737419,-93.539474,6.006754,190.213574,224.418347,-70.384209,-91.308464,2.656471,195.077519,231.204511,-71.252968,-88.139771,-0.323064,201.902245,237.199299,-72.392754,-83.79248,-2.551895,211.178227,241.616227,-73.725319,-78.567429,-3.898249,222.264539,244.195664,-74.987915,-73.578705,-4.838127,232.833226,245.950595,-76.159996,-68.895065,-5.245751,242.733291,246.625733,-77.203148,-64.626656,-4.724974,251.713796,245.413415,-78.31311,-60.003105,-3.447986,261.408005,242.640071,-79.249619,-56.043411,-1.852071,269.686756,239.236127,,,,,,,,,,,,,,,,,,,,,,,,,,,,,,,,,,,,,,,,,,,,,,,,,,,,,,,,,,,,,,,,,,,,,,,,,,,,,,,,,,,,,,,,,,,,,,,,,,,,
108,0,788.761169,505.50769,10.316483,2058.138428,696476.125,689.28833,TROCHLEACART,-74.207756,-82.237183,1.598846,4.075312,161.148666,827.346619,1.972548,0,0,0,0,11,1.3.6.1.4.1.19291.2.1.3.16012510107846657050922413000,1.3.6.1.4.1.19291.2.1.2.16012510107846657050921172891,1.3.6.1.4.1.19291.2.1.1.16012510107846657050912862229,12,-70.638878,-95.223259,14.111896,187.043729,207.945578,-70.976433,-94.343674,9.846454,189.099568,216.652334,-71.298203,-93.323509,7.386385,191.367234,221.65641,-71.81881,-91.497284,4.959026,195.333886,226.565977,-72.438026,-89.285187,2.425274,200.119614,231.680314,-73.292755,-86.132446,-0.194685,206.89383,236.939128,-74.301445,-82.253983,-1.891448,215.155743,240.28224,-75.318848,-78.311707,-3.335236,223.540408,243.105012,-76.342239,-74.22728,-3.7358,232.176011,243.786126,-77.251671,-70.559715,-3.756308,239.914323,243.703023,-78.069664,-67.235756,-3.552328,246.917205,243.171818,-78.746094,-64.452354,-3.077088,252.766971,242.103436,,,,,,,,,,,,,,,,,,,,,,,,,,,,,,,,,,,,,,,,,,,,,,,,,,,,,,,,,,,,,,,,,,,,,,,,,,,,,,,,,,,,,,,,,,,,,,,,,,,,
112,0,680.786621,294.019775,5.158242,1996.239502,624281.3125,639.413696,TROCHLEACART,-75.831451,-81.844559,2.295659,4.076811,158.212952,907.915466,2.164639,0,0,0,0,11,1.3.6.1.4.1.19291.2.1.3.16012510107846657050922453004,1.3.6.1.4.1.19291.2.1.2.16012510107846657050921172891,1.3.6.1.4.1.19291.2.1.1.16012510107846657050912862229,14,-72.482742,-94.005005,14.253415,190.370007,207.685408,-72.635536,-93.745079,11.100904,191.066327,214.13373,-72.879211,-93.091644,8.185,192.581727,220.08398,-73.288811,-91.707962,5.80533,195.612527,224.910988,-73.784447,-89.942642,3.730346,199.434155,229.100876,-74.261185,-88.208015,2.058153,203.172139,232.4668,-74.938393,-85.668625,0.348687,208.609654,235.881609,-75.630974,-83.039291,-1.114071,214.22532,238.788024,-76.483681,-79.732956,-2.304096,221.256448,241.112723,-77.401901,-76.084015,-2.802685,228.977921,242.009471,-78.4133,-71.987747,-2.670964,237.613522,241.599932,-79.179665,-68.832962,-2.120761,244.243258,240.365344,-79.841385,-66.091103,-1.488105,249.997973,238.975957,-80.41909,-63.686737,-0.841871,255.04007,237.570273,,,,,,,,,,,,,,,,,,,,,,,,,,,,,,,,,,,,,,,,,,,,,,,,,,,,,,,,,,,,,,,,,,,,,,,,,,,,,,,,,,,,,,,,,,
116,0,743.254456,474.558228,0,2068.454834,565616.625,634.178162,TROCHLEACART,-77.160034,-82.677315,2.688058,3.674872,143.917709,707.845642,1.687636,0,0,0,0,11,1.3.6.1.4.1.19291.2.1.3.16012510107846657050922503008,1.3.6.1.4.1.19291.2.1.2.16012510107846657050921172891,1.3.6.1.4.1.19291.2.1.1.16012510107846657050912862229,12,-74.020584,-94.111862,13.598146,190.938145,209.102496,-74.208977,-93.758904,9.998055,191.851727,216.464403,-74.571983,-92.602249,7.273717,194.419759,222.005115,-75.059547,-90.871262,5.183133,198.169694,226.228136,-75.646088,-88.748665,3.02371,202.749024,230.578798,-76.372551,-86.050896,0.957332,208.537415,234.719259,-77.107475,-83.2397,-0.40822,214.532201,237.420363,-77.984795,-79.826607,-1.532671,221.785477,239.6071,-79.021431,-75.699493,-2.028348,230.51559,240.481577,-79.922577,-72.043304,-1.854031,238.220769,239.9998,-80.730408,-68.716034,-1.258175,245.212245,238.665814,-81.274017,-66.45874,-0.695936,249.948003,237.437201,,,,,,,,,,,,,,,,,,,,,,,,,,,,,,,,,,,,,,,,,,,,,,,,,,,,,,,,,,,,,,,,,,,,,,,,,,,,,,,,,,,,,,,,,,,,,,,,,,,,
120,0,839.264526,851.109863,15.474726,2078.771484,605949,624.670227,TROCHLEACART,-78.185822,-84.672348,3.606879,3.593794,140.09552,693.901489,1.65439,0,0,0,0,11,1.3.6.1.4.1.19291.2.1.3.16012510107846657050922553012,1.3.6.1.4.1.19291.2.1.2.16012510107846657050921172891,1.3.6.1.4.1.19291.2.1.1.16012510107846657050912862229,11,-75.456726,-94.387802,15.075327,191.049489,206.157516,-75.615318,-94.169815,11.345163,191.684438,213.790457,-75.905983,-93.306404,8.609269,193.634358,219.364844,-76.490967,-91.300529,5.473544,198.013265,225.719201,-77.028549,-89.376022,3.309471,202.174908,230.086157,-77.662262,-87.030174,1.440671,207.211575,233.833918,-78.480614,-83.903679,-0.113892,213.880418,236.911428,-79.430946,-80.210823,-1.369758,221.730077,239.357792,-80.370071,-76.477409,-1.867102,229.629706,240.249108,-81.33905,-72.513565,-1.392691,237.969832,239.142161,-82.26358,-68.719582,-0.834302,245.947676,237.869008,,,,,,,,,,,,,,,,,,,,,,,,,,,,,,,,,,,,,,,,,,,,,,,,,,,,,,,,,,,,,,,,,,,,,,,,,,,,,,,,,,,,,,,,,,,,,,,,,,,,,,,,,
124,0,875.43457,938.799988,20.632967,2058.138428,618932.25,639.683472,TROCHLEACART,-79.616203,-85.073708,4.181492,3.541844,137.968521,679.681335,1.620487,0,0,0,0,11,1.3.6.1.4.1.19291.2.1.3.16012510107846657050922593016,1.3.6.1.4.1.19291.2.1.2.16012510107846657050921172891,1.3.6.1.4.1.19291.2.1.1.16012510107846657050912862229,11,-76.904678,-94.599747,16.697292,191.289021,202.913802,-77.164246,-94.024498,12.523372,192.698506,211.443489,-77.466148,-93.224747,8.82382,194.55935,218.99387,-77.985191,-91.446335,6.029724,198.442357,224.656249,-78.551712,-89.419014,3.74222,202.826695,229.272513,-79.239822,-86.877251,1.664912,208.286477,233.440675,-80.019684,-83.890266,0.250297,214.654412,236.236288,-80.805458,-80.836708,-0.786757,221.1451,238.256278,-81.670883,-77.39521,-1.236009,228.426619,239.059058,-82.574501,-73.738243,-1.142853,236.137231,238.743485,-83.39592,-70.358704,-0.569613,243.240054,237.454039,,,,,,,,,,,,,,,,,,,,,,,,,,,,,,,,,,,,,,,,,,,,,,,,,,,,,,,,,,,,,,,,,,,,,,,,,,,,,,,,,,,,,,,,,,,,,,,,,,,,,,,,,
128,0,812.016479,727.312073,0,2171.619873,705642.3125,662.805298,TROCHLEACART,-81.087433,-85.238739,5.387343,3.789508,146.408005,809.687988,1.930447,0,0,0,0,11,1.3.6.1.4.1.19291.2.1.3.16012510107846657050922643020,1.3.6.1.4.1.19291.2.1.2.16012510107846657050921172891,1.3.6.1.4.1.19291.2.1.1.16012510107846657050912862229,13,-78.268143,-95.05706,19.163687,190.97128,197.948832,-78.373695,-94.977058,16.105921,191.283589,204.209223,-78.586349,-94.470528,12.997828,192.498082,210.558148,-78.939232,-93.382706,10.026171,194.932496,216.607795,-79.54776,-91.324448,6.513824,199.439587,223.731801,-80.151566,-89.169548,4.023979,204.102563,228.758146,-80.706223,-87.117058,2.382025,208.509713,232.051287,-81.341232,-84.707115,1.033765,213.657182,234.730666,-82.144005,-81.598236,-0.120625,220.270078,236.989099,-82.900154,-78.617317,-0.743053,226.588044,238.162312,-83.73278,-75.278336,-0.928342,233.640897,238.427914,-84.462395,-72.304214,-0.664435,239.902917,237.785906,-84.983139,-70.099968,0.244736,244.51049,235.848476,,,,,,,,,,,,,,,,,,,,,,,,,,,,,,,,,,,,,,,,,,,,,,,,,,,,,,,,,,,,,,,,,,,,,,,,,,,,,,,,,,,,,,,,,,,,,,,
132,0,874.597412,887.21759,5.158242,2218.043945,630584.75,663.748474,TROCHLEACART,-82.48307,-85.829834,5.524248,3.551107,138.422699,685.640808,1.634695,0,0,0,0,11,1.3.6.1.4.1.19291.2.1.3.16012510107846657050922683024,1.3.6.1.4.1.19291.2.1.2.16012510107846657050921172891,1.3.6.1.4.1.19291.2.1.1.16012510107846657050912862229,12,-79.739326,-95.452843,18.332115,190.938145,199.736895,-79.846947,-95.368462,15.239271,191.261319,206.068982,-80.163719,-94.485016,11.749143,193.288915,213.187556,-80.594009,-93.08876,8.742646,196.375657,219.298036,-81.092712,-91.355957,6.270708,200.147317,224.302112,-81.72538,-89.048813,4.097335,205.116631,228.675044,-82.489029,-86.207031,1.97738,211.211358,232.920333,-83.328537,-82.97644,0.588669,218.09203,235.65457,-84.141953,-79.78257,-0.194291,224.86679,237.14933,-84.929764,-76.639359,-0.511559,231.51282,237.691941,-85.587479,-73.962448,-0.310062,237.150756,237.187893,-86.157936,-71.59034,0.30966,242.126045,235.837613,,,,,,,,,,,,,,,,,,,,,,,,,,,,,,,,,,,,,,,,,,,,,,,,,,,,,,,,,,,,,,,,,,,,,,,,,,,,,,,,,,,,,,,,,,,,,,,,,,,,
136,0,819.665894,722.15387,0,2377.949463,675404.6875,680.932007,TROCHLEACART,-83.650993,-87.23909,6.55086,3.768651,147.315918,761.781982,1.81623,0,0,0,0,11,1.3.6.1.4.1.19291.2.1.3.16012510107846657050922733028,1.3.6.1.4.1.19291.2.1.2.16012510107846657050921172891,1.3.6.1.4.1.19291.2.1.1.16012510107846657050912862229,13,-80.986565,-96.390175,20.701227,189.612302,194.987559,-81.127899,-96.210907,17.244574,190.152745,202.061593,-81.353378,-95.654861,14.116831,191.472607,208.449082,-81.701996,-94.601929,10.988762,193.840756,214.820276,-82.066513,-93.397408,8.633813,196.492436,219.602746,-82.640327,-91.390434,5.90619,200.854504,225.121188,-83.245522,-89.147827,4.142003,205.668477,228.658206,-83.892555,-86.726677,2.46394,210.85505,232.012724,-84.61306,-83.976891,1.069716,216.721654,234.774661,-85.334084,-81.155487,0.290301,222.710469,236.274851,-86.066414,-78.249748,-0.147108,228.861142,237.071659,-86.82164,-75.21888,-0.294911,235.26221,237.270996,-87.613007,-71.986885,0.045841,242.064669,236.462783,,,,,,,,,,,,,,,,,,,,,,,,,,,,,,,,,,,,,,,,,,,,,,,,,,,,,,,,,,,,,,,,,,,,,,,,,,,,,,,,,,,,,,,,,,,,,,,
140,0,755.314697,422.97583,0,2109.720947,747006.25,686.529114,TROCHLEACART,-85.297691,-86.836647,6.514604,4.196136,163.73233,947.655945,2.259388,0,0,0,0,11,1.3.6.1.4.1.19291.2.1.3.16012510107846657050922783032,1.3.6.1.4.1.19291.2.1.2.16012510107846657050921172891,1.3.6.1.4.1.19291.2.1.1.16012510107846657050912862229,12,-82.297264,-97.219345,21.763348,188.57597,192.911624,-82.499954,-96.874115,17.585033,189.500417,201.45815,-82.83699,-95.984077,13.430261,191.57309,209.937867,-83.262642,-94.649261,10.046109,194.547944,216.823971,-83.794846,-92.824562,7.191846,198.531434,222.608016,-84.410805,-90.61245,4.773973,203.31173,227.484994,-85.113426,-87.966766,3.097742,208.971936,230.828106,-85.950935,-84.796692,1.245183,215.746693,234.514491,-86.936493,-80.941536,0.167468,223.930392,236.590424,-87.851028,-77.311699,-0.368453,231.613303,237.564299,-88.808403,-73.474533,-0.599958,239.719331,237.907572,-89.809486,-69.384727,-0.157339,248.326689,236.861457,,,,,,,,,,,,,,,,,,,,,,,,,,,,,,,,,,,,,,,,,,,,,,,,,,,,,,,,,,,,,,,,,,,,,,,,,,,,,,,,,,,,,,,,,,,,,,,,,,,,
144,0,678.965027,257.912079,5.158242,2161.303223,917960.75,675.093201,TROCHLEACART,-87.186211,-85.4702,6.373036,4.875711,189.045334,1294.85498,3.087175,0,0,0,0,11,1.3.6.1.4.1.19291.2.1.3.16012510107846657050922823036,1.3.6.1.4.1.19291.2.1.2.16012510107846657050921172891,1.3.6.1.4.1.19291.2.1.1.16012510107846657050912862229,14,-83.652992,-97.905548,22.482323,187.857373,191.533642,-83.677872,-98.160233,19.343687,187.467389,197.971102,-83.859825,-97.843864,15.649803,188.308194,205.526372,-84.202621,-96.821404,12.460193,190.614964,212.024664,-84.717613,-95.088333,9.409893,194.414327,218.213358,-85.331367,-92.920197,6.682237,199.11641,223.726369,-86.123642,-90.040657,3.875105,205.323029,229.377884,-87.067131,-86.452888,1.934448,212.983128,233.230475,-87.98455,-82.924622,0.397583,220.498746,236.258014,-88.941269,-79.1493,-0.357151,228.498858,237.675103,-89.94471,-75.147064,-0.772512,236.961739,238.38935,-90.782486,-71.763817,-0.750374,244.098237,238.228575,-91.725334,-67.961655,-0.773131,252.120618,238.145474,-92.595581,-64.403122,-0.359589,259.608537,237.17703,,,,,,,,,,,,,,,,,,,,,,,,,,,,,,,,,,,,,,,,,,,,,,,,,,,,,,,,,,,,,,,,,,,,,,,,,,,,,,,,,,,,,,,,,,
148,0,587.284546,211.487915,0,2223.202148,1071207,630.315063,TROCHLEACART,-89.27002,-83.381004,5.654752,5.610243,215.601654,1781.827881,4.248209,0,0,0,0,11,1.3.6.1.4.1.19291.2.1.3.16012510107846657050922873040,1.3.6.1.4.1.19291.2.1.2.16012510107846657050921172891,1.3.6.1.4.1.19291.2.1.1.16012510107846657050912862229,17,-84.942398,-98.911118,22.744684,186.486455,191.101836,-85.017174,-98.965111,19.600054,186.520131,197.544726,-85.171631,-98.743042,16.053589,187.15508,204.801261,-85.445061,-97.928307,13.502273,188.993657,209.999243,-85.838753,-96.627609,10.956651,191.857159,215.168981,-86.405518,-94.695717,7.816862,196.080182,221.534201,-87.073654,-92.288704,5.26077,201.278165,226.687644,-87.903961,-89.197083,2.971705,207.907899,231.270775,-88.674637,-86.283394,1.236919,214.136243,234.724691,-89.537117,-82.95723,-0.126603,221.217339,237.404069,-90.530968,-79.04425,-0.988899,229.512927,239.03679,-91.358528,-75.746094,-1.354623,236.488108,239.673365,-92.283104,-72.017853,-1.378793,244.354606,239.595694,-93.156082,-68.462349,-1.089573,251.841981,238.881989,-94.015205,-64.929047,-0.502452,259.268523,237.558867,-94.71389,-62.023079,0.262443,265.363252,235.893015,-95.522697,-58.65704,1.165792,272.422078,233.927884,,,,,,,,,,,,,,,,,,,,,,,,,,,,,,,,,,,,,,,,,,,,,,,,,,,,,,,,,,,,,,,,,,,,,,,,,,,
152,0,519.093384,196.013184,5.158242,2192.252686,1152387.375,582.103333,TROCHLEACART,-90.784203,-83.53846,5.395668,6.117879,233.812119,2139.155029,5.100143,0,0,0,0,11,1.3.6.1.4.1.19291.2.1.3.16012510107846657050922923044,1.3.6.1.4.1.19291.2.1.2.16012510107846657050921172891,1.3.6.1.4.1.19291.2.1.1.16012510107846657050912862229,17,-86.32695,-99.576431,22.620316,185.851506,191.450541,-86.393166,-99.76683,18.575294,185.639676,199.742327,-86.532669,-99.516525,15.811954,186.297437,205.393842,-86.772057,-98.842506,13.230895,187.840535,210.657546,-87.297287,-97.116364,9.75378,191.645329,217.720718,-87.821716,-95.231422,7.709158,195.717896,221.844341,-88.478912,-92.889229,4.970379,200.787694,227.37419,-89.234314,-90.088326,2.783485,206.799321,231.757985,-89.979713,-87.254784,1.24175,212.849511,234.819199,-90.916336,-83.646774,-0.274966,220.532422,237.802743,-91.714111,-80.539688,-1.267029,227.133914,239.728766,-92.676262,-76.717163,-1.798204,235.223103,240.686347,-93.74057,-72.446251,-2.009883,244.243258,240.974219,-94.620369,-68.858063,-1.675064,251.797442,240.166005,-95.814484,-63.94622,-0.851561,262.121166,238.311678,-97.043724,-58.793137,0.851493,272.912547,234.647563,-97.968788,-54.924042,2.054601,281.018573,232.051287,,,,,,,,,,,,,,,,,,,,,,,,,,,,,,,,,,,,,,,,,,,,,,,,,,,,,,,,,,,,,,,,,,,,,,,,,,,
156,0,510.916595,211.487915,0,2176.778076,1166933.5,559.635071,TROCHLEACART,-92.752403,-81.988602,4.033594,6.267597,238.902481,2262.808105,5.394955,0,0,0,0,11,1.3.6.1.4.1.19291.2.1.3.16012510107846657050922963048,1.3.6.1.4.1.19291.2.1.2.16012510107846657050921172891,1.3.6.1.4.1.19291.2.1.1.16012510107846657050912862229,17,-87.735123,-100.251923,21.563761,185.238828,193.708973,-87.750099,-100.654816,17.468441,184.581075,202.11102,-87.965973,-100.184158,13.928444,185.740163,209.345829,-88.458237,-98.622536,10.173242,189.210912,216.984201,-89.082809,-96.422447,7.342159,193.985238,222.707956,-89.710373,-94.152901,5.018267,198.88231,227.390485,-90.466721,-91.349731,2.817546,204.899369,231.802523,-91.132912,-88.832458,1.305744,210.280938,234.813224,-92.064163,-85.278427,-0.496727,217.863366,238.383917,-93.102745,-81.261566,-2.036426,226.40989,241.400593,-94.219482,-76.845673,-2.836826,235.763541,242.889378,-95.193443,-72.899895,-2.699954,244.081399,242.47441,-96.072456,-69.323738,-2.443162,251.613856,241.826426,-97.121429,-65.018143,-1.801546,260.667144,240.365344,-98.06382,-61.12355,-0.990801,268.84541,238.571848,-98.946579,-57.426434,0.201383,276.589154,236.003818,-99.704521,-54.157887,2.057544,283.397588,232.090395,,,,,,,,,,,,,,,,,,,,,,,,,,,,,,,,,,,,,,,,,,,,,,,,,,,,,,,,,,,,,,,,,,,,,,,,,,,
160,0,474.756348,196.013184,0,2166.461426,1372045.875,537.842468,TROCHLEACART,-95.09478,-78.885757,3.051791,6.931708,260.859131,2851.386719,6.798235,0,0,0,0,11,1.3.6.1.4.1.19291.2.1.3.16012510107846657050923013052,1.3.6.1.4.1.19291.2.1.2.16012510107846657050921172891,1.3.6.1.4.1.19291.2.1.1.16012510107846657050912862229,19,-89.020134,-101.367897,21.006439,183.673459,194.959857,-89.061974,-101.692207,16.647554,183.19386,203.899083,-89.336334,-101.003059,12.952765,184.821149,211.443489,-89.782661,-99.606628,9.375864,187.935048,218.722293,-90.44323,-97.297241,6.226868,192.954873,225.093487,-91.174461,-94.620529,3.804176,198.715562,229.964491,-91.979034,-91.618538,1.640714,205.150308,234.293427,-92.933212,-87.998383,-0.394891,212.883187,238.339379,-93.925941,-84.163452,-1.907162,221.044617,241.306086,-94.902664,-80.358536,-3.113716,229.128375,243.647622,-95.828964,-76.648346,-3.359279,236.96717,244.024027,-96.807816,-72.717339,-3.527371,245.26819,244.234227,-97.676712,-69.19722,-3.405154,252.688757,243.863797,-98.770424,-64.659546,-2.307851,262.210244,241.461428,-99.614906,-61.16785,-1.565972,269.541734,239.822732,-100.50267,-57.511585,-0.91354,277.224645,238.361649,-101.146034,-54.787819,0.213975,282.917983,235.95928,-101.727341,-52.232521,2.065835,288.221879,232.078989,-102.16629,-50.180775,4.54475,292.434037,226.93152,,,,,,,,,,,,,,,,,,,,,,,,,,,,,,,,,,,,,,,,,,,,,,,,,,,,,,,,,,,,,,,,,
164,0,374.918457,170.221985,0,2135.511963,2422723,472.786407,LATCONDYLECART,-98.434921,-71.111641,7.771213,10.069922,319.542419,6349.864746,15.139257,0,0,0,0,11,1.3.6.1.4.1.19291.2.1.3.16012510107846657050923053056,1.3.6.1.4.1.19291.2.1.2.16012510107846657050921172891,1.3.6.1.4.1.19291.2.1.1.16012510107846657050912862229,26,-90.092766,-103.014053,23.338833,180.853947,190.309918,-90.211723,-103.104958,18.292171,180.89903,200.649937,-90.406654,-102.748848,14.486775,181.828908,208.432244,-90.783485,-101.592384,11.267623,184.419759,214.986481,-91.348503,-99.681847,8.001166,188.603665,221.611872,-92.109161,-96.935486,5.144813,194.531651,227.368759,-93.057022,-93.473495,1.936316,201.985894,233.822512,-94.029259,-89.815422,-0.408319,209.813283,238.500153,-95.097816,-85.690346,-2.060663,218.593362,241.743867,-96.253708,-81.181412,-3.435399,228.170251,244.405863,-97.369446,-76.800423,-4.508351,237.463069,246.454096,-98.308273,-73.007431,-4.468901,245.463182,246.243897,-99.249733,-69.184021,-4.254146,253.519239,245.673585,-100.373589,-64.571335,-3.568856,263.218337,244.112561,-101.226662,-61.015709,-2.568691,270.67258,241.942662,-102.125214,-57.241886,-1.261646,278.572753,239.136729,-102.971428,-53.613796,0.623801,286.138341,235.151066,-103.673119,-50.510178,3.028445,292.573083,230.119833,-104.082489,-48.531456,5.916942,296.611977,224.135907,-104.355453,-47.081699,8.995103,299.525998,217.781551,-104.349869,-46.698334,12.582931,300.166375,210.419644,-104.264648,-46.663185,15.933388,300.083272,203.55581,-104.057533,-47.0406,19.985222,299.096906,195.269456,-103.716309,-47.995399,23.716787,296.907452,187.658785,-103.223404,-49.661499,26.571329,293.258546,181.868765,-102.570641,-52.047485,28.764833,288.121938,177.45727,,,,,,,,,,,,,,,,,,,,,,,,,,,,,,
168,0,357.557495,159.905487,0,2089.087891,2495036.25,472.351654,LATCONDYLECART,-99.116447,-74.572227,8.015298,10.487922,333.736908,6954.453125,16.580708,0,0,0,0,11,1.3.6.1.4.1.19291.2.1.3.16012510107846657050923103060,1.3.6.1.4.1.19291.2.1.2.16012510107846657050921172891,1.3.6.1.4.1.19291.2.1.1.16012510107846657050912862229,26,-91.461678,-103.249542,27.571598,180.9213,181.719397,-91.45565,-103.684242,23.944054,180.174466,189.164404,-91.417534,-104.313828,19.738747,179.043622,197.799466,-91.547203,-104.152534,16.539083,179.534085,204.347727,-91.783813,-103.531853,13.585807,180.982137,210.375649,-92.213875,-102.178314,10.209836,183.996098,217.244372,-92.88028,-99.900978,6.569468,188.971387,224.623116,-93.745628,-96.742058,3.625362,195.773843,230.545665,-94.779312,-92.940842,0.354204,203.946679,237.116197,-95.738792,-89.306061,-1.741309,211.713235,241.28436,-96.789215,-85.251862,-3.373379,220.342862,244.488967,-97.845627,-81.131142,-4.631067,229.095242,246.924468,-99.021416,-76.45118,-5.203572,238.995307,247.937451,-100.15036,-71.833572,-4.65625,248.711242,246.658866,-101.324997,-67.024261,-4.044507,258.828568,245.241778,-102.287758,-63.074173,-3.4699,267.135019,243.930062,-103.390862,-58.480068,-2.208596,276.767852,241.18985,-104.326118,-54.522667,-0.588245,285.040627,237.735936,-105.135284,-50.966293,1.984669,292.422631,232.344591,-105.699524,-48.308903,5.347934,297.871007,225.365064,-105.971977,-46.829159,8.709604,300.834996,218.42899,-106.084938,-45.941475,12.52663,302.52855,210.580417,-105.989861,-45.896603,16.314732,302.445447,202.819836,-105.815086,-46.180965,20.0354,301.670911,195.208623,-105.380867,-47.481026,24.032322,298.740598,187.066203,-104.790001,-49.504177,27.225077,294.322583,180.59561,,,,,,,,,,,,,,,,,,,,,,,,,,,,,,
172,0,345.489807,159.905487,0,2104.562744,2505146.5,468.327728,LATCONDYLECART,-100.346359,-75.974182,6.896042,10.690472,337.288788,7151.352051,17.050152,0,0,0,0,11,1.3.6.1.4.1.19291.2.1.3.16012510107846657050923153064,1.3.6.1.4.1.19291.2.1.2.16012510107846657050921172891,1.3.6.1.4.1.19291.2.1.1.16012510107846657050912862229,30,-92.822037,-104.196991,25.816843,179.767644,185.417189,-92.814552,-104.629944,22.256891,179.021352,192.723693,-92.805374,-105.002243,19.293373,178.374997,198.806473,-92.857521,-105.129395,16.30933,178.246816,204.922928,-93.033882,-104.712006,13.707888,179.249471,210.237144,-93.328392,-103.799507,11.268698,181.289014,215.202113,-93.780174,-102.28347,8.554556,184.614751,220.709693,-94.304642,-100.464264,5.927374,188.57597,226.028798,-94.897095,-98.321228,3.73764,193.199838,230.440837,-95.752174,-95.201523,0.813013,199.918649,236.324822,-96.840782,-91.104485,-1.802352,208.684811,241.542018,-97.68985,-87.8582,-3.393425,215.608071,244.690222,-98.483734,-84.777245,-4.477628,222.158761,246.80584,-99.29583,-81.554893,-4.961447,228.979585,247.686904,-100.017754,-78.666138,-5.177759,235.084056,248.031417,-100.802963,-75.474205,-4.971579,241.8083,247.500212,-101.783928,-71.51548,-4.969895,250.159833,247.361706,-102.65432,-67.960617,-4.59421,257.641777,246.470934,-103.508232,-64.458389,-4.095669,265.006943,245.330311,-104.510483,-60.323597,-3.297142,273.692515,243.553656,-105.461693,-56.335789,-1.97722,282.043506,240.714047,-106.122437,-53.497471,-0.457029,287.96008,237.503466,-106.83979,-50.310627,2.124692,294.562116,232.106689,-107.345177,-47.864609,5.718735,299.553696,224.66168,-107.56736,-46.598343,8.986371,302.071759,217.925487,-107.604042,-45.91444,13.723249,303.292226,208.199774,-107.505821,-45.916126,17.211945,303.124932,201.054043,-107.255669,-46.431778,21.576864,301.832227,192.131112,-106.723679,-48.151245,25.353788,298.027436,184.453635,-105.981323,-50.771145,28.675276,292.344418,177.73971,,,,,,,,,,
176,0,330.247437,154.747253,0,2094.246094,2640658.5,463.888489,LATCONDYLECART,-101.986626,-75.463707,8.04347,11.399975,352.460693,7966.992188,18.994789,0,0,0,0,11,1.3.6.1.4.1.19291.2.1.3.16012510107846657050923193068,1.3.6.1.4.1.19291.2.1.2.16012510107846657050921172891,1.3.6.1.4.1.19291.2.1.1.16012510107846657050912862229,27,-93.896263,-105.732582,29.068888,177.138234,178.87979,-93.926109,-105.975822,25.854218,176.775952,185.47259,-93.989159,-106.18264,21.777115,176.530988,193.830641,-94.056007,-106.314369,18.228319,176.419644,201.104014,-94.329178,-105.621162,14.611959,178.051823,208.487646,-94.76741,-104.236282,11.22167,181.132588,215.384613,-95.375015,-102.177124,7.749878,185.639676,222.425516,-96.149933,-99.454781,4.172378,191.55082,229.660325,-97.11071,-95.959404,0.798383,199.083279,236.45192,-98.247246,-91.714012,-2.215265,208.181104,242.479842,-99.341774,-87.519424,-4.179557,217.122502,246.360131,-100.321144,-83.694046,-5.299738,225.245368,248.524056,-101.459953,-79.15509,-5.799616,234.844525,249.393103,-102.768768,-73.896652,-6.003614,245.947676,249.631547,-103.811241,-69.660255,-5.741646,254.872779,248.950432,-104.667442,-66.124077,-5.024898,262.299321,247.361706,-105.637444,-62.125019,-4.275557,270.700824,245.690423,-106.776253,-57.438332,-3.46978,280.550376,243.880091,-107.779831,-53.16671,-1.508875,289.470048,239.717904,-108.493507,-49.933613,1.612775,296.144322,233.213637,-109.000603,-47.476158,5.246938,301.158173,225.686068,-109.282539,-45.821827,9.813581,304.433934,216.275929,-109.276215,-45.355373,14.162142,305.213902,207.352997,-109.12085,-45.563404,17.865089,304.601224,199.77546,-108.747635,-46.555508,22.40819,302.294995,190.503823,-108.103363,-48.703426,26.403067,297.576073,182.394538,-107.203262,-51.962944,29.697557,290.544949,175.757742,,,,,,,,,,,,,,,,,,,,,,,,,
180,0,324.944885,149.589005,0,2212.885742,2685994.5,472.901703,LATCONDYLECART,-103.979065,-73.662247,8.04097,11.578144,357.122162,8183.236328,19.510355,0,0,0,0,11,1.3.6.1.4.1.19291.2.1.3.16012510107846657050923243072,1.3.6.1.4.1.19291.2.1.2.16012510107846657050921172891,1.3.6.1.4.1.19291.2.1.1.16012510107846657050912862229,27,-95.403191,-105.950218,28.537184,177.46684,180.047568,-95.313622,-106.775436,24.437761,175.918309,188.47243,-95.372086,-107.030617,20.09655,175.58373,197.373089,-95.565033,-106.727982,15.889244,176.419644,205.980448,-95.916512,-105.766968,11.846791,178.6368,214.227696,-96.441017,-104.046516,8.345374,182.430722,221.340838,-97.243195,-101.216179,4.750162,188.570538,228.608236,-98.348724,-97.200073,0.815926,197.227864,236.529591,-99.481491,-92.911537,-1.682139,206.392499,241.499991,-100.630486,-88.533905,-3.971139,215.735288,246.039128,-101.738632,-84.244133,-5.580091,224.860816,249.188334,-102.806404,-79.983368,-6.005062,233.869565,249.913443,-103.748924,-76.184082,-6.0413,241.886515,249.858042,-105.09449,-70.725113,-5.783775,253.391055,249.144337,-106.322159,-65.721748,-5.348163,263.926066,248.081385,-107.537735,-60.755783,-4.811946,274.377433,246.813666,-108.766914,-55.691414,-3.89101,285.018359,244.754569,-109.46521,-52.666492,-2.06076,291.314053,240.902522,-110.162804,-49.496342,1.078112,297.85471,234.365123,-110.598892,-47.300766,4.930373,302.305859,226.399772,-110.842209,-45.887733,8.741561,305.107987,218.545225,-110.896667,-45.175583,13.093987,306.406125,209.606,-110.785027,-45.154076,17.266191,306.255673,201.059474,-110.585777,-45.601421,20.41918,305.163934,194.616583,-110.099518,-47.119621,24.344158,301.776826,186.628966,-109.469238,-49.281384,27.717426,297.057904,179.793372,-108.798714,-51.732185,29.971674,291.781709,175.259669,,,,,,,,,,,,,,,,,,,,,,,,,
184,0,329.860748,144.430771,0,2259.309814,2781715.75,488.359009,LATCONDYLECART,-104.987465,-75.952652,6.969087,11.614682,360.893036,8308.231445,19.808369,0,0,0,0,11,1.3.6.1.4.1.19291.2.1.3.16012510107846657050923283076,1.3.6.1.4.1.19291.2.1.2.16012510107846657050921172891,1.3.6.1.4.1.19291.2.1.1.16012510107846657050912862229,27,-96.891464,-106.202019,28.368008,177.706372,180.473944,-96.768532,-107.168625,24.208893,175.86237,189.0259,-96.689323,-107.938377,20.230265,174.425183,197.201453,-96.713608,-108.254967,16.565748,173.92928,204.718159,-96.97995,-107.594437,12.903783,175.494649,212.1963,-97.471008,-106.018486,9.318327,178.987676,219.486511,-98.047821,-104.063515,6.024088,183.266637,226.167303,-98.960831,-100.770912,2.561453,190.375439,233.147372,-99.939537,-97.168571,-0.506453,198.11918,239.308365,-100.973694,-93.26593,-2.898124,206.464738,244.073998,-102.151482,-88.761948,-5.097203,216.069871,248.424658,-103.367149,-83.996704,-6.338584,226.181222,250.804759,-104.495667,-79.487,-6.729784,235.71357,251.452199,-105.771851,-74.33094,-6.675117,246.588597,251.164326,-106.777733,-70.196518,-6.009172,255.279601,249.659247,-107.845802,-65.827744,-5.490066,264.471936,248.446929,-108.874336,-61.616989,-4.957451,273.330232,247.21234,-109.962708,-57.143261,-4.234841,282.734397,245.579619,-110.940681,-52.991215,-2.417793,291.408563,241.716166,-111.65786,-49.764778,0.520202,298.077405,235.588305,-112.169868,-47.262817,4.372657,303.174905,227.612092,-112.411789,-45.828545,8.421357,306.010709,219.270336,-112.456436,-45.152855,12.801439,307.230634,210.275709,-112.338326,-45.115017,17.348862,307.097016,200.960078,-111.958687,-46.186352,21.420471,304.645764,192.656886,-111.396339,-48.004013,25.4125,300.623711,184.542166,-110.649025,-50.609093,29.041878,294.957528,177.197096,,,,,,,,,,,,,,,,,,,,,,,,,
188,0,340.278625,144.430771,0,2192.252686,2877055.75,508.118591,LATCONDYLECART,-106.640289,-75.498985,7.166759,11.736391,361.40506,8369.500977,19.954445,0,0,0,0,11,1.3.6.1.4.1.19291.2.1.3.16012510107846657050923333080,1.3.6.1.4.1.19291.2.1.2.16012510107846657050921172891,1.3.6.1.4.1.19291.2.1.1.16012510107846657050912862229,32,-98.258232,-107.178566,26.127407,176.51415,185.16788,-98.153793,-107.952881,23.008293,175.026997,191.583069,-98.112114,-108.493698,19.714785,174.040631,198.347508,-98.149643,-108.645821,17.03134,173.845639,203.849112,-98.281158,-108.414238,14.387111,174.458318,209.257295,-98.617264,-107.411438,11.262528,176.720548,215.623057,-99.019714,-106.099854,8.500612,179.617192,221.235466,-99.48941,-104.496078,5.922893,183.121617,226.460606,-100.216858,-101.901176,2.912337,188.737286,232.538497,-101.120285,-98.602333,-0.153166,195.840649,238.704922,-102.137871,-94.788422,-2.737995,204.008054,243.869229,-103.146065,-90.935753,-4.645145,212.225427,247.644147,-104.083603,-87.302368,-5.970293,219.952878,250.234448,-105.033173,-83.536324,-6.551966,227.925288,251.2974,-105.92968,-79.947968,-6.81168,235.507716,251.706938,-106.941505,-75.832573,-6.526212,244.176451,250.981827,-107.969971,-71.661499,-6.341645,252.967395,250.461485,-108.870232,-68.033905,-6.388545,260.622605,250.433785,-109.972046,-63.586609,-6.378817,270.0045,250.262148,-111.026451,-59.240524,-5.57294,279.135459,248.463223,-112.000946,-55.130875,-4.006573,287.731953,245.11468,-112.717979,-51.989864,-1.818672,294.255776,240.526116,-113.31691,-49.287895,0.701121,299.837766,235.272733,-113.789497,-46.963646,4.388949,304.568093,227.639793,-113.961205,-45.894268,7.716609,306.667928,220.787364,-113.988632,-45.336159,11.671712,307.659726,212.667215,-113.908737,-45.201145,15.715011,307.754777,204.38086,-113.764191,-45.433331,18.818533,307.119286,198.031935,-113.401466,-46.521374,22.139172,304.668034,191.267499,-112.996452,-47.837162,24.955265,301.759988,185.544287,-112.448845,-49.705921,27.969898,297.676015,179.433264,-111.665482,-52.603878,30.296301,291.453103,174.767027
192,0,361.540497,139.272522,0,2269.626465,2972947.5,538.722168,LATCONDYLECART,-108.419708,-74.687302,6.013321,11.639466,358.707428,8174.01416,19.488367,0,0,0,0,11,1.3.6.1.4.1.19291.2.1.3.16012510107846657050923373084,1.3.6.1.4.1.19291.2.1.2.16012510107846657050921172891,1.3.6.1.4.1.19291.2.1.1.16012510107846657050912862229,32,-99.518394,-108.904549,21.064537,173.873334,195.66813,-99.453796,-109.451897,18.530611,172.837544,200.876975,-99.536758,-109.382904,16.181047,173.093366,205.687145,-99.75544,-108.786812,13.649813,174.469724,210.851451,-100.087837,-107.760796,10.862683,176.765088,216.525236,-100.533302,-106.294289,7.935897,179.996312,222.470055,-101.141571,-104.160141,5.103522,184.631589,228.198698,-101.911682,-101.413513,1.911977,190.575864,234.642131,-102.573219,-98.983635,-0.206422,195.801541,238.898285,-103.297989,-96.277458,-2.137967,201.601338,242.76228,-104.223076,-92.763481,-4.074482,209.105553,246.608897,-105.118721,-89.322021,-5.601945,216.437585,249.620141,-106.232994,-84.926765,-6.496665,225.752131,251.302832,-107.30381,-80.636017,-6.765425,234.816825,251.706938,-108.332207,-76.504288,-6.92626,243.540961,251.895413,-109.345879,-72.426598,-7.040051,252.148862,251.989379,-110.227371,-68.885918,-7.18547,259.625375,252.166445,-111.117455,-65.307877,-7.30712,267.179558,252.293543,-112.188766,-60.935558,-6.872127,276.3833,251.253405,-112.932045,-57.810539,-5.761903,282.923957,248.872761,-113.69162,-54.570202,-4.21341,289.68731,245.590483,-114.349426,-51.673218,-2.069971,295.698392,241.101317,-114.805855,-49.566643,0.270138,300.032758,236.236288,-115.317345,-47.060642,4.176617,305.136231,228.149271,-115.498489,-45.872082,8.221462,307.45387,219.823809,-115.486176,-45.51828,11.788036,308.032872,212.506441,-115.418999,-45.369564,15.498571,308.172463,204.901202,-115.203644,-45.843945,18.98719,307.007939,197.771765,-114.828659,-46.94294,22.648497,304.517579,190.309918,-114.239075,-48.884972,26.512653,300.239156,182.461344,-113.309631,-52.263248,29.803816,292.957639,175.835414,-112.44944,-55.492962,31.938457,286.043832,171.573283
196,0,367.400543,139.272522,0,2367.633057,2766158.75,548.059204,LATCONDYLECART,-110.854942,-71.294006,4.287263,10.854447,351.195465,7405.665039,17.656483,0,0,0,0,11,1.3.6.1.4.1.19291.2.1.3.16012510107846657050923423088,1.3.6.1.4.1.19291.2.1.2.16012510107846657050921172891,1.3.6.1.4.1.19291.2.1.1.16012510107846657050912862229,31,-100.97567,-109.730453,16.927006,173.087933,204.242356,-101.464622,-108.257545,12.505572,176.402806,213.248389,-102.023399,-106.396599,9.023821,180.492207,220.31645,-102.605331,-104.407585,5.847815,184.837437,226.753909,-103.173187,-102.427414,3.095972,189.144109,232.322865,-103.845169,-99.978363,0.774386,194.419759,236.99453,-104.620033,-97.121048,-1.608083,200.559571,241.776999,-105.470398,-93.897972,-3.450656,207.445676,245.441115,-106.40892,-90.308502,-5.199357,215.100343,248.900462,-107.31559,-86.75647,-6.142355,222.63823,250.710793,-108.06102,-83.778427,-6.40807,228.933383,251.153464,-108.885643,-80.46743,-6.555234,235.925401,251.341939,-109.738861,-77.056496,-6.839043,243.134682,251.806878,-110.704521,-73.201225,-7.205822,251.285248,252.426617,-111.560455,-69.789749,-7.581649,258.49996,253.080031,-112.505219,-65.986282,-7.661172,266.527773,253.113164,-113.40004,-62.323841,-7.205877,274.232953,252.055642,-114.09153,-59.443783,-6.413494,280.271737,250.334387,-115.020401,-55.499283,-4.679441,288.511922,246.648003,-115.52565,-53.303131,-3.289099,293.079846,243.725293,-116.019386,-51.065464,-1.121151,297.698827,239.208426,-116.408524,-49.204872,1.444741,301.503621,233.88932,-116.803024,-47.188381,5.197352,305.58162,226.13417,-116.924812,-46.289566,8.798072,307.308846,218.728268,-116.935585,-45.866264,12.155593,308.044278,211.836732,-116.866463,-45.804722,15.165126,308.032872,205.670307,-116.702438,-46.076313,18.615093,307.297986,198.61311,-116.370888,-47.047382,21.857946,305.097127,192.004014,-115.976105,-48.333858,24.568274,302.255887,186.496436,-115.425812,-50.193253,27.761215,298.18332,180.019869,-114.674393,-52.912521,30.527752,292.316716,174.446025,,,,,
200,0,385.181793,154.747253,0,2326.366943,2264483.75,549.172119,LATCONDYLECART,-112.483788,-71.174484,2.386179,9.529757,326.526459,5813.459961,13.860369,0,0,0,0,11,1.3.6.1.4.1.19291.2.1.3.16012510107846657050923463092,1.3.6.1.4.1.19291.2.1.2.16012510107846657050921172891,1.3.6.1.4.1.19291.2.1.1.16012510107846657050912862229,24,-103.230995,-107.432899,11.932101,178.932271,214.46614,-103.935173,-105.084557,7.571924,184.091145,223.316831,-104.470787,-103.223801,4.914349,188.141446,228.69677,-105.186508,-100.653549,2.104151,193.695737,234.365123,-106.007454,-97.628319,-0.43784,200.197285,239.468596,-106.998795,-93.8936,-2.786405,208.186536,244.151669,-108.02047,-90.011627,-4.915468,216.476151,248.38012,-109.081406,-85.822952,-5.733822,225.351283,249.913443,-110.025063,-82.070938,-6.228824,233.290019,250.799328,-111.087891,-77.851448,-6.842186,242.220554,251.911707,-112.153168,-73.594627,-7.213001,251.21844,252.526013,-113.387062,-68.640358,-7.43341,261.680669,252.808453,-114.387138,-64.56591,-7.090509,270.260326,251.967108,-115.304909,-60.771667,-6.288962,278.227305,250.195883,-115.999725,-57.865089,-5.38062,284.316604,248.236186,-116.856827,-54.191963,-3.485315,291.976701,244.228797,-117.468452,-51.485878,-1.381927,297.586938,239.828164,-117.955025,-49.175449,1.684558,302.317265,233.468376,-118.242233,-47.605164,5.32023,305.459409,225.967965,-118.342224,-46.744095,9.364696,307.086156,217.654453,-118.344444,-46.2271,13.855612,307.966065,208.438219,-118.157928,-46.480007,18.272905,307.225201,199.399054,-117.750359,-47.704475,21.987478,304.46761,191.832377,-117.216888,-49.462242,25.478649,300.595467,184.741503,,,,,,,,,,,,,,,,,,,,,,,,,,,,,,,,,,,,,,,,
204,0,383.469635,159.905487,0,2305.734131,2157016.75,520.842957,LATCONDYLECART,-114.934196,-67.367409,3.776307,9.278501,314.216888,5490.319824,13.089943,0,0,0,0,11,1.3.6.1.4.1.19291.2.1.3.16012510107846657050923513096,1.3.6.1.4.1.19291.2.1.2.16012510107846657050921172891,1.3.6.1.4.1.19291.2.1.1.16012510107846657050912862229,23,-105.598961,-104.664909,7.078132,185.762433,224.385215,-106.484894,-101.5494,3.01596,192.525784,232.59933,-107.415894,-98.116913,0.148178,199.90181,238.356217,-108.294495,-94.806671,-1.931052,206.982907,242.50211,-109.52359,-90.133217,-4.462578,216.961186,247.527913,-110.652702,-85.696518,-5.520284,226.370782,249.543013,-111.633125,-81.786942,-5.933842,234.638127,250.256716,-112.651291,-77.766251,-6.711487,243.156951,251.712369,-113.802658,-73.173996,-7.188123,252.867455,252.531989,-115.018517,-68.280746,-7.304629,263.196068,252.603684,-116.089172,-63.917728,-6.928616,272.382972,251.684668,-117.106697,-59.682961,-5.79127,281.263535,249.210602,-117.91227,-56.257969,-4.251156,288.416871,245.939187,-118.642921,-53.081036,-2.23144,295.024339,241.693898,-119.140831,-50.798477,0.184488,299.726418,236.667552,-119.492363,-49.028622,3.289671,303.314496,230.246931,-119.701195,-47.752354,7.12197,305.827123,222.35382,-119.807671,-46.766281,12.040227,307.676564,212.246271,-119.701645,-46.806087,15.470169,307.431599,205.222205,-119.436119,-47.470955,19.064579,305.860257,197.882567,-119.009933,-48.759415,22.877541,302.963075,190.116555,-118.437775,-50.695595,26.171734,298.723759,183.435221,-117.931786,-52.45742,28.646814,294.890721,178.425711,,,,,,,,,,,,,,,,,,,,,,,,,,,,,,,,,,,,,,,,,,,,,
208,0,534.86261,201.171432,0,2238.677002,1230184,619.130737,LATCONDYLECART,-118.384666,-59.91201,1.742511,6.018012,220.786591,2258.195801,5.383958,0,0,0,0,11,1.3.6.1.4.1.19291.2.1.3.16012510107846657050923563100,1.3.6.1.4.1.19291.2.1.2.16012510107846657050921172891,1.3.6.1.4.1.19291.2.1.1.16012510107846657050912862229,17,-112.363281,-84.981178,-5.070206,228.621611,248.667992,-113.235527,-81.553139,-5.881464,235.891726,250.212721,-114.165993,-77.876541,-6.57223,243.680551,251.502169,-115.231712,-73.6567,-7.285833,252.616518,252.819859,-116.246048,-69.599548,-7.604534,261.190744,253.334227,-117.245232,-65.547287,-7.426205,269.731294,252.830723,-118.127792,-61.895802,-6.630236,277.397366,251.075793,-118.956146,-58.414467,-5.404765,284.684319,248.446929,-119.771172,-54.893696,-3.355509,292.015809,244.129399,-120.398705,-52.104614,-1.085909,297.793336,239.385493,-120.867592,-49.845924,2.154328,302.406342,232.671569,-121.093681,-48.544083,5.597183,304.991212,225.575265,-121.232948,-47.590416,9.059364,306.840649,218.451259,-121.246338,-47.162968,12.360065,307.587487,211.675959,-121.096992,-47.383678,15.736269,306.963403,204.768128,-120.819054,-48.118328,19.1563,305.253011,197.78806,-120.441093,-49.335854,21.876078,302.556794,192.258753,,,,,,,,,,,,,,,,,,,,,,,,,,,,,,,,,,,,,,,,,,,,,,,,,,,,,,,,,,,,,,,,,,,,,,,,,,,
212,0,495.716156,190.85495,5.158242,2042.663696,1178813,583.147217,LATCONDYLECART,-119.902306,-60.057903,1.462816,5.977704,216.25824,2286.797852,5.452151,0,0,0,0,11,1.3.6.1.4.1.19291.2.1.3.16012510107846657050923613104,1.3.6.1.4.1.19291.2.1.2.16012510107846657050921172891,1.3.6.1.4.1.19291.2.1.1.16012510107846657050912862229,16,-114.131599,-84.013893,-4.451685,231.396041,247.439377,-115.061523,-80.399574,-5.673889,239.078409,249.819478,-116.142639,-76.175079,-6.895388,248.048051,252.17731,-117.137749,-72.227112,-7.493619,256.405016,253.267962,-118.224846,-67.840912,-7.499055,265.658727,253.129458,-119.102852,-64.267288,-7.228961,273.18521,252.454318,-120.0755,-60.221519,-6.161391,281.670358,250.129618,-120.83593,-56.96888,-4.534606,288.455979,246.686568,-121.522888,-53.959362,-2.436265,294.706593,242.285935,-122.036072,-51.6031,0.086366,299.559129,237.038526,-122.417282,-49.685013,3.44312,303.448109,230.097563,-122.596725,-48.596695,6.662541,305.593026,223.466199,-122.680656,-47.828392,10.460077,307.035642,215.661622,-122.559776,-47.866673,14.433338,306.768411,207.524634,-122.237679,-48.748386,18.128683,304.734841,199.985659,-121.673157,-50.524483,22.565773,300.779595,190.9579,,,,,,,,,,,,,,,,,,,,,,,,,,,,,,,,,,,,,,,,,,,,,,,,,,,,,,,,,,,,,,,,,,,,,,,,,,,,,,,,
216,0,625.599609,263.070343,5.158242,1882.758179,797639.5,618.598511,LATCONDYLECART,-122.052521,-57.643349,1.2511,4.51841,170.483307,1227.162354,2.925783,0,0,0,0,11,1.3.6.1.4.1.19291.2.1.3.16012510107846657050923663108,1.3.6.1.4.1.19291.2.1.2.16012510107846657050921172891,1.3.6.1.4.1.19291.2.1.1.16012510107846657050912862229,13,-117.708252,-76.062607,-6.603123,249.034418,251.646105,-118.641792,-72.359581,-7.170226,256.873214,252.681355,-119.773613,-67.807297,-7.302798,266.483234,252.797591,-120.688637,-64.056488,-6.786921,274.372001,251.612973,-121.591003,-60.286442,-5.649783,282.272172,249.155202,-122.370293,-56.937408,-3.843757,289.252786,245.341717,-123.13105,-53.593117,-1.418463,296.194291,240.259972,-123.569565,-51.541271,1.076624,300.405907,235.07937,-123.872658,-49.966812,4.182677,303.581727,228.663637,-124.013748,-49.034489,7.390908,305.398034,222.060517,-123.974312,-48.811577,10.76794,305.709802,215.135849,-123.824989,-49.068211,13.825994,305.024884,208.88089,-123.522881,-49.838261,17.795263,303.214009,200.777035,,,,,,,,,,,,,,,,,,,,,,,,,,,,,,,,,,,,,,,,,,,,,,,,,,,,,,,,,,,,,,,,,,,,,,,,,,,,,,,,,,,,,,,,,,,,,,,
220,0,630.085571,371.393402,15.474726,1800.226318,570857.5,544.058044,LATCONDYLECART,-123.606606,-57.611813,1.239631,3.899621,150.256989,858.345825,2.046456,0,0,0,0,11,1.3.6.1.4.1.19291.2.1.3.16012510107846657050923703112,1.3.6.1.4.1.19291.2.1.2.16012510107846657050921172891,1.3.6.1.4.1.19291.2.1.1.16012510107846657050912862229,11,-119.50898,-74.962936,-5.970634,252.087486,250.384358,-120.854362,-69.579422,-6.373743,263.463842,251.026366,-122.155998,-64.287605,-6.026728,274.611531,250.13505,-123.07077,-60.447777,-4.715209,282.65075,247.317711,-123.758141,-57.504364,-3.215594,288.790017,244.145693,-124.444809,-54.467945,-0.869234,295.085713,239.236127,-124.88089,-52.413696,1.734003,299.29733,233.833918,-125.205894,-50.719551,5.116232,302.712682,226.848417,-125.336067,-49.848881,8.16904,304.406232,220.565757,-125.30468,-49.607304,11.424042,304.763085,213.890397,-125.152084,-49.890511,14.363741,304.027654,207.87877,,,,,,,,,,,,,,,,,,,,,,,,,,,,,,,,,,,,,,,,,,,,,,,,,,,,,,,,,,,,,,,,,,,,,,,,,,,,,,,,,,,,,,,,,,,,,,,,,,,,,,,,,
224,0,982.788818,1072.914307,20.632967,1712.536255,299750.5938,412.532898,LATCONDYLECART,-124.778809,-59.387291,-1.123383,2.494367,101.038139,254.134964,0.605905,0,0,0,0,11,1.3.6.1.4.1.19291.2.1.3.16012510107846657050923753116,1.3.6.1.4.1.19291.2.1.2.16012510107846657050921172891,1.3.6.1.4.1.19291.2.1.1.16012510107846657050912862229,8,-122.172241,-70.451927,-5.951309,262.366129,250.262148,-123.139626,-66.519531,-5.698067,270.65031,249.609278,-123.945358,-63.173519,-4.862005,277.670029,247.782651,-124.785721,-59.598618,-3.237936,285.13568,244.334168,-125.404991,-56.877319,-1.272686,290.784478,240.215975,-125.948448,-54.399712,1.242619,295.893384,234.97943,-126.323273,-52.577213,3.982305,299.609643,229.305645,-126.510841,-51.500431,6.809987,301.748582,223.477062,,,,,,,,,,,,,,,,,,,,,,,,,,,,,,,,,,,,,,,,,,,,,,,,,,,,,,,,,,,,,,,,,,,,,,,,,,,,,,,,,,,,,,,,,,,,,,,,,,,,,,,,,,,,,,,,,,,,,,,,
