ImageNo,RoiNo,RoiMean,RoiMedian,RoiMin,RoiMax,RoiTotal,RoiDev,RoiName,RoiCenterX,RoiCenterY,RoiCenterZ,LengthCm,LengthPix,AreaPix2,AreaCm2,RadiusWidthCM,RadiusHeightCM,RadiusWidthPIX,RadiusHeightPIX,RoiType,SOPInstanceUID,SeriesInstanceUID,StudyInstanceUID,NumOfPoints,mmX,mmY,mmZ,pxX,pxY,...,,,,,,,,,,,,,,,,,,,,,,,,,,,,,,,,,,,,,,,,,,,,,,,,,,,,,,,,,,,,,,,,,,,,,,,,,,,,,,,,,,,,,,,,,,,,,,,,,,,,,,,,,,,,,,,,,,,,,,,,,,,,,,,,,,,,,,,,,,,,,,,,,,,,,,,,,,,,,,,,,,,,,,,,,,,,,,,,,,,,,,,,,,,,,,,,,,,,,,,,,,,,
32,0,307.543182,206.329666,0,1645.479126,291858.4688,289.834259,MEDCONDYLE,-55.784977,-37.074711,10.215143,3.865854,145.677109,900.303345,2.146491,0,0,0,0,11,1.3.6.1.4.1.19291.2.1.3.16012510107846657050921542924,1.3.6.1.4.1.19291.2.1.2.16012510107846657050921172891,1.3.6.1.4.1.19291.2.1.1.16012510107846657050912862229,11,-53.656258,-47.288586,-4.137579,274.533317,242.335905,-54.647758,-43.110161,-2.569705,283.274834,238.981931,-55.50034,-39.35696,0.194574,291.063117,233.191911,-56.114685,-36.528561,3.282127,296.885184,226.771289,-56.546265,-34.443596,6.317354,301.141337,220.483198,-56.817207,-32.922947,10.094404,304.172133,212.694915,-56.825943,-32.494431,13.570637,304.912997,205.560047,-56.619774,-32.958023,16.826775,303.782149,198.906413,-56.228214,-34.152485,20.235371,301.102229,191.96545,-55.655525,-36.144234,23.057417,296.767863,186.253101,-55.022778,-38.421803,25.495207,291.848517,181.33756,,,,,,,,,,,,,,,,,,,,,,,,,,,,,,,,,,,,,,,,,,,,,,,,,,,,,,,,,,,,,,,,,,,,,,,,,,,,,,,,,,,,,,,,,,,,,,,,,,,,,,,,,,,,,,,,,,,,,,,,,,,,,,,,,,,,,,,,,,,,,,,,,,,,,,,,,,,
36,0,276.853546,154.747253,10.316483,1722.852783,255812.6875,342.954102,MEDCONDYLE,-57.347549,-36.926121,10.935295,3.843241,145.796021,874.296448,2.084485,0,0,0,0,11,1.3.6.1.4.1.19291.2.1.3.16012510107846657050921592928,1.3.6.1.4.1.19291.2.1.2.16012510107846657050921172891,1.3.6.1.4.1.19291.2.1.1.16012510107846657050912862229,13,-55.473438,-46.20837,-4.264231,277.580952,242.629751,-56.266098,-42.783775,-2.267212,284.71202,238.422481,-56.897369,-40.028179,-0.426897,290.439032,234.559028,-57.436413,-37.582401,1.964567,295.486563,229.577222,-57.83326,-35.679764,4.62708,299.375544,224.058779,-58.245094,-33.604767,8.278482,303.581725,216.508942,-58.357311,-32.755775,11.780327,305.208472,209.307265,-58.261959,-32.829193,14.532496,304.924403,203.672587,-58.083012,-33.253967,17.160851,303.904902,198.303512,-57.83659,-34.00021,19.354361,302.227645,193.836072,-57.465248,-35.257267,21.488499,299.475482,189.507679,-56.990124,-36.91465,23.786022,295.871115,184.858284,-56.372238,-39.141216,26.144464,291.063117,180.103515,,,,,,,,,,,,,,,,,,,,,,,,,,,,,,,,,,,,,,,,,,,,,,,,,,,,,,,,,,,,,,,,,,,,,,,,,,,,,,,,,,,,,,,,,,,,,,,,,,,,,,,,,,,,,,,,,,,,,,,,,,,,,,,,,,,,,,,,,,,,,,,,,
40,0,243.893768,128.956039,0,1924.02417,361938.3438,340.309418,MEDCONDYLE,-58.534512,-38.46294,10.155586,4.726244,174.254089,1398.765137,3.334916,0,0,0,0,11,1.3.6.1.4.1.19291.2.1.3.16012510107846657050921632932,1.3.6.1.4.1.19291.2.1.2.16012510107846657050921172891,1.3.6.1.4.1.19291.2.1.1.16012510107846657050912862229,15,-55.30217,-53.380939,-6.412244,263.312846,247.345411,-56.675129,-47.685913,-5.04518,275.263316,244.351007,-57.605675,-43.700455,-3.008968,283.575742,240.04434,-58.387669,-40.268826,-0.569217,290.700833,234.930004,-58.906055,-37.901051,1.869429,295.581614,229.85423,-59.257614,-36.243382,3.982062,298.979583,225.470437,-59.599743,-34.562946,6.632364,302.400367,219.984582,-59.824211,-33.302124,9.770423,304.912997,213.513991,-59.864826,-32.796467,12.791385,305.837989,207.309002,-59.686478,-33.133064,16.177736,304.96894,200.384334,-59.383121,-34.033291,19.040998,302.935374,194.550319,-59.04681,-35.127869,21.361761,300.517253,189.834116,-58.628555,-36.581829,23.428907,297.352839,185.649658,-58.175194,-38.198231,25.31234,293.854384,181.847038,-57.674458,-40.027725,27.002018,289.915433,178.448526,,,,,,,,,,,,,,,,,,,,,,,,,,,,,,,,,,,,,,,,,,,,,,,,,,,,,,,,,,,,,,,,,,,,,,,,,,,,,,,,,,,,,,,,,,,,,,,,,,,,,,,,,,,,,,,,,,,,,,,,,,,,,,,,,,,,,,,
44,0,211.753937,128.956039,0,1851.808838,537855,278.598633,MEDCONDYLE,-59.16404,-42.43111,7.768121,6.135665,211.482285,2474.149414,5.898832,0,0,0,0,11,1.3.6.1.4.1.19291.2.1.3.16012510107846657050921682936,1.3.6.1.4.1.19291.2.1.2.16012510107846657050921172891,1.3.6.1.4.1.19291.2.1.1.16012510107846657050912862229,19,-53.888657,-65.049232,-3.988761,239.345641,242.850814,-54.979126,-60.804157,-5.362015,248.365796,245.518785,-55.924324,-57.089878,-6.2454,256.243156,247.201479,-56.881981,-53.249462,-6.458126,264.355158,247.506185,-57.850361,-49.232479,-5.492702,272.784362,245.391687,-58.767582,-45.349239,-3.884638,280.901252,241.965475,-59.468098,-42.310162,-2.008482,287.224648,238.018919,-60.099953,-39.505795,0.242038,293.035308,233.313577,-60.633121,-37.07056,2.749832,298.055136,228.09387,-61.021854,-35.2192,5.248527,301.843634,222.912725,-61.29034,-33.788414,8.318779,304.718005,216.575206,-61.409756,-32.969616,11.296875,306.305644,210.447345,-61.31958,-32.946228,14.720184,306.194297,203.434686,-61.090767,-33.541931,17.616301,304.80165,197.523,-60.835827,-34.312424,19.899313,303.068988,192.87306,-60.423943,-35.710197,22.235735,300.010489,188.13513,-59.985966,-37.246613,24.277472,296.673354,184.005531,-59.405373,-39.332451,26.549778,292.166262,179.422399,-58.840134,-41.462952,27.879587,287.609202,176.771265,,,,,,,,,,,,,,,,,,,,,,,,,,,,,,,,,,,,,,,,,,,,,,,,,,,,,,,,,,,,,,,,,,,,,,,,,,,,,,,,,,,,,,,,,,,,,,,,,,,,,,,,,,,,,,,,,,,
48,0,217.780579,139.272522,0,1836.334106,631781.4375,272.983826,MEDCONDYLE,-60.28093,-44.25211,6.975937,6.580458,223.892365,2851.25,6.79791,0,0,0,0,11,1.3.6.1.4.1.19291.2.1.3.16012510107846657050921732940,1.3.6.1.4.1.19291.2.1.2.16012510107846657050921172891,1.3.6.1.4.1.19291.2.1.1.16012510107846657050912862229,21,-54.647186,-68.143288,-3.251158,233.546387,241.51683,-55.51894,-64.809952,-4.882098,240.655185,244.743707,-56.386639,-61.420044,-5.868271,247.853059,246.648004,-57.219536,-58.117222,-6.382833,254.845078,247.589288,-58.138382,-54.422737,-6.501111,262.644767,247.705522,-58.986198,-50.947498,-6.023866,269.953987,246.609438,-59.797237,-47.554184,-4.95895,277.062785,244.31244,-60.528931,-44.440784,-3.538011,283.564336,241.295766,-61.120739,-41.872787,-1.94835,288.90734,237.95211,-61.712379,-39.239262,0.226519,294.361148,233.407543,-62.236992,-36.818661,2.910107,299.341868,227.828268,-62.625683,-34.914684,5.875425,303.219443,221.689542,-62.866024,-33.580769,9.093408,305.882525,215.052746,-62.910721,-33.066013,12.04925,306.829787,208.98083,-62.793079,-33.189831,15.150968,306.422965,202.631905,-62.53896,-33.869171,18.210499,304.846186,196.388352,-62.150211,-35.115459,21.060699,302.083163,190.592901,-61.701008,-36.644299,23.569811,298.740054,185.505722,-61.219532,-38.361118,25.568411,295.024337,181.470632,-60.627316,-40.537395,27.455856,290.344525,177.678876,-60.173786,-42.22924,28.678394,286.717887,175.232511,,,,,,,,,,,,,,,,,,,,,,,,,,,,,,,,,,,,,,,,,,,,,,,,,,,,,,,,,,,,,,,,,,,,,,,,,,,,,,,,,,,,,,,,,,,,,,,,,,,,,,,,,
52,0,220.244614,139.272522,0,1810.542847,756760.5,284.871948,MEDCONDYLE,-61.53524,-45.450935,6.781527,7.158041,239.176025,3346.097168,7.977717,0,0,0,0,11,1.3.6.1.4.1.19291.2.1.3.16012510107846657050921772944,1.3.6.1.4.1.19291.2.1.2.16012510107846657050921172891,1.3.6.1.4.1.19291.2.1.1.16012510107846657050912862229,22,-55.163971,-72.155807,-2.00927,225.785807,239.181268,-56.046108,-68.803238,-3.840471,232.944573,242.817682,-56.919064,-65.415321,-5.031854,240.147879,245.142381,-57.825027,-61.8722,-6.028535,247.669473,247.062975,-58.83823,-57.843735,-6.560488,256.193186,248.015123,-59.869884,-53.698566,-6.718894,264.945566,248.198164,-60.739429,-50.122997,-6.129825,272.461185,246.869611,-61.5779,-46.579231,-4.713402,279.87089,243.847501,-62.346603,-43.302086,-3.165254,286.711911,240.56468,-62.901222,-40.858566,-1.349443,291.781709,236.762062,-63.36824,-38.736164,0.752798,296.160617,232.383697,-63.850571,-36.470898,3.571553,300.807296,226.532845,-64.188263,-34.786064,6.418809,304.22808,220.643428,-64.386589,-33.650692,9.380495,306.48434,214.538379,-64.417702,-33.175385,12.472235,307.341979,208.189455,-64.289505,-33.374043,15.288806,306.790679,202.427136,-64.08033,-33.920235,17.922102,305.514811,197.052085,-63.694859,-35.113991,21.119869,302.846297,190.54293,-63.175968,-36.882931,23.992298,298.979583,184.719778,-62.608078,-38.905689,26.369091,294.600676,179.920471,-62.042912,-40.990112,28.103594,290.121831,176.438856,-61.444859,-43.262539,29.349321,285.269296,173.964792,,,,,,,,,,,,,,,,,,,,,,,,,,,,,,,,,,,,,,,,,,,,,,,,,,,,,,,,,,,,,,,,,,,,,,,,,,,,,,,,,,,,,,,,,,,,,,,,,,,,
56,0,199.935242,134.114288,0,1805.384644,739160.5625,254.949387,MEDCONDYLE,-62.722542,-46.862801,7.09433,7.475966,247.404221,3630.650879,8.656146,0,0,0,0,11,1.3.6.1.4.1.19291.2.1.3.16012510107846657050921822948,1.3.6.1.4.1.19291.2.1.2.16012510107846657050921172891,1.3.6.1.4.1.19291.2.1.1.16012510107846657050912862229,22,-56.145061,-74.345795,-1.219097,221.891394,237.708778,-56.963219,-71.297935,-3.461552,228.426619,242.197944,-57.816956,-67.979797,-4.58416,235.479472,244.384138,-58.8125,-64.094772,-5.754129,243.730521,246.648004,-59.713867,-60.544228,-6.521285,251.257004,248.098222,-60.748497,-56.415131,-6.927898,259.987115,248.790201,-61.698063,-52.547169,-6.608607,268.13225,248.004259,-62.606373,-48.766659,-5.590711,276.060122,245.790365,-63.384121,-45.468647,-4.180802,282.951657,242.789981,-64.128448,-42.216473,-1.983884,289.709578,238.179149,-64.79303,-39.273621,0.323472,295.809737,233.352684,-65.282463,-36.979462,3.144398,300.517253,227.4964,-65.631554,-35.233463,6.125876,304.060786,221.329975,-65.849449,-33.966148,9.555784,306.573417,214.261371,-65.857399,-33.503868,13.358418,307.370223,206.456794,-65.660797,-33.917927,16.711054,306.339316,199.603822,-65.333023,-34.886009,19.845659,304.149863,193.216333,-64.958405,-36.093697,22.532927,301.47592,187.753292,-64.469353,-37.780273,25.069063,297.798766,182.616144,-63.899429,-39.817368,27.391743,293.392161,177.928182,-63.365479,-41.791599,28.986778,289.152303,174.728464,-62.778378,-44.061718,29.862291,284.322036,173.01264,,,,,,,,,,,,,,,,,,,,,,,,,,,,,,,,,,,,,,,,,,,,,,,,,,,,,,,,,,,,,,,,,,,,,,,,,,,,,,,,,,,,,,,,,,,,,,,,,,,,
60,0,204.646652,134.114288,0,1934.340698,812242.5625,265.050629,MEDCONDYLE,-63.826214,-48.790554,5.829908,7.771878,256.877716,3892.155029,9.279621,0,0,0,0,11,1.3.6.1.4.1.19291.2.1.3.16012510107846657050921862952,1.3.6.1.4.1.19291.2.1.2.16012510107846657050921172891,1.3.6.1.4.1.19291.2.1.1.16012510107846657050912862229,25,-57.081383,-76.797279,-1.143469,217.478812,237.708778,-57.635742,-74.724937,-2.599341,221.919093,240.620082,-58.440712,-71.611496,-3.791726,228.543399,242.956186,-59.155731,-68.813644,-4.565177,234.482241,244.444971,-59.852718,-66.089966,-5.351182,240.2652,245.961999,-60.518585,-63.529438,-6.469121,245.719551,248.164487,-61.389462,-60.083698,-7.075161,253.017365,249.288274,-62.267696,-56.575684,-7.393201,260.433044,249.82002,-63.065365,-53.320431,-7.071661,267.285473,249.050371,-63.942474,-49.680222,-6.181103,274.923302,247.102079,-64.663902,-46.586178,-4.565198,281.374883,243.686727,-65.345551,-43.656654,-2.984479,287.481017,240.349048,-66.032005,-40.62355,-0.659541,293.770739,235.483476,-66.478424,-38.579514,1.484583,297.982352,231.02201,-66.904671,-36.564579,4.091127,302.110865,225.614372,-67.201797,-34.997677,7.343148,305.263873,218.899905,-67.343155,-34.062431,10.567771,307.085612,212.263108,-67.332344,-33.788639,13.373561,307.531539,206.506764,-67.198029,-34.004314,16.258036,306.94113,200.605941,-66.919357,-34.790794,19.246428,305.141665,194.511755,-66.514702,-36.126797,21.871126,302.199942,189.181243,-65.998489,-37.898075,24.627445,298.333773,183.595993,-65.415947,-39.968864,27.1021,293.848952,178.59789,-64.793617,-42.224026,29.36635,288.985011,174.037031,-64.163475,-44.665058,30.266447,283.793004,172.276666,,,,,,,,,,,,,,,,,,,,,,,,,,,,,,,,,,,,,,,,,,,,,,,,,,,,,,,,,,,,,,,,,,,,,,,,,,,,,,,,,,,,,
64,0,204.498169,134.114288,0,1965.290161,878319.625,254.766052,MEDCONDYLE,-65.198677,-49.353458,7.042155,8.186392,263.976257,4217.658691,10.055682,0,0,0,0,11,1.3.6.1.4.1.19291.2.1.3.16012510107846657050921912956,1.3.6.1.4.1.19291.2.1.2.16012510107846657050921172891,1.3.6.1.4.1.19291.2.1.1.16012510107846657050912862229,26,-58.105392,-78.855316,-0.717739,213.879874,236.978237,-58.86993,-75.991333,-2.673122,220.013709,240.885685,-59.594391,-73.182938,-3.690179,225.986228,242.873085,-60.321598,-70.324699,-4.36467,232.047826,244.157098,-61.046757,-67.513794,-5.384422,238.025777,246.149931,-61.877674,-64.294907,-6.570338,244.87223,248.469198,-62.723389,-60.955391,-7.217839,251.947896,249.681516,-63.598274,-57.45079,-7.446456,259.352168,250.030222,-64.585335,-53.425991,-7.078331,267.825911,249.138906,-65.543091,-49.421581,-5.84513,276.216008,246.476366,-66.296059,-46.1978,-4.207257,282.940251,243.011589,-66.8992,-43.568901,-2.483638,288.405465,239.391468,-67.49012,-40.94746,-0.389709,293.837546,235.013105,-68.002968,-38.594074,2.119448,298.684653,229.793397,-68.411171,-36.640476,4.827248,302.679004,224.180446,-68.659508,-35.337543,7.486229,305.302981,218.689704,-68.800133,-34.43425,10.454693,307.069316,212.578681,-68.778107,-34.189106,13.407069,307.447894,206.523059,-68.625137,-34.428997,16.743013,306.785247,199.698331,-68.289551,-35.442249,19.756927,304.506175,193.559606,-67.838387,-36.919472,22.792084,301.247252,187.393182,-67.305664,-38.766743,25.465607,297.224654,181.980112,-66.723824,-40.847816,27.824547,292.723536,177.219369,-66.151802,-42.955269,29.600012,288.194178,173.654649,-65.572769,-45.210274,30.321198,283.40302,172.2544,-65.055405,-47.292881,30.366755,279.007275,172.23213,,,,,,,,,,,,,,,,,,,,,,,,,,,,,,,,,,,,,,,,,,,,,,,,,,,,,,,,,,,,,,,,,,,,,,,,,,,,,,,,
68,0,212.796249,139.272522,0,1893.074707,979075.5625,258.136932,MEDCONDYLE,-66.120941,-51.929253,6.520465,8.455751,272.891571,4495.637695,10.718435,0,0,0,0,11,1.3.6.1.4.1.19291.2.1.3.16012510107846657050921952960,1.3.6.1.4.1.19291.2.1.2.16012510107846657050921172891,1.3.6.1.4.1.19291.2.1.1.16012510107846657050912862229,25,-58.862423,-81.862633,0.839942,208.2251,233.961559,-59.362396,-80.035583,-0.84413,212.158622,237.348667,-60.131397,-77.143318,-2.708503,218.347857,241.068727,-60.901917,-74.130447,-3.561112,224.744036,242.71231,-61.732883,-70.86866,-4.369601,231.663274,244.25704,-62.395607,-68.34124,-5.66811,237.056247,246.830503,-63.205456,-65.193192,-6.728744,243.747359,248.895574,-64.104355,-61.643425,-7.414752,251.26841,250.17959,-65.020973,-57.950264,-7.465388,259.062124,250.15732,-65.974754,-54.047043,-6.984663,267.274066,249.03951,-66.930435,-50.060143,-5.83232,275.631031,246.543176,-67.848709,-46.125057,-3.803486,283.837542,242.253345,-68.593399,-42.873562,-1.625381,290.594918,237.681078,-69.238518,-39.993195,0.82382,296.556575,232.566198,-69.77317,-37.467777,4.075788,301.731746,225.819141,-70.082153,-35.830231,7.529232,305.024344,218.689704,-70.242012,-34.771923,11.181655,307.085612,211.172455,-70.212158,-34.49918,14.657562,307.497866,204.043562,-69.987495,-35.052818,17.777315,306.183432,197.672368,-69.554901,-36.400654,21.294004,303.174903,190.51523,-68.987679,-38.328888,24.482527,298.957316,184.050069,-68.354454,-40.572983,27.233194,294.093917,178.492521,-67.727127,-42.869034,29.314365,289.152303,174.308065,-67.140121,-45.129307,30.273499,284.338874,172.420602,-66.659103,-47.040783,30.534985,280.294007,171.950231,,,,,,,,,,,,,,,,,,,,,,,,,,,,,,,,,,,,,,,,,,,,,,,,,,,,,,,,,,,,,,,,,,,,,,,,,,,,,,,,,,,,,
72,0,208.150345,139.272522,0,1944.657104,1000162.438,255.48233,MEDCONDYLE,-67.210419,-53.920998,5.196653,8.654819,279.586182,4718.250488,11.249186,0,0,0,0,11,1.3.6.1.4.1.19291.2.1.3.16012510107846657050922002964,1.3.6.1.4.1.19291.2.1.2.16012510107846657050921172891,1.3.6.1.4.1.19291.2.1.1.16012510107846657050912862229,24,-59.762238,-84.264618,2.655107,203.83533,230.396841,-60.320694,-82.328041,-0.146928,208.052378,236.070083,-60.911491,-80.12056,-1.70793,212.782702,239.192131,-61.837635,-76.54834,-3.167299,220.3874,242.05944,-62.612122,-73.500298,-3.850516,226.849845,243.354862,-63.211681,-71.18,-4.726856,231.786027,245.070684,-63.939018,-68.397842,-6.078403,237.718896,247.744089,-64.805679,-65.01973,-7.131732,244.895043,249.786344,-65.887428,-60.703876,-7.568497,254.020571,250.533727,-66.856552,-56.756844,-7.247879,262.332453,249.742349,-67.801292,-52.834778,-6.278214,270.561233,247.622423,-68.722748,-48.958904,-4.886148,278.672692,244.638876,-69.591728,-45.225113,-2.878366,286.455542,240.399019,-70.274559,-42.184902,-0.361555,292.751239,235.140203,-70.923836,-39.243279,2.480941,298.823699,229.217655,-71.348541,-37.157913,5.764897,303.068988,222.420085,-71.622719,-35.614193,9.630399,306.144324,214.449845,-71.669449,-34.996307,13.425138,307.26974,206.656131,-71.479599,-35.328278,17.262737,306.389289,198.807016,-71.235092,-36.003647,20.014334,304.835326,193.194065,-70.721191,-37.695152,23.393288,301.108203,186.330772,-70.013184,-40.217274,26.354097,295.648421,180.352279,-69.191185,-43.211979,29.203451,289.196841,174.618204,-68.310432,-46.612053,30.565552,281.959859,171.944257,,,,,,,,,,,,,,,,,,,,,,,,,,,,,,,,,,,,,,,,,,,,,,,,,,,,,,,,,,,,,,,,,,,,,,,,,,,,,,,,,,,,,,,,,,
76,0,210.482697,134.114288,0,2058.138428,1059569.875,277.514618,MEDCONDYLE,-68.457741,-54.983521,6.456565,8.983244,284.782196,4958.012695,11.820824,0,0,0,0,11,1.3.6.1.4.1.19291.2.1.3.16012510107846657050922042968,1.3.6.1.4.1.19291.2.1.2.16012510107846657050921172891,1.3.6.1.4.1.19291.2.1.1.16012510107846657050912862229,27,-60.825321,-86.117981,3.496411,200.648646,228.808116,-61.410496,-84.066475,0.757169,205.105223,234.348829,-61.907787,-82.269775,-1.099564,208.982798,238.090616,-62.5196,-79.895889,-1.939139,214.03033,239.729311,-63.290173,-76.896545,-2.913242,220.403693,241.622201,-64.00222,-74.08902,-3.495131,226.353946,242.718286,-64.664719,-71.610733,-5.220013,231.663274,246.166769,-65.382828,-68.848946,-6.422452,237.546172,248.535463,-66.262604,-65.365532,-7.012947,244.922744,249.626115,-67.176025,-61.6987,-7.182211,252.666488,249.847723,-68.118057,-57.87907,-7.021492,260.717114,249.388216,-69.039482,-54.082024,-6.32527,268.694957,247.83262,-69.941711,-50.282345,-4.921065,276.645098,244.826807,-70.771652,-46.750038,-3.301852,284.021128,241.389732,-71.484917,-43.624836,-1.118992,290.511817,236.81203,-72.172752,-40.543747,1.580637,296.885184,231.177352,-72.65229,-38.256165,4.696291,301.564997,224.717625,-72.937332,-36.693676,8.340317,304.690303,217.200376,-73.046814,-35.828842,12.079494,306.339316,209.512034,-72.973923,-35.668068,16.100618,306.489772,201.270218,-72.721947,-36.310104,19.413568,304.979804,194.506324,-72.288727,-37.696728,22.609503,301.904467,188.007488,-71.778824,-39.431622,25.462271,298.110537,182.223444,-71.196854,-41.545589,27.535105,293.553477,178.049848,-70.549858,-43.957138,29.296801,288.383197,174.523695,-69.921524,-46.376884,30.320646,283.230296,172.509138,-69.320724,-48.768379,30.611866,278.171361,171.994226,,,,,,,,,,,,,,,,,,,,,,,,,,,,,,,,,,,,,,,,,,,,,,,,,,,,,,,,,,,,,,,,,,,,,,,,,,,
80,0,208.554123,139.272522,5.158242,2104.562744,1026711.938,262.273499,MEDCONDYLE,-69.840691,-55.558231,7.190252,8.958871,284.44577,4859.04541,11.584867,0,0,0,0,11,1.3.6.1.4.1.19291.2.1.3.16012510107846657050922092972,1.3.6.1.4.1.19291.2.1.2.16012510107846657050921172891,1.3.6.1.4.1.19291.2.1.1.16012510107846657050912862229,31,-62.124413,-87.149483,3.183504,199.250026,229.555496,-62.696625,-85.104706,0.847175,203.673472,234.271158,-63.173565,-83.393036,-1.035184,207.372893,238.068346,-63.641865,-81.584053,-1.749203,211.222766,239.469139,-64.268921,-79.093826,-2.104122,216.492987,240.111147,-64.850174,-76.80481,-2.60419,221.345523,241.057321,-65.339912,-74.925018,-3.457013,225.351283,242.740011,-65.883316,-72.881592,-4.777423,229.724213,245.374849,-66.541687,-70.353081,-5.911271,235.111756,247.611013,-67.165543,-67.889183,-6.384818,240.332007,248.4969,-68.09906,-64.156631,-6.690149,248.220774,248.99497,-69.022911,-60.414547,-6.566057,256.10954,248.613134,-69.932243,-56.668034,-5.885166,263.981468,247.090673,-70.764397,-53.200069,-4.913511,271.252125,244.982149,-71.658577,-49.418751,-3.384637,279.157729,241.721597,-72.404839,-46.22776,-1.797396,285.815165,238.361648,-73.079124,-43.284554,0.16681,291.932164,234.238025,-73.66082,-40.67709,2.466223,297.325137,229.439262,-74.12088,-38.4786,5.488952,301.821364,223.172896,-74.365555,-37.116268,8.803514,304.539851,216.337305,-74.426064,-36.528336,11.842199,305.637564,210.093209,-74.377083,-36.391182,14.801685,305.788016,204.026724,-74.213921,-36.726433,17.65819,304.946673,198.187277,-73.981163,-37.367599,20.29306,303.470378,192.812227,-73.621651,-38.531235,22.831095,300.896373,187.653352,-73.253334,-39.755062,25.1511,298.205588,182.943122,-72.787148,-41.414867,27.108438,294.612082,178.990591,-72.143425,-43.786716,29.10442,289.514586,174.983202,-71.643051,-45.712078,29.933611,285.413773,173.350484,-71.167068,-47.598724,30.235247,281.419421,172.79701,-70.653175,-49.671616,30.242723,277.045947,172.852411,,,,,,,,,,,,,,,,,,,,,,,,,,,,,,,,,,,,,,,,,,,,,,,,,,,,,,,
84,0,200.633591,134.114288,0,1939.498901,954414,242.562988,MEDCONDYLE,-71.16951,-56.495182,6.653275,8.759394,282.745972,4660.164551,11.110699,0,0,0,0,11,1.3.6.1.4.1.19291.2.1.3.16012510107846657050922142976,1.3.6.1.4.1.19291.2.1.2.16012510107846657050921172891,1.3.6.1.4.1.19291.2.1.1.16012510107846657050912862229,35,-63.345787,-88.439415,3.358853,197.283267,229.31162,-63.976521,-86.186134,0.778272,202.158072,234.520465,-64.495323,-84.292107,-0.985413,206.236613,238.068346,-65.048759,-82.149956,-1.791434,210.793673,239.646207,-65.516861,-80.291733,-2.062902,214.726653,240.138849,-65.919151,-78.690277,-2.256901,218.114302,240.481578,-66.381363,-76.882004,-2.760092,221.952769,241.450565,-66.877434,-74.982201,-3.661782,226.003066,243.232652,-67.306816,-73.381538,-4.828969,229.434714,245.568758,-67.847855,-71.296043,-5.693442,233.874995,247.268285,-68.426926,-69.00486,-6.096225,238.727532,248.015123,-69.133041,-66.168739,-6.213735,244.716346,248.159055,-69.766174,-63.602146,-6.110635,250.126158,247.860323,-70.510475,-60.563702,-5.801925,256.521794,247.124349,-71.258377,-57.469521,-5.129002,263.017913,245.640451,-71.905884,-54.756256,-4.24209,268.700389,243.731268,-72.590736,-51.889179,-3.327786,274.70604,241.760706,-73.235817,-49.140503,-2.041049,280.444461,239.031356,-73.819969,-46.621044,-0.607565,285.692412,236.00925,-74.425652,-43.971565,1.207461,291.196732,232.201198,-75.000084,-41.409489,3.364702,296.500628,227.695194,-75.311348,-39.886051,5.728045,299.603667,222.802465,-75.55603,-38.599041,8.376676,302.19451,217.333449,-75.636826,-37.93277,11.384092,303.458972,211.150729,-75.625259,-37.7108,13.758505,303.815825,206.279726,-75.591423,-37.588924,16.042833,303.965735,201.596654,-75.464874,-37.809063,18.611029,303.380759,196.343813,-75.209518,-38.539425,21.263565,301.715449,190.93563,-74.944153,-39.385201,23.252954,299.837767,186.889679,-74.588402,-40.611519,25.102839,297.163821,183.142459,-74.224525,-41.895832,26.729614,294.377986,179.854208,-73.754646,-43.601345,28.414583,290.700833,176.461126,-73.249924,-45.532024,29.352053,286.583728,174.606798,-72.662056,-47.83086,30.001045,281.70349,173.355913,-72.324814,-49.220329,29.748404,278.784039,173.920793,,,,,,,,,,,,,,,,,,,,,,,,,,,,,,,,,,,
88,0,202.290375,139.272522,0,1934.340698,996886.9375,234.818619,MEDCONDYLE,-72.137169,-58.785198,7.038105,8.981489,285.890411,4850.876465,11.565391,0,0,0,0,11,1.3.6.1.4.1.19291.2.1.3.16012510107846657050922182980,1.3.6.1.4.1.19291.2.1.2.16012510107846657050921172891,1.3.6.1.4.1.19291.2.1.1.16012510107846657050912862229,32,-64.263191,-90.628662,6.427141,193.283484,223.172896,-64.790596,-88.868446,3.173796,197.149649,229.776559,-65.219208,-87.404839,0.822489,200.347739,234.542734,-65.689919,-85.664246,-0.581975,204.085727,237.360073,-66.287346,-83.348259,-1.420325,209.011042,238.998226,-66.967972,-80.670921,-2.032392,214.688086,240.160574,-67.433517,-78.823303,-2.306604,218.598796,240.659189,-67.930077,-76.910843,-3.113835,222.671363,242.247371,-68.462944,-74.882973,-4.196121,227.000296,244.395002,-69.216888,-71.94603,-5.128874,233.240048,246.205331,-69.901604,-69.240028,-5.633228,238.972495,247.146074,-70.606934,-66.402802,-5.713106,244.961851,247.212884,-71.34626,-63.395657,-5.503581,251.296111,246.681135,-72.091606,-60.338364,-5.065517,257.725422,245.679559,-72.937088,-56.837734,-4.280557,265.07375,243.952329,-73.727814,-53.506718,-3.041705,272.042957,241.301197,-74.485062,-50.283653,-1.562929,278.773175,238.162311,-75.180122,-47.268993,0.291889,285.046059,234.260294,-75.859474,-44.284637,2.439176,291.241271,229.760265,-76.407738,-41.824902,4.625171,296.327906,225.19886,-76.757179,-40.105865,7.355703,299.826361,219.547344,-76.903709,-39.215118,10.002717,301.58129,214.095166,-76.966515,-38.566982,13.491466,302.784919,206.927165,-76.844696,-38.736027,16.34255,302.294452,201.09315,-76.599846,-39.305958,20.038273,300.918643,193.542768,-76.367607,-39.990555,22.271067,299.369567,188.992769,-75.997276,-41.231953,24.507563,296.645652,184.454176,-75.593605,-42.624699,26.595434,293.609423,180.225181,-75.075378,-44.515766,28.364634,289.536855,176.665895,-74.679344,-46.021496,29.181532,286.321927,175.044038,-74.150146,-48.121891,29.492031,281.876214,174.4797,-73.648827,-50.157848,29.377449,277.586385,174.783865,,,,,,,,,,,,,,,,,,,,,,,,,,,,,,,,,,,,,,,,,,,,,,,,,,
92,0,212.301468,144.430771,0,1691.90332,1189949.75,220.05925,MEDCONDYLE,-72.885696,-61.892025,8.019867,9.602061,298.502197,5541.680664,13.212397,0,0,0,0,11,1.3.6.1.4.1.19291.2.1.3.16012510107846657050922232984,1.3.6.1.4.1.19291.2.1.2.16012510107846657050921172891,1.3.6.1.4.1.19291.2.1.1.16012510107846657050912862229,31,-64.746307,-93.832352,16.019516,186.837333,203.70572,-65.047035,-93.103554,11.73484,188.575965,212.457014,-65.428879,-91.929283,8.494176,191.205375,219.054703,-65.989548,-90.063797,4.985039,195.30564,226.178709,-66.40847,-88.643173,2.599441,198.414656,231.01658,-66.976807,-86.643929,-0.001038,202.754454,236.274852,-67.57505,-84.345413,-1.023124,207.65153,238.289953,-68.296104,-81.520844,-1.775543,213.645774,239.734741,-68.985329,-78.812241,-2.417832,219.39017,240.957923,-69.591148,-76.498459,-3.57516,224.325808,243.24949,-70.48513,-73.019455,-4.711309,231.718674,245.457952,-71.40921,-69.330154,-5.062071,239.518363,246.050535,-72.366226,-65.459625,-4.985993,247.680336,245.762662,-73.202248,-62.054764,-4.710168,254.850509,245.081548,-73.979134,-58.821598,-3.842532,261.630698,243.194088,-74.78717,-55.395836,-2.383572,268.789466,240.088878,-75.433235,-52.641384,-1.081018,274.539292,237.32694,-76.13427,-49.655712,0.30439,280.773068,234.387392,-76.829033,-46.6273,2.291574,287.068764,230.213798,-77.427055,-43.930843,4.795011,292.639891,224.994091,-77.862885,-41.889488,7.293192,296.829238,219.807515,-78.082451,-40.633751,10.561004,299.32503,213.071321,-78.152054,-39.956112,14.068354,300.590033,205.864213,-78.037056,-40.072624,17.140249,300.200049,199.576122,-77.781479,-40.763649,20.148527,298.601004,193.43794,-77.404762,-41.946503,23.13026,295.965625,187.370912,-77.084335,-42.96769,25.533335,293.6985,182.483614,-76.669579,-44.402344,27.646294,290.57265,178.204649,-76.168701,-46.277546,28.936853,286.556027,175.625211,-75.763573,-47.872684,29.287733,283.174352,174.960935,-75.35228,-49.540565,29.215538,279.65906,175.165704,,,,,,,,,,,,,,,,,,,,,,,,,,,,,,,,,,,,,,,,,,,,,,,,,,,,,,,
96,0,280.782288,170.221985,5.158242,1655.795654,1433955.125,270.973999,MEDCONDYLE,-73.454933,-66.073341,5.898466,8.773331,292.585052,4987.944824,11.892187,0,0,0,0,11,1.3.6.1.4.1.19291.2.1.3.16012510107846657050922272988,1.3.6.1.4.1.19291.2.1.2.16012510107846657050921172891,1.3.6.1.4.1.19291.2.1.1.16012510107846657050912862229,27,-66.011795,-94.827118,17.230232,185.444686,201.331051,-66.330399,-93.912468,13.950401,187.528228,208.017818,-66.621399,-93.026321,11.403467,189.517257,213.204394,-66.999901,-91.842026,8.3708,192.158065,219.375707,-67.461006,-90.282639,5.707107,195.572875,224.778458,-68.051888,-88.193817,3.094259,200.102237,230.059,-68.599571,-86.183792,1.32573,204.425738,233.612855,-69.293747,-83.611801,-0.700634,209.946898,237.675645,-70.061081,-80.642258,-1.822734,216.264319,239.872703,-70.75563,-77.929306,-2.616516,222.025008,241.406026,-71.382912,-75.511406,-3.618853,227.173022,243.376588,-72.271545,-72.000847,-4.285376,234.610427,244.622041,-73.032959,-68.933151,-4.328515,241.084277,244.605745,-73.88166,-65.455582,-3.862185,248.398928,243.53193,-74.514778,-62.826481,-3.205905,253.914655,242.098003,-75.513329,-58.661747,-2.010641,262.644767,239.507703,-76.327049,-55.244808,-0.832623,269.798102,236.978237,-77.076118,-52.112362,0.136932,276.361029,234.885465,-77.801849,-48.999805,1.763137,282.851174,231.448387,-78.414299,-46.284592,3.91782,288.478247,226.942383,-78.942116,-43.818111,6.892601,293.542071,220.765094,-79.290337,-42.028645,10.289416,297.157847,213.746461,-79.405022,-41.178562,13.712752,298.790564,206.705558,-79.304398,-41.167938,17.395885,298.640113,199.161152,-79.052788,-41.790466,20.86788,297.163821,192.070821,-78.684364,-42.942093,23.829992,294.595248,186.042902,-78.201271,-44.572048,26.65423,291.02401,180.313715,,,,,,,,,,,,,,,,,,,,,,,,,,,,,,,,,,,,,,,,,,,,,,,,,,,,,,,,,,,,,,,,,,,,,,,,,,,
100,0,344.963654,170.221985,0,1588.738403,780307.8125,342.041534,TROCHLEA,-74.024109,-70.484177,1.751005,6.16542,234.038818,2208.304443,5.265008,0,0,0,0,11,1.3.6.1.4.1.19291.2.1.3.16012510107846657050922322992,1.3.6.1.4.1.19291.2.1.2.16012510107846657050921172891,1.3.6.1.4.1.19291.2.1.1.16012510107846657050912862229,20,-68.204971,-92.708199,12.873407,190.882201,210.253982,-68.447174,-92.099449,9.615111,192.319381,216.907073,-68.776779,-91.01812,7.41628,194.703826,221.373971,-69.174202,-89.661827,5.22905,197.667819,225.807735,-69.750069,-87.607536,2.846427,202.113532,230.617904,-70.426025,-85.122665,0.699795,207.456538,234.930004,-71.108543,-82.549095,-0.897006,212.96086,238.112884,-71.95948,-79.260887,-2.184051,219.958308,240.636921,-72.785812,-76.014076,-2.959676,226.844413,242.114841,-73.612854,-72.751617,-3.622066,233.758218,243.360294,-74.412544,-69.534576,-3.710654,240.549269,243.431989,-75.238647,-66.139801,-3.170014,247.685768,242.208807,-75.929741,-63.275368,-2.50148,253.697394,240.741748,-76.600365,-60.469879,-1.624069,259.574861,238.848857,-77.361206,-57.276943,-0.539635,266.259998,236.518728,-78.121971,-54.103489,0.375139,272.912003,234.53676,-78.908333,-50.82362,1.317573,279.787244,232.494501,-79.401062,-48.703529,2.482193,284.205256,230.036729,-79.918571,-46.318855,5.101672,289.113194,224.589984,-80.343857,-44.244003,8.272047,293.341647,218.025427,,,,,,,,,,,,,,,,,,,,,,,,,,,,,,,,,,,,,,,,,,,,,,,,,,,,,,,,,,,,,,,,,,,,,,,,,,,,,,,,,,,,,,,,,,,,,,,,,,,,,,,,,,,,,,
104,0,240.04834,144.430771,15.474726,1351.459351,195399.3438,262.982971,TROCHLEA,-72.995369,-80.808807,2.326483,3.862091,152.001968,770.527832,1.837081,0,0,0,0,11,1.3.6.1.4.1.19291.2.1.3.16012510107846657050922362996,1.3.6.1.4.1.19291.2.1.2.16012510107846657050921172891,1.3.6.1.4.1.19291.2.1.1.16012510107846657050912862229,14,-69.728355,-92.751434,13.295549,191.53398,209.462064,-69.928802,-92.206558,10.962195,192.793013,214.222807,-70.185928,-91.444618,8.525521,194.514815,219.187776,-70.530655,-90.273109,6.584531,197.077411,223.123469,-71.031128,-88.50264,4.382446,200.915881,227.573528,-71.569542,-86.549477,2.441966,205.127494,231.481519,-72.198982,-84.225693,0.530579,210.11962,235.317272,-72.951782,-81.363243,-1.019587,216.231189,238.394781,-73.716576,-78.378052,-1.912573,222.57088,240.122011,-74.496452,-75.312248,-2.631084,229.07243,241.489128,-75.246895,-72.299416,-2.767718,235.434933,241.666196,-76.107719,-68.807213,-2.604459,242.794667,241.212663,-76.746407,-66.167595,-2.0539,248.337552,239.994913,-77.495964,-63.042038,-1.162719,254.889616,238.062913,,,,,,,,,,,,,,,,,,,,,,,,,,,,,,,,,,,,,,,,,,,,,,,,,,,,,,,,,,,,,,,,,,,,,,,,,,,,,,,,,,,,,,,,,,,,,,,,,,,,,,,,,,,,,,,,,,,,,,,,,,,,,,,,,,,,,,,,,,,,
108,0,259.900879,144.430771,10.316483,1485.573608,212339.0156,290.391571,TROCHLEA,-74.434761,-81.152519,3.089147,3.750379,146.326401,761.948975,1.816628,0,0,0,0,11,1.3.6.1.4.1.19291.2.1.3.16012510107846657050922413000,1.3.6.1.4.1.19291.2.1.2.16012510107846657050921172891,1.3.6.1.4.1.19291.2.1.1.16012510107846657050912862229,16,-71.255951,-92.762581,13.851871,192.247145,208.394224,-71.488708,-92.062157,11.740532,193.82392,212.694915,-71.681694,-91.506706,9.76658,195.088385,216.719142,-71.927208,-90.707016,8.077873,196.85472,220.150788,-72.227921,-89.69265,6.317971,199.077304,223.720937,-72.646797,-88.213013,4.455642,202.286258,227.484994,-73.092461,-86.598633,2.828942,205.768416,230.76184,-73.636856,-84.592087,1.146916,210.080512,234.138628,-74.227013,-82.361221,-0.184573,214.849402,236.789762,-74.946228,-79.58065,-1.260571,220.765979,238.898828,-75.649712,-76.807617,-1.841886,226.643447,239.994913,-76.375107,-73.914581,-2.14411,232.760987,240.515253,-77.095726,-70.987663,-1.976472,238.927956,240.07204,-77.738106,-68.308754,-1.210447,244.543623,238.411619,-78.288864,-65.992805,-0.384277,249.390727,236.640394,-78.677841,-64.352242,0.242325,252.822373,235.300977,,,,,,,,,,,,,,,,,,,,,,,,,,,,,,,,,,,,,,,,,,,,,,,,,,,,,,,,,,,,,,,,,,,,,,,,,,,,,,,,,,,,,,,,,,,,,,,,,,,,,,,,,,,,,,,,,,,,,,,,,,,,,,,,,,
112,0,234.699997,149.589005,5.158242,1366.934082,170392.2031,236.137054,TROCHLEA,-75.858353,-81.56543,3.803347,3.580426,140.508286,671.519775,1.601028,0,0,0,0,11,1.3.6.1.4.1.19291.2.1.3.16012510107846657050922453004,1.3.6.1.4.1.19291.2.1.2.16012510107846657050921172891,1.3.6.1.4.1.19291.2.1.1.16012510107846657050912862229,15,-72.881454,-92.387199,14.331747,193.77938,207.469776,-73.084457,-91.818565,12.117058,195.082953,211.986643,-73.305763,-91.159698,10.046982,196.570105,216.204232,-73.672485,-89.91761,7.945455,199.289134,220.46636,-74.032104,-88.67205,6.127602,202.002188,224.147314,-74.415016,-87.304626,4.556455,204.960746,227.318789,-74.840218,-85.736053,3.254562,208.331015,229.931902,-75.352417,-83.858574,1.58025,212.370452,233.297283,-75.964478,-81.541023,0.233796,217.322928,235.976118,-76.68927,-78.723022,-0.710229,223.312285,237.813606,-77.35054,-76.072701,-0.870788,228.911113,238.052051,-78.157425,-72.829758,-0.986856,235.758109,238.179149,-78.773079,-70.31192,-0.690953,241.056033,237.487171,-79.363564,-67.89389,-0.379866,246.142668,236.767492,-79.993034,-65.254791,0.495012,251.669258,234.885465,,,,,,,,,,,,,,,,,,,,,,,,,,,,,,,,,,,,,,,,,,,,,,,,,,,,,,,,,,,,,,,,,,,,,,,,,,,,,,,,,,,,,,,,,,,,,,,,,,,,,,,,,,,,,,,,,,,,,,,,,,,,,,,,,,,,,,,
116,0,270.939453,165.063736,0,1248.294556,148474.8125,262.57785,TROCHLEA,-77.180122,-82.421806,4.230163,3.202871,126.989449,506.329468,1.207183,0,0,0,0,11,1.3.6.1.4.1.19291.2.1.3.16012510107846657050922503008,1.3.6.1.4.1.19291.2.1.2.16012510107846657050921172891,1.3.6.1.4.1.19291.2.1.1.16012510107846657050912862229,13,-74.555695,-91.882698,14.214945,195.611983,207.763079,-74.744469,-91.395203,11.790798,196.754233,212.711753,-74.987686,-90.642601,9.767688,198.436927,216.829946,-75.374168,-89.324852,7.629887,201.317271,221.163769,-75.834808,-87.692581,5.627131,204.854831,225.210266,-76.301125,-86.000206,3.953257,208.503737,228.581077,-76.8358,-84.026688,2.325872,212.743598,231.847063,-77.40007,-81.901634,0.982625,217.289794,234.525896,-78.055435,-79.353813,0.126624,222.705039,236.192293,-78.736374,-76.670357,-0.442329,228.392943,237.266107,-79.421837,-73.912216,-0.512398,234.21501,237.315534,-80.207191,-70.73037,-0.40072,240.922416,236.978237,-80.886909,-67.950203,-0.071267,246.772183,236.208587,,,,,,,,,,,,,,,,,,,,,,,,,,,,,,,,,,,,,,,,,,,,,,,,,,,,,,,,,,,,,,,,,,,,,,,,,,,,,,,,,,,,,,,,,,,,,,,,,,,,,,,,,,,,,,,,,,,,,,,,,,,,,,,,,,,,,,,,,,,,,,,,,
120,0,257.433899,170.221985,15.474726,1310.193359,130518.9922,240.898315,TROCHLEA,-78.57708,-82.880043,5.493484,3.234696,128.281616,497.068451,1.185104,0,0,0,0,11,1.3.6.1.4.1.19291.2.1.3.16012510107846657050922553012,1.3.6.1.4.1.19291.2.1.2.16012510107846657050921172891,1.3.6.1.4.1.19291.2.1.1.16012510107846657050912862229,13,-75.990196,-92.170158,15.649095,195.701056,204.906633,-76.238609,-91.337112,14.151555,197.528773,207.945579,-76.418968,-90.881042,11.749669,198.603675,212.849714,-76.718636,-89.911476,9.630928,200.748587,217.156381,-77.104576,-88.593185,7.517255,203.628932,221.440778,-77.554337,-86.999207,5.563931,207.083392,225.387333,-78.120071,-84.944832,3.543537,211.512267,229.455556,-78.79985,-82.394844,1.836278,216.972049,232.865476,-79.476143,-79.785637,0.776664,222.526339,234.94684,-80.098404,-77.326569,0.316993,227.735728,235.804481,-80.960548,-73.901688,-0.161684,234.983573,236.668094,-81.745255,-70.653175,0.5625,241.802869,235.073938,-82.276474,-68.541634,0.278596,246.270852,235.583417,,,,,,,,,,,,,,,,,,,,,,,,,,,,,,,,,,,,,,,,,,,,,,,,,,,,,,,,,,,,,,,,,,,,,,,,,,,,,,,,,,,,,,,,,,,,,,,,,,,,,,,,,,,,,,,,,,,,,,,,,,,,,,,,,,,,,,,,,,,,,,,,,
124,0,294.161743,185.696701,5.158242,1392.72522,160318.1563,284.550171,TROCHLEA,-80.118454,-82.862259,5.813848,3.191121,126.176994,508.537506,1.212448,0,0,0,0,11,1.3.6.1.4.1.19291.2.1.3.16012510107846657050922593016,1.3.6.1.4.1.19291.2.1.2.16012510107846657050921172891,1.3.6.1.4.1.19291.2.1.1.16012510107846657050912862229,12,-77.469345,-92.356834,16.381498,196.035643,203.484113,-77.770645,-91.408745,14.014647,198.14688,208.299715,-78.00486,-90.755898,11.431021,199.645442,213.569393,-78.368164,-89.543449,9.189435,202.308524,218.119392,-78.793671,-88.070366,7.032613,205.517478,222.486892,-79.398636,-85.909874,4.5509,210.191859,227.4964,-80.042763,-83.515358,2.74096,215.328467,231.121952,-80.832642,-80.482513,1.374368,221.790911,233.817625,-81.726143,-76.956894,0.667292,229.26199,235.145635,-82.416145,-74.193298,0.48337,235.100894,235.428075,-82.992134,-71.833382,0.798077,240.064776,234.702964,-83.606323,-69.320511,1.102011,245.351836,233.994691,,,,,,,,,,,,,,,,,,,,,,,,,,,,,,,,,,,,,,,,,,,,,,,,,,,,,,,,,,,,,,,,,,,,,,,,,,,,,,,,,,,,,,,,,,,,,,,,,,,,,,,,,,,,,,,,,,,,,,,,,,,,,,,,,,,,,,,,,,,,,,,,,,,,,,
128,0,270.944427,170.221985,0,1593.896729,143058.6563,281.540405,TROCHLEA,-81.3535,-84.000282,6.843899,3.141907,123.612228,503.005005,1.199257,0,0,0,0,11,1.3.6.1.4.1.19291.2.1.3.16012510107846657050922643020,1.3.6.1.4.1.19291.2.1.2.16012510107846657050921172891,1.3.6.1.4.1.19291.2.1.1.16012510107846657050912862229,14,-78.802094,-93.063278,17.741484,195.244269,200.793872,-79.071548,-92.208397,15.686708,197.144221,204.973441,-79.333984,-91.372871,13.711004,198.999633,208.991693,-79.55204,-90.733864,11.581595,200.44768,213.331492,-79.898186,-89.599648,9.260172,202.949446,218.047696,-80.270264,-88.317032,7.325555,205.746146,221.966551,-80.75988,-86.532631,5.633969,209.590045,225.370496,-81.273849,-84.65049,3.937841,213.640345,228.780416,-81.813232,-82.602776,2.798474,218.01382,231.044281,-82.427811,-80.221687,1.923773,223.078185,232.754673,-83.114197,-77.526955,1.259962,228.794335,234.022394,-83.743752,-74.993378,1.198938,234.142228,234.060957,-84.185852,-73.17485,1.503837,237.9644,233.37441,-84.702332,-71.006119,2.25131,242.504624,231.769392,,,,,,,,,,,,,,,,,,,,,,,,,,,,,,,,,,,,,,,,,,,,,,,,,,,,,,,,,,,,,,,,,,,,,,,,,,,,,,,,,,,,,,,,,,,,,,,,,,,,,,,,,,,,,,,,,,,,,,,,,,,,,,,,,,,,,,,,,,,,
132,0,268.018738,165.063736,5.158242,1764.118652,158131.0469,302.435608,TROCHLEA,-82.907722,-83.930122,7.169075,3.235045,127.35733,527.459412,1.257561,0,0,0,0,11,1.3.6.1.4.1.19291.2.1.3.16012510107846657050922683024,1.3.6.1.4.1.19291.2.1.2.16012510107846657050921172891,1.3.6.1.4.1.19291.2.1.1.16012510107846657050912862229,13,-80.128761,-93.815933,18.910252,194.364356,198.496875,-80.429428,-92.850876,16.716009,196.503295,202.95834,-80.775223,-91.778801,13.857841,198.89915,208.776061,-81.131477,-90.635025,11.26074,201.434047,214.056602,-81.546791,-89.23745,8.799951,204.497977,219.049272,-82.102531,-87.264847,6.413384,208.771514,223.870305,-82.676399,-85.162758,4.524515,213.294898,227.667493,-83.224373,-83.097252,3.23609,217.712912,230.236068,-83.903679,-80.481087,2.130484,223.284041,232.411399,-84.598267,-77.745102,1.53891,229.083836,233.529752,-85.324883,-74.82058,1.471375,235.256779,233.568317,-85.799065,-72.872864,1.774115,239.351615,232.881771,-86.159477,-71.329063,2.564357,242.571431,231.210485,,,,,,,,,,,,,,,,,,,,,,,,,,,,,,,,,,,,,,,,,,,,,,,,,,,,,,,,,,,,,,,,,,,,,,,,,,,,,,,,,,,,,,,,,,,,,,,,,,,,,,,,,,,,,,,,,,,,,,,,,,,,,,,,,,,,,,,,,,,,,,,,,
136,0,275.406006,154.747253,0,1954.973633,161112.5156,324.194061,TROCHLEA,-84.13063,-85.149612,7.91175,3.364313,132.846176,553.610962,1.319911,0,0,0,0,11,1.3.6.1.4.1.19291.2.1.3.16012510107846657050922733028,1.3.6.1.4.1.19291.2.1.2.16012510107846657050921172891,1.3.6.1.4.1.19291.2.1.1.16012510107846657050912862229,12,-81.351418,-94.952675,20.393553,192.6594,195.568733,-81.74559,-93.678741,17.594069,195.47837,201.259355,-82.070396,-92.681442,14.823859,197.712359,206.899464,-82.505714,-91.28054,11.679125,200.815394,213.292928,-82.942047,-89.824554,8.985068,204.013484,218.7614,-83.544876,-87.681839,6.422503,208.654193,223.937113,-84.133255,-85.521324,4.532667,213.300872,227.734302,-84.808525,-82.953735,3.141478,218.782924,230.496238,-85.557007,-80.067482,1.955791,224.927623,232.826368,-86.319992,-77.040749,1.494622,231.334666,233.667713,-87.056602,-74.067139,1.50449,237.607549,233.546047,-87.532173,-72.045166,2.413784,241.830569,231.614591,,,,,,,,,,,,,,,,,,,,,,,,,,,,,,,,,,,,,,,,,,,,,,,,,,,,,,,,,,,,,,,,,,,,,,,,,,,,,,,,,,,,,,,,,,,,,,,,,,,,,,,,,,,,,,,,,,,,,,,,,,,,,,,,,,,,,,,,,,,,,,,,,,,,,,
140,0,251.593765,154.747253,0,1867.283569,177876.7969,275.495331,TROCHLEA,-85.687325,-85.104652,7.926109,3.655038,144.265274,665.566589,1.586834,0,0,0,0,11,1.3.6.1.4.1.19291.2.1.3.16012510107846657050922783032,1.3.6.1.4.1.19291.2.1.2.16012510107846657050921172891,1.3.6.1.4.1.19291.2.1.1.16012510107846657050912862229,13,-82.744682,-95.524666,20.783665,192.197173,194.86046,-83.056465,-94.53437,18.416111,194.39749,199.676062,-83.405067,-93.425659,15.78167,196.860148,205.034274,-83.779678,-92.237518,12.921828,199.500964,210.851451,-84.213966,-90.809319,10.055076,202.648539,216.674604,-84.826958,-88.65036,7.273474,207.333785,222.298418,-85.373116,-86.678238,5.224487,211.59048,226.428016,-85.96357,-84.480675,3.588067,216.303428,229.704864,-86.64006,-81.914291,2.142798,221.785479,232.577604,-87.363007,-79.058578,1.598025,227.835669,233.596017,-88.138214,-75.942017,1.494677,234.415433,233.701389,-88.831963,-73.139496,1.521184,240.326577,233.551479,-89.59845,-69.965294,2.238389,246.989445,231.974161,,,,,,,,,,,,,,,,,,,,,,,,,,,,,,,,,,,,,,,,,,,,,,,,,,,,,,,,,,,,,,,,,,,,,,,,,,,,,,,,,,,,,,,,,,,,,,,,,,,,,,,,,,,,,,,,,,,,,,,,,,,,,,,,,,,,,,,,,,,,,,,,,
144,0,217.21756,144.430771,5.158242,1449.465942,219606.9531,229.124771,TROCHLEA,-87.499542,-84.056305,7.694506,4.379377,172.580292,969.934692,2.312505,0,0,0,0,11,1.3.6.1.4.1.19291.2.1.3.16012510107846657050922823036,1.3.6.1.4.1.19291.2.1.2.16012510107846657050921172891,1.3.6.1.4.1.19291.2.1.1.16012510107846657050912862229,15,-83.904076,-96.878372,22.605759,190.018584,191.245771,-84.290276,-95.616119,19.987593,192.804419,196.56542,-84.603622,-94.679932,17.085806,194.915656,202.477106,-85.023819,-93.36248,13.742782,197.85195,209.279564,-85.46241,-91.902321,11.005173,201.0609,214.837114,-85.909386,-90.355255,8.736536,204.43117,219.431109,-86.411522,-88.566551,6.636505,208.303313,223.671511,-86.989655,-86.468338,4.561281,212.827243,227.850536,-87.667908,-83.91684,2.921625,218.287024,231.121952,-88.399948,-81.086449,1.828625,224.309516,233.26415,-89.206726,-77.892754,1.281142,231.072865,234.276588,-89.9599,-74.882935,1.020195,237.434825,234.708396,-90.782326,-71.5765,0.911025,244.415438,234.8192,-91.609772,-68.195862,1.279003,251.53021,233.950153,-92.271759,-65.463898,1.814502,257.26863,232.760103,,,,,,,,,,,,,,,,,,,,,,,,,,,,,,,,,,,,,,,,,,,,,,,,,,,,,,,,,,,,,,,,,,,,,,,,,,,,,,,,,,,,,,,,,,,,,,,,,,,,,,,,,,,,,,,,,,,,,,,,,,,,,,,,,,,,,,,
148,0,203.635574,144.430771,0,1335.984619,287737.0625,199.906677,TROCHLEA,-89.903435,-80.717606,6.603722,4.963846,191.639694,1387.199341,3.307341,0,0,0,0,11,1.3.6.1.4.1.19291.2.1.3.16012510107846657050922873040,1.3.6.1.4.1.19291.2.1.2.16012510107846657050921172891,1.3.6.1.4.1.19291.2.1.1.16012510107846657050912862229,15,-85.426262,-97.048592,21.948895,190.453109,192.668291,-85.713371,-96.240646,18.849302,192.303092,198.989516,-86.16555,-94.816986,15.304301,195.472937,206.202055,-86.59774,-93.403061,12.386339,198.59281,212.130579,-87.26545,-91.110664,8.832441,203.595801,219.331712,-87.926331,-88.755768,6.074618,208.693297,224.900125,-88.683044,-85.959686,3.798439,214.698951,229.466962,-89.641487,-82.317459,1.805696,222.476371,233.424381,-90.589058,-78.611938,0.760168,230.342866,235.439481,-91.488983,-75.000679,0.581221,237.969832,235.682813,-92.330223,-71.633995,0.333423,245.08406,236.075513,-93.185783,-68.139793,0.702162,252.438363,235.201036,-93.999283,-64.77198,1.45406,259.508053,233.546047,-94.546928,-62.459698,2.358519,264.343752,231.614591,-94.991989,-60.493153,3.86618,268.42175,228.459411,,,,,,,,,,,,,,,,,,,,,,,,,,,,,,,,,,,,,,,,,,,,,,,,,,,,,,,,,,,,,,,,,,,,,,,,,,,,,,,,,,,,,,,,,,,,,,,,,,,,,,,,,,,,,,,,,,,,,,,,,,,,,,,,,,,,,,,
152,0,202.905487,144.430771,5.158242,1377.250488,357316.5625,184.187042,TROCHLEA,-91.094131,-82.118332,6.893522,5.491951,211.266739,1728.08606,4.120078,0,0,0,0,11,1.3.6.1.4.1.19291.2.1.3.16012510107846657050922923044,1.3.6.1.4.1.19291.2.1.2.16012510107846657050921172891,1.3.6.1.4.1.19291.2.1.1.16012510107846657050912862229,17,-86.706757,-98.008842,22.929125,189.14411,190.764537,-86.863182,-97.703148,20.051636,189.924079,196.647979,-87.135803,-96.927032,17.187519,191.695845,202.487969,-87.494171,-95.798813,14.377211,194.20793,208.205749,-87.970413,-94.198288,11.53729,197.717791,213.968068,-88.49102,-92.398346,8.877807,201.639903,219.353981,-89.060242,-90.370178,6.501192,206.030215,224.152745,-89.712372,-87.980347,4.364367,211.172252,228.448005,-90.428123,-85.291557,2.600697,216.927512,231.968729,-91.243347,-82.165482,1.154332,223.590377,234.82463,-92.117416,-78.732506,0.321507,230.871898,236.413356,-93.01812,-75.141579,-0.065266,238.465731,237.083065,-93.911041,-71.54969,-0.165662,246.048158,237.166168,-94.842484,-67.746193,0.230279,254.053703,236.225425,-95.707039,-64.165688,1.040951,261.569322,234.442794,-96.623795,-60.311481,2.408981,269.636243,231.50922,-97.274857,-57.522552,3.837976,275.452877,228.487112,,,,,,,,,,,,,,,,,,,,,,,,,,,,,,,,,,,,,,,,,,,,,,,,,,,,,,,,,,,,,,,,,,,,,,,,,,,,,,,,,,,,,,,,,,,,,,,,,,,,,,,,,,,,,,,,,,,,,,,,,,,,,
156,0,216.020355,154.747253,0,1201.870361,425560.0938,195.54068,TROCHLEA,-93.291252,-79.661728,5.381084,5.846955,225.472839,1930.804443,4.603396,0,0,0,0,11,1.3.6.1.4.1.19291.2.1.3.16012510107846657050922963048,1.3.6.1.4.1.19291.2.1.2.16012510107846657050921172891,1.3.6.1.4.1.19291.2.1.1.16012510107846657050912862229,18,-88.09314,-98.899643,20.746767,188.130042,195.336263,-88.33004,-98.318352,17.434568,189.511824,202.1007,-88.665962,-97.276276,14.663606,191.840323,207.740809,-89.073067,-95.909676,12.222164,194.837989,212.694915,-89.585312,-94.173904,9.293538,198.637351,218.634302,-90.162453,-92.134003,6.738256,203.060794,223.798608,-90.903557,-89.434349,4.166422,208.876883,228.974321,-91.616379,-86.749382,2.473356,214.620738,232.350565,-92.404579,-83.750778,0.864172,221.022345,235.544309,-93.234711,-80.511238,-0.111272,227.902476,237.43177,-94.227623,-76.574257,-0.728154,236.237172,238.560987,-95.161209,-72.828636,-0.920208,244.148207,238.826589,-96.005615,-69.395851,-0.696563,251.379757,238.251388,-96.898872,-65.692749,0.174123,259.151201,236.341659,-97.614723,-62.744469,0.700715,265.346413,235.162473,-98.454773,-59.202263,2.046892,272.756118,232.284301,-99.102798,-56.466431,3.114803,278.4777,230.003599,-99.70768,-53.848862,4.676328,283.926619,226.715888,,,,,,,,,,,,,,,,,,,,,,,,,,,,,,,,,,,,,,,,,,,,,,,,,,,,,,,,,,,,,,,,,,,,,,,,,,,,,,,,,,,,,,,,,,,,,,,,,,,,,,,,,,,,,,,,,,,,,,,,
160,0,208.125153,149.589005,0,1428.833008,526764.75,200.873093,TROCHLEA,-94.62989,-80.449539,5.811657,6.466901,245.037689,2483.939697,5.922174,0,0,0,0,11,1.3.6.1.4.1.19291.2.1.3.16012510107846657050923013052,1.3.6.1.4.1.19291.2.1.2.16012510107846657050921172891,1.3.6.1.4.1.19291.2.1.1.16012510107846657050912862229,19,-89.296463,-99.964729,23.5529,186.514159,189.696153,-89.399948,-99.971458,19.802082,186.676017,197.379064,-89.654434,-99.286072,16.78302,188.263655,203.539515,-90.025696,-98.114494,13.896145,190.870795,209.412637,-90.402695,-96.876152,11.394793,193.600684,214.493841,-90.898285,-95.179695,8.712643,197.305537,219.929724,-91.54689,-92.868439,6.006993,202.308524,225.392766,-92.260094,-90.259476,3.628653,207.924193,230.175235,-93.079102,-87.186188,1.580411,214.503959,234.265726,-93.913765,-83.980606,0.143329,221.334117,237.099903,-94.831268,-80.39312,-0.872916,228.950221,239.059059,-95.855896,-76.346451,-1.651262,237.523904,240.515253,-96.884888,-72.215004,-1.836221,246.248583,240.753154,-97.922722,-67.950935,-1.16395,255.212793,239.230695,-98.878273,-63.977375,-0.124871,263.546945,236.966829,-99.76796,-60.293514,0.702912,271.279826,235.145635,-100.597954,-56.813801,1.855486,278.566777,232.666137,-101.180649,-54.318851,3.124705,283.770734,229.981329,-101.570854,-52.544884,4.886692,287.430505,226.311781,,,,,,,,,,,,,,,,,,,,,,,,,,,,,,,,,,,,,,,,,,,,,,,,,,,,,,,,,,,,,,,,,,,,,,,,,,,,,,,,,,,,,,,,,,,,,,,,,,,,,,,,,,,,,,,,,,,
164,0,208.311539,149.589005,0,1712.536255,1158628.75,216.736801,LATCONDYLE,-97.871414,-73.204094,9.375414,9.278601,296.20401,5440.148438,12.970325,0,0,0,0,11,1.3.6.1.4.1.19291.2.1.3.16012510107846657050923053056,1.3.6.1.4.1.19291.2.1.2.16012510107846657050921172891,1.3.6.1.4.1.19291.2.1.1.16012510107846657050912862229,26,-90.558754,-101.08773,23.744293,184.898818,189.413713,-90.66275,-101.035988,20.492355,185.16062,196.072779,-90.842896,-100.664955,17.346216,186.09104,202.504263,-91.155479,-99.77063,14.101723,188.130042,209.119334,-91.588966,-98.361198,11.097658,191.244483,215.224383,-92.086594,-96.683411,8.177954,194.921088,221.147475,-92.639214,-94.714478,5.869938,199.183219,225.807735,-93.295731,-92.315842,3.654477,204.347525,230.263769,-94.011543,-89.633827,1.828873,210.091376,233.91159,-94.931793,-86.124687,0.022114,217.579295,237.492603,-95.887039,-82.393738,-1.072365,225.501738,239.607101,-96.922623,-78.311745,-1.92952,234.153634,241.223526,-98.10643,-73.577209,-2.305639,244.159613,241.832401,-99.161423,-69.317268,-2.281922,253.14555,241.638496,-100.305573,-64.612457,-1.506417,263.034751,239.889541,-101.308121,-60.389503,0.060983,271.870234,236.535022,-102.135315,-56.900307,1.397167,279.168591,233.679121,-102.799706,-54.016212,3.192111,285.168813,229.904201,-103.347397,-51.526436,5.663991,290.305417,224.756189,-103.660934,-49.893391,8.914918,293.598018,218.041721,-103.802353,-48.895699,12.689541,295.525668,210.276251,-103.738945,-48.751022,16.230158,295.664717,203.019173,-103.486977,-49.353321,19.893805,294.222098,195.5356,-103.157684,-50.274078,23.500702,292.110318,188.179124,-102.78653,-51.416271,26.643511,289.553149,181.780773,-102.276009,-53.285149,28.334122,285.531096,178.381715,,,,,,,,,,,,,,,,,,,,,,,,,,,,,,,,,,,,,,,,,,,,,,,,,,,,,,,,,,,,,,,,,,,,,,,,,,,,,,,,
168,0,182.654312,139.272522,0,1531.997803,1193828.625,176.959213,LATCONDYLE,-99.251282,-73.696419,10.947284,10.310719,318.020721,6497.726074,15.491786,0,0,0,0,11,1.3.6.1.4.1.19291.2.1.3.16012510107846657050923103060,1.3.6.1.4.1.19291.2.1.2.16012510107846657050921172891,1.3.6.1.4.1.19291.2.1.1.16012510107846657050912862229,31,-91.692345,-101.925941,31.043524,183.550711,174.562803,-91.777641,-102.010193,27.256338,183.550711,182.322841,-91.883141,-101.877892,24.662558,183.95156,187.631082,-91.916313,-102.081482,21.679787,183.662055,193.747537,-92.071014,-101.866066,18.065544,184.286139,201.14312,-92.34433,-101.1073,15.023523,186.029662,207.348109,-92.677452,-100.095131,12.088124,188.302764,213.32606,-93.335251,-97.868591,8.305681,193.177565,220.997565,-94.118393,-95.075546,5.059532,199.222327,227.551258,-94.746613,-92.770432,3.026736,204.180777,231.636318,-95.552994,-89.74073,1.043928,210.665492,235.59428,-96.450058,-86.304207,-0.577855,217.991549,238.798887,-97.373405,-82.709679,-1.740333,225.629378,241.057321,-98.273987,-79.151634,-2.413212,233.167266,242.314178,-99.277901,-75.163017,-2.965978,241.607877,243.310323,-100.358116,-70.816154,-3.073653,250.783374,243.382562,-101.124725,-67.641747,-2.358835,257.446785,241.810133,-102.03141,-63.882706,-1.472901,265.335551,239.867271,-103.050186,-59.645966,-0.362637,274.221547,237.448608,-103.90522,-56.052868,0.89916,281.742598,234.741529,-104.47934,-53.529903,2.721604,286.979687,230.922615,-105.024597,-51.044437,5.242083,292.104886,225.675205,-105.330048,-49.518463,7.835294,295.202491,220.311561,-105.444153,-48.690868,11.080803,296.796107,213.635658,-105.413208,-48.453285,14.284424,297.146983,207.06567,-105.273338,-48.633991,17.676403,296.606543,200.124164,-105.020508,-49.268459,21.08654,295.107981,193.160932,-104.708061,-50.258396,23.481136,292.907122,188.289928,-104.340332,-51.413918,26.383924,290.333117,182.383674,-104.087929,-52.278908,27.741184,288.444573,179.633144,-103.70771,-53.711166,28.643311,285.380643,177.834219,,,,,,,,,,,,,,,,,,,,,,,,,,,,,,,,,,,,,,,,,,,,,,,,,,,,,,,
172,0,183.247192,139.272522,0,1975.606567,1257992,179.92041,LATCONDYLE,-100.330627,-75.696495,9.911645,10.393374,325.76651,6744.391113,16.079882,0,0,0,0,11,1.3.6.1.4.1.19291.2.1.3.16012510107846657050923153064,1.3.6.1.4.1.19291.2.1.2.16012510107846657050921172891,1.3.6.1.4.1.19291.2.1.1.16012510107846657050912862229,33,-93.103828,-102.397667,31.670099,183.288909,173.366777,-93.081184,-102.861786,28.375313,182.4644,180.131216,-93.104935,-103.023376,26.099863,182.2303,184.797449,-93.189423,-102.955566,23.685625,182.48667,189.74015,-93.189156,-103.244698,21.139435,181.996199,194.96529,-93.274292,-103.269508,17.883207,182.096686,201.635761,-93.50399,-102.651619,15.151662,183.528441,207.209605,-93.898308,-101.400894,12.142017,186.308303,213.331492,-94.406075,-99.677048,9.267689,190.079963,219.160075,-94.973366,-97.716194,6.365015,194.35295,225.038629,-95.576141,-95.553551,3.980587,199.027335,229.848798,-96.36145,-92.637657,1.743251,205.283923,234.331991,-97.122589,-89.757172,0.054886,211.440028,237.69194,-97.937111,-86.659897,-1.62091,218.052924,241.018756,-98.841637,-83.12561,-2.644493,225.557139,242.994751,-99.699379,-79.742218,-3.333296,232.727311,244.290174,-100.652397,-75.943367,-3.747929,240.7611,245.009851,-101.589035,-72.148209,-3.611193,248.761212,244.600313,-102.389572,-68.862778,-3.125222,255.669586,243.492822,-103.247795,-65.322166,-2.441162,263.10699,241.970905,-104.179886,-61.469967,-1.637928,271.19618,240.19425,-105.11528,-57.555,-0.397672,279.39726,237.520303,-105.825012,-54.528538,1.038244,285.71468,234.475927,-106.323639,-52.312378,2.841661,290.305417,230.70644,-106.730804,-50.397167,5.247266,294.232962,225.713769,-107.009071,-48.995617,7.710229,297.074199,220.621159,-107.09359,-48.313137,10.728246,298.372336,214.41617,-107.093582,-47.925034,14.159009,299.030097,207.37581,-107.001022,-47.994801,16.843765,298.756892,201.879094,-106.837349,-48.339153,19.638367,297.899253,196.166745,-106.57412,-49.121361,22.113304,296.132914,191.124105,-106.164474,-50.465576,24.843418,293.168925,185.577962,-105.821251,-51.615479,26.921934,290.645432,181.359829,,,,,,,,,,,,,,,,,,,,,,,,,,,,,,,,,,,,,,,,,,,,,
176,0,181.601959,139.272522,0,1851.808838,1311529.375,185.160706,LATCONDYLE,-102.014938,-75.153999,9.771099,10.833125,331.809753,7142.48291,17.029007,0,0,0,0,11,1.3.6.1.4.1.19291.2.1.3.16012510107846657050923193068,1.3.6.1.4.1.19291.2.1.2.16012510107846657050921172891,1.3.6.1.4.1.19291.2.1.1.16012510107846657050912862229,31,-94.457657,-103.325562,30.320478,182.157523,176.234087,-94.434181,-103.818344,26.802094,181.283042,183.457489,-94.486305,-103.935532,23.906981,181.171698,189.391445,-94.490036,-104.30072,20.545847,180.55902,196.288412,-94.58194,-104.26683,17.567339,180.770308,202.388029,-94.816055,-103.630234,14.843447,182.241164,207.945579,-95.234428,-102.32412,11.465338,185.155188,214.820276,-95.675697,-100.860184,8.66561,188.374999,220.504924,-96.348213,-98.49691,5.566903,193.506179,226.771289,-97.159859,-95.531403,2.828611,199.890948,232.278869,-97.978035,-92.500221,0.437934,206.397929,237.072202,-98.768333,-89.494072,-1.179593,212.815837,240.282783,-99.528732,-86.556778,-2.339082,219.066993,242.557512,-100.546761,-82.588829,-3.578052,227.496196,244.959882,-101.641975,-78.233711,-4.147799,236.710801,245.978296,-102.702873,-73.959755,-4.211029,245.730414,245.961999,-103.721565,-69.788635,-3.677754,254.505063,244.727411,-104.662605,-65.918991,-3.039484,262.638792,243.288053,-105.584221,-62.121803,-2.348829,270.617178,241.743867,-106.580193,-57.994274,-1.390543,279.279939,239.640234,-107.407654,-54.446045,0.45804,286.67878,235.732784,-108.02182,-51.693413,2.882319,292.372117,230.673307,-108.442703,-49.67992,5.66735,296.489222,224.900125,-108.721367,-48.193172,8.869267,299.475482,218.291029,-108.835281,-47.391682,11.890605,301.024558,212.075177,-108.77681,-47.245152,15.271561,301.17501,205.145077,-108.549889,-47.810024,18.372669,299.837767,198.812447,-108.256042,-48.627674,21.626495,297.960086,192.175651,-107.894592,-49.769531,24.426161,295.419753,186.48014,-107.362122,-51.610294,27.148365,291.408562,180.967128,-106.795128,-53.660233,29.252747,286.985118,176.726728,,,,,,,,,,,,,,,,,,,,,,,,,,,,,,,,,,,,,,,,,,,,,,,,,,,,,,,
180,0,180.287704,134.114288,0,1795.068115,1487193.25,199.733429,LATCONDYLE,-103.64975,-74.538345,12.04333,12.285072,343.209106,8118.810059,19.356752,0,0,0,0,11,1.3.6.1.4.1.19291.2.1.3.16012510107846657050923243072,1.3.6.1.4.1.19291.2.1.2.16012510107846657050921172891,1.3.6.1.4.1.19291.2.1.1.16012510107846657050912862229,42,-95.822678,-104.043983,30.423985,181.399817,176.117853,-95.761406,-104.634354,27.390913,180.296675,182.350542,-95.696999,-105.1492,25.137526,179.316283,186.983644,-95.836899,-104.837128,22.905632,180.079413,191.544506,-95.796478,-105.323112,20.051668,179.188094,197.406766,-95.852249,-105.341988,17.895567,179.249472,201.823692,-96.027672,-104.920135,15.367235,180.258109,206.987999,-96.281448,-104.187897,12.787591,181.923964,212.246814,-96.663528,-102.93824,10.204902,184.681556,217.494223,-97.15329,-101.272232,7.461473,188.325034,223.05666,-97.75045,-99.163338,4.802148,192.898932,228.431711,-98.410492,-96.774597,2.373384,198.052371,233.324983,-99.032021,-94.462868,0.637747,203.010825,236.801168,-99.702347,-91.942955,-0.99847,208.403796,240.066608,-100.303612,-89.631081,-2.00991,213.328574,242.05944,-100.945847,-87.152634,-3.010603,218.604228,244.024572,-101.664276,-84.338287,-3.759931,224.576747,245.463384,-102.471634,-81.155098,-4.421002,231.323258,246.708837,-103.298683,-77.840096,-4.619412,238.32614,247.002138,-104.217476,-74.119286,-4.50319,246.170368,246.63714,-105.095245,-70.518829,-3.987453,253.741933,245.457952,-105.963501,-66.975006,-3.633069,261.201607,244.611177,-106.884155,-63.226551,-3.338837,269.095804,243.880636,-107.729065,-59.7481,-2.729326,276.405568,242.513517,-108.463486,-56.644131,-1.489076,282.895713,239.867271,-109.117271,-53.795731,0.36851,288.817719,235.965253,-109.664833,-51.338509,2.557192,293.898925,231.398416,-110.03167,-49.580563,5.011299,297.49243,226.311781,-110.31102,-48.117577,7.978665,300.439582,220.18392,-110.429253,-47.294392,11.03756,302.032653,213.890397,-110.402367,-47.050869,14.149333,302.400367,207.50834,-110.255104,-47.316261,17.056122,301.704043,201.563521,-109.984047,-48.077255,19.998207,299.960521,195.563302,-109.640358,-49.135048,22.907324,297.592368,189.640752,-109.252731,-50.40551,25.503881,294.79024,184.365642,-108.754623,-52.152054,27.832859,290.996308,179.654869,-108.349266,-53.605629,29.443352,287.854165,176.405725,-107.882103,-55.399067,30.254173,284.032534,174.806135,-107.341614,-57.478695,31.150902,279.603114,173.040342,-106.842865,-59.375854,32.171616,275.552817,171.014379,-106.354485,-61.190979,33.547619,271.658947,168.257871,-105.85099,-62.955269,35.911892,267.825911,163.475404
184,0,175.738663,128.956039,0,2181.936279,1368125.5,203.190094,LATCONDYLE,-104.592293,-77.275436,9.372349,11.310408,342.241211,7682.06543,18.315472,0,0,0,0,11,1.3.6.1.4.1.19291.2.1.3.16012510107846657050923283076,1.3.6.1.4.1.19291.2.1.2.16012510107846657050921172891,1.3.6.1.4.1.19291.2.1.1.16012510107846657050912862229,35,-97.232689,-104.642471,29.982153,180.92076,177.114538,-97.178925,-105.147964,27.43161,179.974044,182.355974,-97.114182,-105.659271,25.221386,178.999083,186.900541,-97.104637,-105.955589,22.942614,178.48091,191.578182,-97.0896,-106.272758,20.675327,177.918204,196.23301,-97.154716,-106.291252,18.189335,177.995871,201.32562,-97.329666,-105.905144,15.361685,178.943137,207.104233,-97.642868,-104.978432,12.381566,181.038077,213.176693,-98.091805,-103.489067,9.532888,184.313842,218.960738,-98.611969,-101.708565,6.71702,188.202277,224.667655,-99.248276,-99.444115,4.036279,193.10533,230.08127,-99.873077,-97.175354,1.804149,197.996428,234.575866,-100.591866,-94.496284,-0.153726,203.740279,238.494722,-101.402321,-91.437622,-2.026174,210.280936,242.225645,-102.197441,-88.383675,-3.39311,216.787921,244.921316,-103.008995,-85.217445,-4.353819,223.512706,246.781076,-103.760735,-82.242111,-4.868232,229.813834,247.733224,-104.655968,-78.646088,-5.014571,237.407124,247.910291,-105.612045,-74.771423,-4.86829,245.574529,247.478487,-106.589882,-70.793251,-4.583189,253.953762,246.758806,-107.557083,-66.847534,-4.205797,262.260214,245.851198,-108.587776,-62.629314,-3.684176,271.134804,244.638876,-109.544807,-58.637005,-2.531922,279.503175,242.142541,-110.272781,-55.533073,-1.06203,285.982457,239.025926,-110.9216,-52.676571,1.044164,291.909894,234.614431,-111.432777,-50.318325,3.655859,296.762431,229.184522,-111.773422,-48.606934,6.632608,300.233184,223.02896,-111.959381,-47.518318,9.622115,302.389502,216.868509,-112.002182,-47.028263,12.427223,303.291682,211.106191,-111.928955,-46.965549,15.593454,303.275386,204.618762,-111.667709,-47.657715,18.793736,301.664935,198.087337,-111.226654,-49.029873,22.397282,298.601004,190.753131,-110.644272,-50.982548,25.910524,294.316607,183.623695,-110.101578,-52.888863,28.417698,290.177234,178.553354,-109.617531,-54.662437,30.006487,286.361035,175.359609,,,,,,,,,,,,,,,,,,,,,,,,,,,,,,,,,,,
188,0,181.222992,128.956039,0,2176.778076,1343768.5,226.732605,LATCONDYLE,-106.319069,-76.739044,7.663578,10.972652,338.120056,7317.244629,17.445671,0,0,0,0,11,1.3.6.1.4.1.19291.2.1.3.16012510107846657050923333080,1.3.6.1.4.1.19291.2.1.2.16012510107846657050921172891,1.3.6.1.4.1.19291.2.1.1.16012510107846657050912862229,31,-98.507935,-106.225334,25.646673,178.547721,186.120029,-98.473602,-106.677917,22.870644,177.723212,191.821514,-98.366852,-107.450272,19.851471,176.235511,198.031935,-98.496544,-107.216873,17.288361,176.848189,203.273913,-98.712448,-106.621262,14.851805,178.219107,208.244313,-99.040215,-105.604126,12.151268,180.491668,213.74103,-99.431992,-104.317886,9.546224,183.327475,219.032977,-100.069466,-102.103951,6.377339,188.14688,225.448166,-100.717247,-99.801811,3.620395,193.133025,231.01658,-101.569534,-96.666206,0.936021,199.87411,236.407924,-102.414101,-93.503105,-1.229856,206.648867,240.736316,-103.206741,-90.489655,-2.866338,213.083068,243.985464,-104.068039,-87.158798,-4.146143,220.170138,246.493204,-104.868088,-84.007812,-4.831068,226.849845,247.788625,-105.638504,-80.935867,-5.157757,233.345963,248.352964,-106.516434,-77.401596,-5.232796,240.805638,248.386095,-107.516891,-73.35733,-5.170488,249.334782,248.120493,-108.617065,-68.901672,-5.02858,258.728084,247.677824,-109.728951,-64.365593,-4.593401,268.277272,246.631708,-110.81459,-59.830219,-3.2285,277.781377,243.681299,-111.644722,-56.291348,-1.557956,285.168813,240.138849,-112.379181,-53.081982,0.612633,291.837655,235.583417,-112.949486,-50.48954,3.185429,297.186091,230.225204,-113.283058,-48.830452,5.952233,300.556361,224.50145,-113.490662,-47.592403,9.49056,303.002181,217.211783,-113.488121,-47.237991,12.71398,303.598563,210.597255,-113.323875,-47.500076,16.255814,302.879428,203.351584,-113.045601,-48.283421,19.257675,301.085933,197.229697,-112.565247,-49.794628,23.033775,297.720553,189.546787,-111.886917,-52.05986,27.206409,292.745807,181.077388,-111.059029,-55.11124,29.765017,286.188311,175.940782,,,,,,,,,,,,,,,,,,,,,,,,,,,,,,,,,,,,,,,,,,,,,,,,,,,,,,,
192,0,179.976044,128.956039,0,2161.303223,1358459.125,227.079941,LATCONDYLE,-107.540947,-77.959885,8.431135,11.121071,340.338715,7444.871582,17.749958,0,0,0,0,11,1.3.6.1.4.1.19291.2.1.3.16012510107846657050923373084,1.3.6.1.4.1.19291.2.1.2.16012510107846657050921172891,1.3.6.1.4.1.19291.2.1.1.16012510107846657050912862229,33,-100.009407,-106.408127,25.616894,178.926299,186.258533,-99.942001,-106.953026,23.204638,177.88996,191.218071,-99.79808,-107.701477,21.722563,176.380538,194.279285,-99.74472,-108.16507,19.527987,175.505515,198.790178,-99.828438,-108.057076,17.496519,175.828688,202.947477,-100.056381,-107.404442,15.134589,177.31639,207.763079,-100.41317,-106.267929,12.453811,179.839881,213.215257,-100.827217,-104.888626,9.877178,182.870681,218.445828,-101.337524,-103.137482,7.153547,186.692855,223.964814,-101.8647,-101.285072,4.723108,190.714911,228.879812,-102.589622,-98.651474,2.144409,196.391951,234.071821,-103.36412,-95.787392,-0.165256,202.542624,238.704921,-104.073296,-93.125099,-1.928477,208.241938,242.225645,-104.844467,-90.172165,-3.33404,214.537635,245.003877,-105.737709,-86.725449,-4.729271,221.874556,247.744089,-106.881973,-82.181938,-5.383297,231.49055,248.928705,-107.910675,-78.004364,-5.150043,240.292901,248.308424,-108.845482,-74.246819,-5.280248,248.226206,248.446928,-109.875389,-70.116264,-5.505763,256.950885,248.767934,-110.886681,-66.000336,-5.196175,265.61962,247.993394,-111.857437,-61.953018,-4.047482,274.104226,245.502492,-112.73085,-58.275822,-2.697988,281.798543,242.612913,-113.540428,-54.785877,-0.726716,289.068656,238.456157,-114.154503,-52.029652,1.73251,294.76797,233.324983,-114.597923,-49.939705,4.389512,299.052367,227.81143,-114.920853,-48.276516,7.572048,302.411773,221.236009,-115.035027,-47.472408,10.607132,303.965735,214.991913,-114.942886,-47.391003,14.613398,303.949443,206.783229,-114.64566,-48.13287,18.657774,302.19451,198.524576,-114.19281,-49.54306,22.345745,299.046393,191.018734,-113.724777,-51.095592,25.317194,295.631583,184.985382,-113.224281,-52.810284,28.012909,291.887624,179.52234,-112.452881,-55.690567,30.068804,285.71468,175.409578,,,,,,,,,,,,,,,,,,,,,,,,,,,,,,,,,,,,,,,,,,,,,
196,0,189.183975,123.797806,0,2290.259277,1490391.375,256.500153,LATCONDYLE,-110.324715,-72.81044,9.79591,11.570068,343.669403,7758.854492,18.49855,0,0,0,0,11,1.3.6.1.4.1.19291.2.1.3.16012510107846657050923423088,1.3.6.1.4.1.19291.2.1.2.16012510107846657050921172891,1.3.6.1.4.1.19291.2.1.1.16012510107846657050912862229,31,-101.157097,-108.837982,18.344366,174.90424,201.308781,-101.437363,-108.033516,15.458301,176.736844,207.192768,-101.836319,-106.714958,12.88268,179.639455,212.423338,-102.281799,-105.228584,10.131105,182.904355,218.008589,-102.818054,-103.378403,7.357299,186.937817,223.626972,-103.53817,-100.848381,4.034649,192.431275,230.346328,-104.304031,-98.051407,1.439709,198.453763,235.566036,-105.085297,-95.148178,-0.765331,204.682107,239.983506,-105.879364,-92.152161,-2.606773,211.08915,243.653054,-106.862778,-88.353851,-4.110478,219.17291,246.603465,-108.088089,-83.532112,-5.196076,229.396149,248.66256,-109.169662,-79.202942,-5.508692,238.543946,249.155202,-110.109589,-75.417755,-5.577309,246.532652,249.166607,-111.120186,-71.333839,-5.526263,255.145985,248.922732,-112.294243,-66.560173,-5.208536,265.201935,248.109088,-113.101189,-63.222107,-4.485844,272.210248,246.514931,-114.021049,-59.370628,-3.25274,280.277713,243.857823,-114.899498,-55.616695,-1.404664,288.110532,239.944399,-115.629166,-52.356758,1.383736,294.857045,234.12179,-116.132156,-49.973774,4.506025,299.737828,227.645224,-116.434479,-48.326439,8.283609,303.035855,219.85151,-116.509506,-47.641315,11.66355,304.322587,212.905116,-116.337128,-47.835766,16.093391,303.70448,203.83825,-115.982864,-48.836964,19.879831,301.414544,196.116774,-115.494713,-50.386299,23.59717,297.97149,188.555529,-114.940079,-52.244606,26.954767,293.893491,181.741667,-114.373573,-54.288616,29.094057,289.480908,177.429568,-113.587173,-57.285473,30.654686,283.085275,174.335219,-112.836403,-60.090622,32.639057,277.074191,170.366397,-112.169823,-62.502377,35.097645,271.870778,165.412833,-111.635353,-64.351128,37.820251,267.842748,159.899279,,,,,,,,,,,,,,,,,,,,,,,,,,,,,,,,,,,,,,,,,,,,,,,,,,,,,,,
200,0,220.028,139.272522,0,2300.575928,1288043.875,294.910858,LATCONDYLE,-112.294838,-71.589211,5.46018,9.484279,316.442657,5730.603027,13.662823,0,0,0,0,11,1.3.6.1.4.1.19291.2.1.3.16012510107846657050923463092,1.3.6.1.4.1.19291.2.1.2.16012510107846657050921172891,1.3.6.1.4.1.19291.2.1.1.16012510107846657050912862229,25,-103.370712,-106.808487,12.467698,180.224439,213.347787,-103.846893,-105.214317,9.573792,183.723431,219.220908,-104.35244,-103.47834,6.88594,187.511929,224.667112,-104.956886,-101.320869,4.39606,192.180337,229.693457,-105.675194,-98.730095,1.674879,197.773736,235.178768,-106.581314,-95.36821,-0.929471,204.988446,240.398476,-107.51725,-91.805672,-2.823833,212.593144,244.157099,-108.474159,-88.099442,-4.196068,220.476476,246.841366,-109.414467,-84.370392,-4.774473,228.370675,247.898886,-110.450798,-80.236252,-5.197343,237.112193,248.623997,-111.653831,-75.419113,-5.528964,247.290352,249.138907,-112.956116,-70.186913,-5.732264,258.3381,249.376809,-114.182236,-65.191628,-5.312683,268.856817,248.346989,-115.176331,-61.04237,-4.095416,277.553252,245.712149,-115.92025,-57.878555,-2.664715,284.160718,242.673747,-116.718964,-54.387478,-0.295958,291.414536,237.702803,-117.314941,-51.685822,2.326198,296.991097,232.239762,-117.737343,-49.598175,5.712742,301.236386,225.231992,-117.956642,-48.312691,9.25319,303.782151,217.93635,-117.990677,-47.820412,12.390529,304.673467,211.493459,-117.839516,-47.999588,16.198536,304.116734,203.699746,-117.543304,-48.814896,19.557592,302.239049,196.847317,-117.126305,-50.131966,22.790035,299.308736,190.271353,-116.552711,-52.063854,26.173256,295.074307,183.407519,-116.06163,-53.764771,28.65527,291.369454,178.381716,,,,,,,,,,,,,,,,,,,,,,,,,,,,,,,,,,,,,,,,,,,,,,,,,,,,,,,,,,,,,,,,,,,,,,,,,,,,,,,,,,,,,
204,0,219.398636,144.430771,0,2269.626465,1132755.125,281.802216,LATCONDYLE,-115.036224,-66.693062,6.097741,8.947027,298.945251,5079.211426,12.109784,0,0,0,0,11,1.3.6.1.4.1.19291.2.1.3.16012510107846657050923513096,1.3.6.1.4.1.19291.2.1.2.16012510107846657050921172891,1.3.6.1.4.1.19291.2.1.1.16012510107846657050912862229,22,-105.935905,-103.235741,7.692074,188.748692,223.07893,-106.980133,-99.474434,3.692077,196.871556,231.143677,-108.03862,-95.553177,0.597382,205.289353,237.348667,-109.154335,-91.320229,-1.783609,214.331235,242.081166,-110.223816,-87.156342,-3.125817,223.178668,244.688304,-111.33902,-82.797905,-4.379508,232.43238,247.107512,-112.494148,-78.222504,-5.139343,242.120614,248.507762,-113.657448,-73.596214,-5.740649,251.908788,249.581576,-114.848244,-68.779808,-5.642407,262.065222,249.216034,-116.105659,-63.608406,-4.782656,272.934815,247.278605,-117.110947,-59.407711,-3.509763,281.737166,244.528073,-117.859955,-56.173286,-1.636592,288.472817,240.580975,-118.596191,-52.926247,0.803582,295.208466,235.47207,-119.075249,-50.638187,3.940705,299.88828,228.968347,-119.355865,-49.101131,7.517541,302.963075,221.589602,-119.456207,-48.292976,11.081852,304.500741,214.261371,-119.369087,-48.288956,14.224932,304.361695,207.823369,-119.205605,-48.587673,17.416008,303.581727,201.297375,-118.768654,-49.941135,21.038069,300.556359,193.924607,-118.305389,-51.419544,24.494616,297.275166,186.89511,-117.743095,-53.33279,27.639666,293.091252,180.518485,-117.173309,-55.393093,29.752178,288.645539,176.261786,,,,,,,,,,,,,,,,,,,,,,,,,,,,,,,,,,,,,,,,,,,,,,,,,,,,,,,,,,,,,,,,,,,,,,,,,,,,,,,,,,,,,,,,,,,,,,,,,,,,
208,0,235.664444,144.430771,0,2238.677002,696388.4375,297.961975,LATCONDYLE,-118.325439,-59.5439,7.108963,6.677946,234.245667,2876.073486,6.857093,0,0,0,0,11,1.3.6.1.4.1.19291.2.1.3.16012510107846657050923563100,1.3.6.1.4.1.19291.2.1.2.16012510107846657050921172891,1.3.6.1.4.1.19291.2.1.1.16012510107846657050912862229,18,-112.136429,-85.763084,-3.889867,226.916652,246.27703,-113.430962,-80.615204,-4.561915,237.808516,247.477942,-114.529129,-76.266212,-5.291197,247.017688,248.823334,-115.695625,-71.620003,-5.830526,256.84497,249.769509,-116.737068,-67.402145,-5.695527,265.736941,249.349106,-117.840553,-62.831829,-4.65817,275.330123,247.068404,-118.699921,-59.203583,-3.240502,282.917983,244.040866,-119.502975,-55.73988,-1.268524,290.132695,239.883566,-120.193344,-52.651363,1.406584,296.5229,234.298858,-120.598373,-50.638542,4.751151,300.612305,227.379622,-120.825897,-49.334591,8.161356,303.203149,220.350125,-120.880638,-48.790642,11.017006,304.216672,214.482435,-120.765182,-48.814404,14.925057,303.983117,206.47852,-120.457893,-49.631908,18.659903,302.083165,198.856442,-120.122581,-50.668179,21.460463,299.765527,193.155501,-119.660675,-52.157871,24.768698,296.467496,186.430171,-119.088547,-54.110737,27.914408,292.199937,180.053546,-118.692101,-55.550053,29.332947,289.096902,177.197096,,,,,,,,,,,,,,,,,,,,,,,,,,,,,,,,,,,,,,,,,,,,,,,,,,,,,,,,,,,,,,,,,,,,,,,,,,,,,,,,,,,,,,,,,,,,,,,,,,,,,,,,,,,,,,,,,,,,,,,,
212,0,272.458405,154.747253,5.158242,2042.663696,579791.5,351.913727,LATCONDYLE,-120.416397,-57.40432,6.58096,5.6357,203.618805,2041.275146,4.866779,0,0,0,0,11,1.3.6.1.4.1.19291.2.1.3.16012510107846657050923613104,1.3.6.1.4.1.19291.2.1.2.16012510107846657050921172891,1.3.6.1.4.1.19291.2.1.1.16012510107846657050912862229,15,-115.146431,-79.930946,-4.56026,240.014807,247.522481,-116.686668,-73.836151,-5.626491,252.922856,249.498475,-117.949051,-68.761635,-5.800108,263.636565,249.680974,-119.144569,-63.85149,-5.041544,273.959746,247.959719,-120.146385,-59.640636,-3.555091,282.773503,244.771407,-120.924583,-56.277363,-1.58436,289.776387,240.620082,-121.615532,-53.159946,1.32548,296.216561,234.553597,-122.054878,-51.046421,4.33611,300.534089,228.314933,-122.252998,-49.874634,7.627066,302.851727,221.534201,-122.295639,-49.324825,10.96603,303.854932,214.676341,-122.187553,-49.4254,13.932389,303.50351,208.60388,-121.991859,-49.873055,16.955708,302.417203,202.426592,-121.693878,-50.712582,20.163748,300.495526,195.884305,-121.319344,-51.874496,23.253063,297.899251,189.596213,-120.836586,-53.475315,26.32263,294.377984,183.363524,,,,,,,,,,,,,,,,,,,,,,,,,,,,,,,,,,,,,,,,,,,,,,,,,,,,,,,,,,,,,,,,,,,,,,,,,,,,,,,,,,,,,,,,,,,,,,,,,,,,,,,,,,,,,,,,,,,,,,,,,,,,,,,,,,,,,,,
216,0,326.878326,165.063736,5.158242,1820.859375,459264.0625,383.891052,LATCONDYLE,-121.696907,-58.820427,3.531275,4.708896,176.064285,1358.130249,3.238035,0,0,0,0,11,1.3.6.1.4.1.19291.2.1.3.16012510107846657050923663108,1.3.6.1.4.1.19291.2.1.2.16012510107846657050921172891,1.3.6.1.4.1.19291.2.1.1.16012510107846657050912862229,12,-117.133072,-78.153801,-4.571246,244.527328,247.555613,-118.312103,-73.506844,-5.551306,254.376879,249.404509,-119.507233,-68.674835,-5.469497,264.566988,249.072098,-120.692444,-63.833344,-4.950308,274.756553,247.843485,-121.619583,-59.933632,-3.550422,282.917983,244.843104,-122.499123,-56.104809,-1.07936,290.879533,239.651095,-123.144836,-53.156464,1.949444,296.957421,233.34671,-123.539543,-51.176079,5.3757,300.974587,226.261268,-123.68396,-50.096092,9.770525,303.046719,217.222645,-123.67057,-49.783535,13.011085,303.554025,210.574443,-123.427979,-50.273636,17.332094,302.317265,201.74059,-123.132446,-51.1521,20.108541,300.333665,196.083642,,,,,,,,,,,,,,,,,,,,,,,,,,,,,,,,,,,,,,,,,,,,,,,,,,,,,,,,,,,,,,,,,,,,,,,,,,,,,,,,,,,,,,,,,,,,,,,,,,,,,,,,,,,,,,,,,,,,,,,,,,,,,,,,,,,,,,,,,,,,,,,,,,,,,,
220,0,414.143005,221.804398,15.474726,1707.378052,338354.8438,399.356384,LATCONDYLE,-123.226387,-59.069656,1.915724,3.725813,144.244385,772.918274,1.842781,0,0,0,0,11,1.3.6.1.4.1.19291.2.1.3.16012510107846657050923703112,1.3.6.1.4.1.19291.2.1.2.16012510107846657050921172891,1.3.6.1.4.1.19291.2.1.1.16012510107846657050912862229,10,-119.610184,-74.421936,-4.798546,253.173794,247.965151,-120.643677,-70.308388,-5.302214,261.875661,248.856467,-121.688713,-66.061386,-5.037771,270.823033,248.169921,-122.650795,-62.061245,-3.996483,279.21313,245.900624,-123.5839,-58.071594,-2.01444,287.536961,241.70476,-124.313393,-54.798336,0.898109,294.305745,235.627412,-124.786224,-52.524014,4.135695,298.951882,228.918377,-124.989395,-51.268425,7.987171,301.419972,220.986701,-125.036591,-50.621201,12.024583,302.595902,212.694915,-124.961021,-50.560017,15.261112,302.57309,206.063551,,,,,,,,,,,,,,,,,,,,,,,,,,,,,,,,,,,,,,,,,,,,,,,,,,,,,,,,,,,,,,,,,,,,,,,,,,,,,,,,,,,,,,,,,,,,,,,,,,,,,,,,,,,,,,,,,,,,,,,,,,,,,,,,,,,,,,,,,,,,,,,,,,,,,,,,,,,,,,,,