ImageNo,RoiNo,RoiMean,RoiMedian,RoiMin,RoiMax,RoiTotal,RoiDev,RoiName,RoiCenterX,RoiCenterY,RoiCenterZ,LengthCm,LengthPix,AreaPix2,AreaCm2,RadiusWidthCM,RadiusHeightCM,RadiusWidthPIX,RadiusHeightPIX,RoiType,SOPInstanceUID,SeriesInstanceUID,StudyInstanceUID,NumOfPoints,mmX,mmY,mmZ,pxX,pxY,...,,,,,,,,,,,,,,,,,,,,,,,,,,,,,,,,,,,,,,,,,,,,,,,,,,,,,,,,,,,,,,,,,,,,,,,,,,,,,,,,,,,,,,,,,,,,,,,,,,,,,,,,,,,,,,,,,,,,,,,,,,,,,,,,,,,,,,,,,,,,,,,,,,,,,,,,,,,,,,,,,,,,,,,,,,,,,,
44,0,1018.378845,1273.257202,5.44127,1844.590454,405314.7813,596.377014,LATCONDYLECART,118.633766,-54.518097,6.401177,2.980705,120.306755,376.599182,0.897882,0,0,0,0,11,1.3.6.1.4.1.19291.2.1.3.16012510107846657050916582532,1.3.6.1.4.1.19291.2.1.2.16012510107846657050916052487,1.3.6.1.4.1.19291.2.1.1.16012510107846657050912862229,11,117.591759,-69.613258,4.497335,263.948139,251.510827,117.875748,-66.231705,3.793159,270.932913,252.772771,118.164627,-62.598339,3.400222,278.415928,253.383437,118.408104,-59.386429,3.318728,285.014888,253.378485,118.59185,-56.710918,3.67735,290.486121,252.500373,118.78495,-53.550247,4.636713,296.917185,250.36527,118.959129,-50.464783,5.893631,303.175895,247.624453,119.088387,-47.671005,7.667903,308.804624,243.839114,119.14489,-46.013695,9.171443,312.116487,240.669394,119.184021,-44.091732,11.505531,315.921638,235.783569,119.177971,-43.366867,12.850952,317.328693,232.987776,,,,,,,,,,,,,,,,,,,,,,,,,,,,,,,,,,,,,,,,,,,,,,,,,,,,,,,,,,,,,,,,,,,,,,,,,,,,,,,,,,,,,,,,,,,,,,,,,,,,,,,,,,,,,,,,,,,,,,,,,,,,,
48,0,782.287781,359.12381,0,2013.269897,525697.375,725.80011,LATCONDYLECART,117.145477,-53.838432,7.147255,3.612785,142.753082,648.931946,1.547174,0,0,0,0,11,1.3.6.1.4.1.19291.2.1.3.16012510107846657050916632536,1.3.6.1.4.1.19291.2.1.2.16012510107846657050916052487,1.3.6.1.4.1.19291.2.1.1.16012510107846657050912862229,13,115.969353,-71.130684,4.573849,260.595169,251.304299,116.201309,-68.384422,3.972552,266.269462,252.389433,116.441872,-65.39679,3.581749,272.426643,253.030311,116.729012,-61.744194,3.259847,279.944822,253.494378,116.994949,-58.230206,3.180371,287.163859,253.469119,117.2164,-54.974678,3.664263,293.818289,252.303257,117.399551,-51.942345,4.631812,299.985374,250.158247,117.54039,-49.4011,5.725546,305.136665,247.780958,117.642822,-47.057072,7.34891,309.851127,244.328935,117.708199,-44.854149,9.564968,314.2402,239.669942,117.718201,-43.109962,12.253433,317.659038,234.067462,117.686234,-42.161743,14.551328,319.467266,229.30793,117.642853,-41.512333,16.605679,320.676712,225.063477,,,,,,,,,,,,,,,,,,,,,,,,,,,,,,,,,,,,,,,,,,,,,,,,,,,,,,,,,,,,,,,,,,,,,,,,,,,,,,,,,,,,,,,,,,,,,,,,,,,,,,,,,,,,,,,,,,,
52,0,556.528381,190.444443,0,2045.91748,1002864.125,638.406738,LATCONDYLECART,115.29171,-58.321701,7.445089,5.653037,216.013306,1731.985229,4.129375,0,0,0,0,11,1.3.6.1.4.1.19291.2.1.3.16012510107846657050916682540,1.3.6.1.4.1.19291.2.1.2.16012510107846657050916052487,1.3.6.1.4.1.19291.2.1.1.16012510107846657050912862229,19,113.288391,-85.255135,7.270749,231.201961,246.40312,113.61734,-81.63369,5.961864,238.715683,248.89135,113.887703,-78.562607,5.044167,245.075924,250.607456,114.144653,-75.344528,4.671745,251.705097,251.198312,114.407242,-72.140488,4.149848,258.314457,252.096234,114.672386,-68.907249,3.619451,264.984239,253.010005,114.924141,-65.789604,3.195518,271.410351,253.711801,115.175552,-62.629848,2.849521,277.918183,254.251644,115.447762,-59.008564,2.809053,285.355137,254.140704,115.684975,-55.670067,3.079055,292.192817,253.408696,115.866417,-52.769211,3.865384,298.100877,251.642073,116.061699,-49.308186,5.27733,305.121311,248.563482,116.192917,-46.773228,6.575699,310.247343,245.767195,116.267654,-44.953964,7.942075,313.89995,242.869873,116.296799,-43.683659,9.411249,316.41938,239.791283,116.286629,-42.526489,11.57076,318.664928,235.304148,116.232895,-41.401909,14.649801,320.788147,228.934498,116.114349,-40.901035,18.136675,321.606331,221.762511,115.97303,-40.852966,21.376766,321.509754,215.120463,,,,,,,,,,,,,,,,,,,,,,,,,,,,,,,,,,,,,,,,,,,,,,,,,,,,,,,,,,,,,,,,,,,,,,,,,,,,,,,,,,,,,
56,0,525.405884,174.120636,0,2078.565186,1136452.875,646.7052,LATCONDYLECART,113.895981,-55.760189,9.263423,6.095359,230.22821,2113.327148,5.038565,0,0,0,0,11,1.3.6.1.4.1.19291.2.1.3.16012510107846657050916732544,1.3.6.1.4.1.19291.2.1.2.16012510107846657050916052487,1.3.6.1.4.1.19291.2.1.1.16012510107846657050912862229,18,111.751953,-85.538651,7.485175,230.373871,245.847924,112.137939,-81.368546,5.817063,239.035625,249.042902,112.456085,-77.615089,4.970238,246.792526,250.577245,112.77269,-73.787506,4.28147,254.692062,251.78372,113.117439,-69.542274,3.660825,263.444944,252.828241,113.488396,-64.955917,3.023777,272.89913,253.888116,113.842194,-60.360516,2.785528,282.347866,254.130303,114.133743,-56.487228,2.733398,290.302872,254.029763,114.380142,-52.777622,3.417395,297.877512,252.42955,114.617325,-48.663876,4.982437,306.228733,249.00229,114.743141,-46.104385,6.442585,311.395376,245.873183,114.803268,-43.981037,8.643319,315.621999,241.249849,114.793777,-42.684074,11.020811,318.14143,236.308553,114.779503,-41.097382,13.98916,321.22002,230.140973,114.712555,-40.158768,17.053238,322.962375,223.811934,114.65358,-39.540462,19.404228,324.090103,218.961272,114.536606,-39.352932,22.332762,324.29861,212.950194,114.407356,-39.667076,24.698204,323.511135,208.119841,,,,,,,,,,,,,,,,,,,,,,,,,,,,,,,,,,,,,,,,,,,,,,,,,,,,,,,,,,,,,,,,,,,,,,,,,,,,,,,,,,,,,,,,,,
60,0,383.988098,157.796829,5.44127,2127.536621,1890373.375,539.215332,LATCONDYLECART,111.878075,-61.417767,11.270875,8.812568,307.153961,4892.533691,11.664709,0,0,0,0,11,1.3.6.1.4.1.19291.2.1.3.16012510107846657050916772548,1.3.6.1.4.1.19291.2.1.2.16012510107846657050916052487,1.3.6.1.4.1.19291.2.1.1.16012510107846657050912862229,24,108.749916,-99.222618,18.096657,201.408085,224.704903,109.07457,-96.798073,14.885499,206.579181,231.155283,109.488609,-93.433212,11.245668,213.706592,238.433752,109.86718,-89.947723,8.600386,221.021713,243.667751,110.273529,-85.861946,6.336043,229.54628,248.089015,110.633575,-82.139938,4.499816,237.298225,251.652473,110.973396,-78.039696,3.747376,245.761375,252.974841,111.324898,-73.432304,3.580351,255.230419,253.070427,111.660927,-69.225197,3.090976,263.897125,253.848,111.972305,-65.196404,2.855207,272.182476,254.115445,112.276375,-61.362701,2.457044,280.077059,254.726111,112.578964,-57.478775,2.17575,288.067724,255.094591,112.835876,-53.581333,2.938461,296.023225,253.323015,113.024635,-50.360329,4.095646,302.566221,250.779315,113.178818,-47.484821,5.449172,308.388103,247.851781,113.284866,-45.078346,7.095797,313.229356,244.348746,113.321587,-43.032711,9.690099,317.272728,238.923077,113.310272,-41.427277,12.623399,320.391933,232.826319,113.258774,-40.020382,16.123827,323.069355,225.578061,113.158035,-39.310852,19.561024,324.318916,218.49671,113.014534,-39.224747,22.913479,324.293659,211.622382,112.832146,-39.619419,26.332628,323.277366,204.63711,112.614922,-40.588207,29.572218,321.093231,198.050532,112.365128,-42.159317,32.534374,317.689251,192.064715,,,,,,,,,,,,,,,,,,,,,,,,,,,,,,,,,,,,,,,,,,,,,,,,,,,,,,,,,,,,
64,0,371.340881,146.914291,0,2154.74292,2234729.5,539.040588,LATCONDYLECART,109.95871,-66.396629,12.208245,9.700885,331.74823,5971.925781,14.238181,0,0,0,0,11,1.3.6.1.4.1.19291.2.1.3.16012510107846657050916832552,1.3.6.1.4.1.19291.2.1.2.16012510107846657050916052487,1.3.6.1.4.1.19291.2.1.1.16012510107846657050912862229,26,106.65715,-103.241074,24.514572,192.538318,211.637732,106.891647,-101.995277,21.351366,195.286564,218.052948,107.130219,-100.44281,18.608917,198.639034,223.589558,107.431686,-98.290695,15.461432,203.247013,229.924044,107.730331,-96.027542,12.562406,208.067959,235.743452,108.06559,-93.115906,9.927291,214.204342,240.987357,108.444031,-89.575539,7.376528,221.626438,246.024735,108.766754,-86.259781,5.696417,228.534938,249.290041,109.127319,-82.29866,4.2479,236.754421,252.046212,109.470047,-78.059647,3.661983,245.492447,253.01991,109.811783,-73.703247,3.294388,254.458294,253.539942,110.124374,-69.63089,3.104125,262.830316,253.711801,110.468422,-65.252502,2.721457,271.842226,254.261549,110.821114,-60.786472,2.291784,281.036889,254.902922,111.154945,-56.354111,2.227705,290.140423,254.796935,111.425682,-52.255398,3.017305,298.507494,252.959487,111.627762,-48.648125,4.521622,305.822612,249.68378,111.756203,-45.708164,6.558178,311.735626,245.353151,111.804375,-43.485504,9.192086,316.140049,239.836848,111.817741,-41.509487,12.192327,320.016021,233.583089,111.786644,-40.090805,15.256186,322.743961,227.228793,111.707764,-39.143936,18.600897,324.486316,220.324252,111.571846,-38.870541,22.096371,324.836967,213.146819,111.355217,-39.264919,26.281691,323.775112,204.591544,111.123848,-40.296757,29.732231,321.448837,197.576064,110.853882,-42.004608,32.917175,317.750663,191.141039,,,,,,,,,,,,,,,,,,,,,,,,,,,,,,,,,,,,,,,,,,,,,,,,,,
68,0,357.865326,152.35556,0,2181.949219,2802085.5,530.03772,LATCONDYLECART,108.227676,-67.475609,15.445572,11.286957,353.090179,7749.497559,18.476242,0,0,0,0,11,1.3.6.1.4.1.19291.2.1.3.16012510107846657050916882556,1.3.6.1.4.1.19291.2.1.2.16012510107846657050916052487,1.3.6.1.4.1.19291.2.1.1.16012510107846657050912862229,36,104.88015,-102.099342,32.487576,194.168737,195.107645,104.956993,-103.12825,29.051477,192.263441,202.203854,105.029953,-103.626076,26.589062,191.389784,207.276397,105.165001,-103.570877,23.661438,191.679517,213.272615,105.361214,-102.501595,21.059467,194.031553,218.547227,105.580887,-100.902092,18.81827,197.450391,223.054172,105.857475,-98.964661,15.86854,201.605695,228.99492,106.081818,-97.264374,13.691175,205.227594,233.365667,106.377785,-94.817245,11.159064,210.404142,238.42335,106.695,-92.085442,8.627259,216.165109,243.465186,106.986687,-89.187874,6.943084,222.215311,246.7612,107.284676,-86.135864,5.375721,228.575552,249.809578,107.531128,-83.516563,4.238282,234.021526,252.000151,107.823112,-80.05732,3.485179,241.168749,253.35818,108.130768,-76.116768,3.185249,249.276793,253.761824,108.457069,-71.82,3.06308,258.105453,253.78213,108.756714,-67.918297,2.877521,266.126825,253.953494,109.03933,-64.220741,2.731616,273.726723,254.054526,109.348442,-60.317711,2.336466,281.763448,254.655287,109.605927,-57.040142,2.051438,288.509504,255.063883,109.811378,-54.023201,2.494673,294.67659,253.994105,109.996971,-51.070427,3.27482,300.691629,252.237387,110.16671,-47.927361,4.727212,307.056821,249.092925,110.254318,-45.69286,6.49894,311.537519,245.342749,110.308784,-43.602135,8.771817,315.692823,240.573311,110.339882,-41.555149,11.494191,319.731245,234.885151,110.316872,-39.957119,14.676632,322.820234,228.278266,110.242279,-39.039349,17.876837,324.511575,221.671382,110.119637,-38.634575,21.29493,325.136606,214.6455,109.955009,-38.750015,24.783161,324.689378,207.503725,109.762848,-39.356354,28.067419,323.24666,200.806206,109.567986,-40.325096,30.807186,321.092737,195.243844,109.362808,-41.515533,33.407249,318.492082,189.979632,109.193192,-42.543564,35.483429,316.256437,185.780249,109.000504,-44.106892,37.181801,312.944578,182.383696,108.847115,-45.731339,37.899292,309.566347,181.000411
72,0,366.594482,152.35556,0,2279.89209,2827909.75,543.765808,LATCONDYLECART,106.718643,-67.91037,14.794765,11.197118,351.346924,7650.688965,18.240664,0,0,0,0,11,1.3.6.1.4.1.19291.2.1.3.16012510107846657050916922560,1.3.6.1.4.1.19291.2.1.2.16012510107846657050916052487,1.3.6.1.4.1.19291.2.1.1.16012510107846657050912862229,33,103.391823,-102.111649,32.079086,193.934972,195.814393,103.464012,-103.053886,28.891838,192.192617,202.396019,103.547836,-103.260139,26.67317,191.902883,206.953482,103.703445,-102.888847,23.81366,192.837453,212.793195,103.907585,-102.020103,20.699703,194.80863,219.127682,104.161186,-100.321747,17.864742,198.466184,224.846055,104.403168,-98.63871,15.264139,202.07818,230.085007,104.717583,-96.14444,12.398472,207.371614,235.823685,105.048286,-93.271263,9.801095,213.426767,240.99231,105.375122,-90.283295,7.481811,219.70083,245.584937,105.721672,-86.814781,5.524107,226.93968,249.410887,106.051247,-83.269348,4.074372,234.305811,252.191821,106.368576,-79.403206,3.433906,242.281618,253.297259,106.65992,-75.792587,2.947784,249.723526,254.100092,106.96257,-71.92672,2.635062,257.679027,254.533946,107.299393,-67.330002,2.778412,267.107457,253.994105,107.575111,-63.666744,2.729594,274.631084,253.89802,107.839401,-60.216793,2.580247,281.722837,254.019362,108.15062,-56.195751,2.335007,289.992834,254.30662,108.376228,-52.836056,2.899808,296.856268,252.969393,108.544724,-49.981068,3.899057,302.65735,250.768914,108.694923,-47.19133,5.198268,308.306383,247.957274,108.791435,-44.736431,7.138981,313.229356,243.849019,108.823639,-43.010345,9.300784,316.642748,239.326722,108.836716,-40.948139,12.451521,320.686617,232.759953,108.776382,-39.493805,16.228651,323.444769,224.942137,108.675919,-38.779125,19.668127,324.704733,217.855832,108.544373,-38.480076,23.108797,325.111349,210.789338,108.368782,-38.754642,26.57654,324.338728,203.69808,108.127777,-39.793003,30.231728,321.986696,196.263602,107.866096,-41.285385,33.591099,318.7204,189.459601,107.577812,-43.443817,36.43325,314.117868,183.751131,107.361969,-45.698914,37.494469,309.424207,181.697253,,,,,,,,,,,,,,,
76,0,359.231201,157.796829,0,2230.920654,3020775.25,520.106934,LATCONDYLECART,104.99305,-69.476746,17.096912,11.757721,359.532166,8272.939453,19.724224,0,0,0,0,11,1.3.6.1.4.1.19291.2.1.3.16012510107846657050916972564,1.3.6.1.4.1.19291.2.1.2.16012510107846657050916052487,1.3.6.1.4.1.19291.2.1.1.16012510107846657050912862229,36,101.746239,-100.60247,37.727077,196.459852,184.028979,101.795494,-101.255928,35.534832,195.25041,188.556231,101.878403,-101.79969,32.77319,194.300481,194.244391,101.927544,-102.374695,30.714239,193.24407,198.494292,102.033859,-102.765396,27.68491,192.624494,204.722791,102.196724,-102.555374,24.393845,193.25398,211.455474,102.375038,-101.934166,21.443943,194.707098,217.467046,102.590645,-100.745598,18.60755,197.318151,223.21563,102.844887,-98.985275,15.861845,201.097547,228.747781,103.113655,-96.919922,13.300563,205.492067,233.885699,103.415871,-94.412155,10.730134,210.795404,239.018664,103.664757,-92.135468,8.966227,215.575739,242.5113,103.951958,-89.46109,7.009701,221.18416,246.377366,104.280678,-86.112938,5.249708,228.163984,249.804625,104.61628,-82.553406,3.688669,235.565775,252.812888,104.9347,-78.620537,3.13516,243.673322,253.736563,105.296303,-73.962791,2.826396,253.254296,254.119902,105.607567,-69.782982,2.845294,261.834331,253.857409,105.956863,-64.984077,3.047407,271.674329,253.18632,106.226044,-61.31123,3.160759,279.207863,252.757418,106.541298,-57.245785,2.899378,287.569978,253.075381,106.848068,-52.901543,3.293192,296.465006,252.035811,107.084259,-49.304852,4.017118,303.805383,250.359822,107.259003,-45.899658,5.79523,310.689123,246.533871,107.310013,-43.832668,8.105715,314.793413,241.688658,107.341515,-41.868919,10.679928,318.669881,236.308554,107.322563,-40.346745,13.64513,321.616235,230.150877,107.263527,-39.210644,16.861874,323.754808,223.498428,107.147728,-38.592182,20.483686,324.806261,216.043644,107.028084,-38.371628,23.527124,325.075689,209.795333,106.873177,-38.70459,26.434937,324.216894,203.854586,106.685265,-39.545456,29.232752,322.321993,198.166424,106.455505,-40.797066,32.280334,319.568796,191.988442,106.245621,-42.010387,34.947464,316.917127,186.588034,106.020035,-43.775002,37.045296,313.167944,182.383696,105.870659,-45.480339,37.538197,309.63717,181.464972
80,0,355.392273,157.796829,0,2301.657227,3010883.25,516.417786,LATCONDYLECART,103.453056,-69.242546,18.25522,11.862814,359.054474,8355.333008,19.920666,0,0,0,0,11,1.3.6.1.4.1.19291.2.1.3.16012510107846657050917022568,1.3.6.1.4.1.19291.2.1.2.16012510107846657050916052487,1.3.6.1.4.1.19291.2.1.1.16012510107846657050912862229,34,100.225967,-99.892853,39.238342,197.592535,180.763178,100.273369,-100.807579,36.651226,195.870481,186.113566,100.298012,-102.01635,34.081951,193.543707,191.443152,100.387428,-102.42939,31.393028,192.857763,196.975302,100.516434,-102.648552,28.142656,192.603689,203.647562,100.661003,-102.422852,25.286957,193.239118,209.487277,100.85157,-101.875282,21.940182,194.564954,216.316041,101.112617,-100.382469,18.595541,197.831251,223.089832,101.358589,-98.65551,15.979046,201.534376,228.358995,101.663269,-96.365074,12.990604,206.416734,234.360166,101.991127,-93.500336,10.442758,212.451582,239.427756,102.319954,-90.415062,8.241532,218.918306,243.773243,102.735222,-86.262627,5.88916,227.585016,248.371317,103.118492,-82.205315,4.093482,236.022907,251.833741,103.518143,-77.565964,2.903267,245.619234,254.024313,103.835953,-73.398529,2.75499,254.183916,254.105044,104.148514,-68.961876,3.173703,263.267144,253.009509,104.468712,-64.629433,3.24758,272.157217,252.62617,104.773346,-60.554375,3.239727,280.523792,252.424101,105.146675,-55.530056,3.280792,290.836277,252.070975,105.435722,-51.118778,4.182826,299.838281,249.98639,105.63002,-47.49065,5.895901,307.183611,246.281779,105.775627,-44.049873,8.384874,314.097562,240.997261,105.824814,-41.713509,11.185967,318.725351,235.13229,105.795074,-40.295746,14.217951,321.453294,228.843368,105.723495,-39.16394,17.708162,323.566602,221.63077,105.602242,-38.562256,21.423946,324.577943,213.984316,105.459816,-38.570759,24.594217,324.369436,207.488372,105.300041,-38.905445,27.607933,323.500734,201.330697,105.091156,-39.913967,30.59479,321.25023,195.264149,104.891472,-41.103127,33.074203,318.659483,190.247078,104.66642,-42.693596,35.450764,315.251043,185.462286,104.486267,-44.127834,37.084377,312.208112,182.191531,104.317398,-46.017578,37.705109,308.291032,181.020716,,,,,,,,,,
84,0,347.756226,152.35556,0,2203.714355,2956971.25,510.022583,LATCONDYLECART,101.734253,-71.769058,18.802473,11.836939,359.992004,8433.724609,20.107567,0,0,0,0,11,1.3.6.1.4.1.19291.2.1.3.16012510107846657050917072572,1.3.6.1.4.1.19291.2.1.2.16012510107846657050916052487,1.3.6.1.4.1.19291.2.1.1.16012510107846657050912862229,33,98.68998,-98.758644,41.809711,199.532995,175.302344,98.729729,-99.777168,39.220467,197.597982,180.662638,98.813446,-100.009476,36.960663,197.257238,185.305781,98.873619,-100.199394,35.298183,196.967504,188.722641,98.926529,-100.665131,33.33741,196.129507,192.765519,98.993637,-101.273575,30.821081,195.031995,197.954449,99.067619,-102.032379,27.899982,193.65019,203.980879,99.187668,-102.076164,25.142683,193.726461,209.63338,99.402512,-101.279747,21.66856,195.570844,216.70978,99.672104,-99.751228,18.192467,198.918367,223.751015,99.993713,-97.407524,14.914541,203.927515,230.342547,100.335617,-94.666893,11.84546,209.738996,236.484869,100.752808,-90.859512,8.873942,217.734613,242.370146,101.196243,-86.479446,6.271762,226.883714,247.467947,101.613945,-81.857628,4.648642,236.470134,250.546538,101.965431,-77.783699,3.591387,244.897627,252.494925,102.294228,-73.844795,2.816088,253.03093,253.872763,102.60289,-69.514793,3.143808,261.900697,252.969393,102.910027,-65.053848,3.724307,271.024042,251.541037,103.205132,-61.057972,3.797312,279.223215,251.17751,103.587723,-55.982693,3.716437,289.647632,251.071522,103.918869,-50.932045,4.74461,299.954668,248.694233,104.131683,-47.087391,6.405138,307.74772,245.085705,104.235817,-44.302391,8.726589,313.325437,240.179573,104.291054,-42.128746,11.120576,317.643686,235.157549,104.279556,-40.127708,14.71859,321.535013,227.677505,104.209297,-39.080254,18.038437,323.48538,220.818529,104.086868,-38.800442,21.242987,323.866735,214.236903,103.907066,-38.855953,25.170744,323.516088,206.191264,103.700996,-39.44228,28.799379,322.093675,198.786995,103.478729,-40.555988,31.90983,319.619806,192.472815,103.224648,-42.360806,34.577663,315.75374,187.102618,102.951172,-44.373447,37.332134,311.455797,181.566008,,,,,,,,,,,,,,,
88,0,354.862183,152.35556,0,2105.771484,2902063,502.450043,LATCONDYLECART,100.22226,-71.855347,18.799652,11.647229,353.715393,8113.869629,19.344973,0,0,0,0,11,1.3.6.1.4.1.19291.2.1.3.16012510107846657050917122576,1.3.6.1.4.1.19291.2.1.2.16012510107846657050916052487,1.3.6.1.4.1.19291.2.1.1.16012510107846657050912862229,36,97.212044,-98.843056,41.048531,199.172437,176.735651,97.275902,-99.350334,38.773678,198.268079,181.424361,97.359398,-99.501556,36.65435,198.085325,185.775298,97.417198,-99.593452,35.208523,197.983793,188.742947,97.437134,-100.250023,33.666515,196.72878,191.937926,97.494453,-101.155861,30.872524,195.037443,197.711768,97.567131,-101.796829,28.177223,193.883962,203.269177,97.703407,-101.589005,25.477158,194.473333,208.790928,97.895363,-100.808243,22.488762,196.2563,214.872828,98.092842,-99.765709,19.813778,198.557813,220.298497,98.365303,-98.043854,16.596323,202.286688,226.799394,98.612305,-96.265594,14.042534,206.091344,231.937312,98.852837,-94.110741,12.261994,210.622556,235.470559,99.180588,-91.170334,9.842928,216.804994,240.270207,99.540855,-87.635689,7.688931,224.191435,244.494851,99.871521,-84.333015,5.809525,231.085079,248.169249,100.228462,-80.288734,4.580714,239.462053,250.470763,100.581688,-76.010277,3.82603,248.291208,251.788176,100.99704,-70.635208,3.513031,259.345111,252.141798,101.275597,-66.674576,3.897291,267.453155,251.142346,101.515961,-63.291584,4.170963,274.381964,250.400433,101.772125,-59.71629,4.412544,281.707483,249.713992,102.080788,-55.524281,4.509912,290.307825,249.290041,102.315643,-51.929218,5.260948,297.643251,247.558583,102.485237,-48.843143,6.621295,303.897009,244.60579,102.623451,-45.938591,8.380349,309.754057,240.845709,102.725746,-43.318745,10.46708,315.006876,236.429398,102.751083,-41.553925,12.847092,318.486631,231.457892,102.70446,-40.033459,16.428175,321.392374,224.038271,102.608017,-39.225155,19.934084,322.84054,216.810815,102.465096,-38.798775,23.841761,323.480428,208.780528,102.264336,-39.297718,27.497599,322.235819,201.315838,101.997871,-40.677456,31.15204,319.182981,193.901169,101.767853,-42.111282,33.901302,316.073682,188.344256,101.608337,-43.210945,35.632038,313.711748,184.856574,101.35434,-45.499844,37.489792,308.900709,181.17227
92,0,352.535187,157.796829,5.44127,2269.009521,2648244.25,490.587341,LATCONDYLECART,98.755569,-71.911041,17.835026,10.905735,343.001862,7389.148438,17.617104,0,0,0,0,11,1.3.6.1.4.1.19291.2.1.3.16012510107846657050917172580,1.3.6.1.4.1.19291.2.1.2.16012510107846657050916052487,1.3.6.1.4.1.19291.2.1.1.16012510107846657050912862229,33,95.734062,-98.685448,40.692398,199.284368,177.326014,95.861526,-98.869804,37.534657,199.096166,183.806605,95.926682,-98.956367,35.933285,199.014944,187.092711,95.991982,-99.560783,33.463989,197.922872,192.185065,96.143097,-99.873329,29.563248,197.516264,200.195044,96.249596,-100.188828,26.655214,197.043775,206.170957,96.369141,-99.808121,24.617945,197.948133,210.325271,96.551514,-98.890633,22.071907,199.985174,215.4934,96.720268,-98.112137,19.598381,201.732484,220.520377,96.927315,-96.917404,16.963646,204.344034,225.855412,97.226242,-94.589516,14.166371,209.291769,231.462844,97.547951,-91.897339,11.467858,214.981416,236.848397,97.87339,-88.929459,9.146441,221.214372,241.446471,98.206184,-85.557991,7.334116,228.245206,244.979718,98.561775,-81.72612,5.780944,236.205661,247.957274,98.876534,-78.076859,4.835809,243.754547,249.698637,99.213257,-73.940498,4.212938,252.284065,250.753561,99.498047,-70.205612,4.080794,259.959739,250.824383,99.773178,-66.247948,4.536676,268.057383,249.678332,100.005859,-62.802315,5.0869,275.098122,248.366366,100.283127,-59.012524,5.214592,282.87087,247.901802,100.556442,-55.285206,5.326521,290.516332,247.472901,100.797638,-51.725719,5.876429,297.790838,246.155486,101.008797,-47.848957,7.627485,305.644315,242.359747,101.129875,-44.908993,9.828874,311.547422,237.691344,101.18058,-42.529285,12.668234,316.261884,231.745643,101.146301,-40.803993,16.315264,319.58415,224.179918,101.029182,-40.140484,20.041756,320.72178,216.508206,100.886765,-39.849659,23.711765,321.097688,208.972197,100.710052,-40.39893,26.745831,319.78721,202.78431,100.508171,-41.149483,30.006794,318.049806,196.142262,100.320557,-42.112823,32.59343,315.916189,190.893403,100.11866,-43.4618,34.855392,313.010446,186.330492,,,,,,,,,,,,,,,
96,0,356.040161,157.796829,0,2328.863525,2460237.5,497.086731,LATCONDYLECART,97.265015,-71.536163,18.122881,10.514743,329.684021,6860.661133,16.357092,0,0,0,0,11,1.3.6.1.4.1.19291.2.1.3.16012510107846657050917222584,1.3.6.1.4.1.19291.2.1.2.16012510107846657050916052487,1.3.6.1.4.1.19291.2.1.1.16012510107846657050912862229,30,94.371765,-98.123909,38.424076,200.340776,181.813147,94.465622,-98.370811,35.913284,199.985174,186.971369,94.565659,-98.634926,33.235458,199.604314,192.472815,94.678856,-98.942108,30.191618,199.157087,198.726572,94.765648,-99.189209,27.838419,198.791578,203.561882,94.881775,-99.162811,25.285936,198.99959,208.790928,95.065254,-98.501022,22.288324,200.538885,214.898087,95.24913,-97.62616,19.637535,202.494703,220.283144,95.481133,-96.095039,17.006334,205.796659,225.59292,95.754852,-93.936958,14.489274,210.378885,230.635251,96.095566,-91.177231,11.478668,216.226026,236.656727,96.432236,-87.959381,9.323282,222.962175,240.901181,96.79216,-84.247688,7.472581,230.693815,244.494851,97.155975,-80.340813,5.860656,238.811765,247.588793,97.534744,-75.843315,4.900606,248.103006,249.3153,97.899094,-71.104256,4.666102,257.846428,249.542134,98.210831,-66.867447,4.769546,266.538393,249.103325,98.485817,-62.779545,5.446079,274.89011,247.49816,98.806854,-58.250069,5.830221,284.165998,246.468495,99.116539,-53.704636,6.494793,293.457733,244.863329,99.35199,-49.7561,7.822697,301.48406,241.930844,99.513077,-46.286945,10.012925,308.474279,237.256993,99.586205,-43.727875,12.650368,313.569109,231.715432,99.581894,-41.838352,15.901569,317.252424,224.952042,99.490631,-40.916691,19.480894,318.928907,217.568081,99.358223,-40.729168,22.754568,319.116613,210.84976,99.166901,-41.135677,26.353848,318.06516,203.49601,98.952034,-42.015282,29.689484,316.058332,196.707858,98.679077,-43.689873,32.996815,312.421075,190.020245,98.4608,-45.131535,35.470512,309.312276,185.028429,,,,,,,,,,,,,,,,,,,,,,,,,,,,,,
100,0,390.983276,168.679367,0,2214.596924,2637182.25,506.902466,LATCONDYLECART,95.968193,-69.143791,17.447252,10.345735,325.91217,6667.271484,15.896014,0,0,0,0,11,1.3.6.1.4.1.19291.2.1.3.16012510107846657050917272588,1.3.6.1.4.1.19291.2.1.2.16012510107846657050916052487,1.3.6.1.4.1.19291.2.1.1.16012510107846657050912862229,29,92.876137,-97.759033,38.808628,200.83357,180.874613,93.032722,-98.077896,34.77512,200.422002,189.15699,93.167084,-98.10289,31.728991,200.554239,195.400349,93.33522,-98.096657,27.979921,200.792959,203.082461,93.50425,-98.0989,24.196754,201.016325,210.834902,93.697792,-97.581795,20.732588,202.286688,217.905854,93.990585,-95.827278,17.115244,206.106695,225.22444,94.236565,-93.788055,15.0199,210.419496,229.408965,94.562393,-91.090858,12.237633,216.124498,234.96588,94.865746,-88.120674,10.413803,222.332193,238.544196,95.252647,-84.31041,8.124513,230.29265,243.031331,95.631393,-80.210907,6.500295,238.806812,246.140133,95.990067,-76.050873,5.426047,247.412106,248.118731,96.325882,-71.830681,4.963398,256.104072,248.840832,96.606987,-67.96566,5.130943,264.028867,248.290589,96.865097,-64.261574,5.544141,271.608459,247.245572,97.144554,-60.249817,5.993532,279.817539,246.109921,97.430328,-56.031353,6.646832,288.43868,244.545367,97.678604,-52.260876,7.390625,296.13466,242.819355,97.854515,-49.033554,8.845649,302.672704,239.66499,97.983887,-46.167042,10.738868,308.443575,235.632017,98.046455,-43.649906,13.542491,313.44232,229.752186,98.034378,-42.192345,16.245937,316.271791,224.134353,97.93779,-41.043266,20.324221,318.385103,215.715776,97.810623,-41.020458,23.205574,318.258314,209.810192,97.620728,-41.43581,26.758204,317.191507,202.552523,97.414368,-42.386211,29.785591,315.057886,196.399802,97.199753,-43.5704,32.607121,312.456735,190.681427,96.980972,-44.954632,35.187832,309.459371,185.467238,,,,,,,,,,,,,,,,,,,,,,,,,,,,,,,,,,,
104,0,429.163452,174.120636,0,2356.069824,1766007.625,566.606689,TROCHLEACART,93.548248,-81.240845,17.69281,7.964648,289.339844,4022.764404,9.591018,0,0,0,0,11,1.3.6.1.4.1.19291.2.1.3.16012510107846657050917322592,1.3.6.1.4.1.19291.2.1.2.16012510107846657050916052487,1.3.6.1.4.1.19291.2.1.1.16012510107846657050912862229,21,91.311142,-95.84227,43.335152,204.262811,171.365454,91.454491,-96.297859,39.369263,203.566461,179.516585,91.521973,-97.062576,36.58366,202.164358,185.265665,91.632668,-97.594307,33.22086,201.27535,192.185065,91.740402,-97.868805,30.353567,200.884584,198.075295,91.900581,-97.794678,26.895903,201.245138,205.156647,92.111252,-97.125778,23.30209,202.834951,212.485138,92.345001,-95.988533,19.97423,205.370233,219.243575,92.658958,-94.014488,16.250126,209.647371,226.769183,92.94297,-91.681374,13.795197,214.585203,231.674819,93.23085,-89.051849,11.748477,220.10695,235.728098,93.625725,-85.275749,9.223709,228.011442,240.699606,94.019615,-80.994156,7.565008,236.901514,243.869326,94.419815,-76.49572,6.127353,246.223461,246.574482,94.795448,-71.761925,5.631709,255.971835,247.336701,95.098679,-67.67778,5.670508,264.354258,247.03855,95.410912,-63.152626,6.244251,273.60984,245.620596,95.684692,-58.85841,7.292187,282.362724,243.243306,95.977066,-54.509308,8.016024,291.247844,241.527199,96.227272,-50.334274,9.392152,299.736253,238.483773,96.403648,-46.675266,11.557598,307.117738,233.850535,,,,,,,,,,,,,,,,,,,,,,,,,,,,,,,,,,,,,,,,,,,,,,,,,,,,,,,,,,,,,,,,,,,,,,,,,,,
108,0,498.77597,179.561905,5.44127,2241.803223,1524758.125,625.195435,TROCHLEACART,92.078842,-81.6455,16.2061,7.007735,260.347595,3017.502197,7.194286,0,0,0,0,11,1.3.6.1.4.1.19291.2.1.3.16012510107846657050917382596,1.3.6.1.4.1.19291.2.1.2.16012510107846657050916052487,1.3.6.1.4.1.19291.2.1.1.16012510107846657050912862229,20,90.001122,-96.295227,38.204124,203.408968,181.773032,90.07254,-97.083458,35.291283,201.966249,187.784106,90.172684,-97.321518,32.654583,201.6364,193.19987,90.341377,-97.245392,29.00979,202.012308,200.664559,90.520821,-96.960815,25.47267,202.809694,207.897464,90.78196,-96.053535,21.148516,204.932909,216.70978,90.98217,-94.739685,18.865471,207.767828,221.31776,91.184921,-93.456253,16.474707,210.546781,226.148116,91.396957,-91.7528,14.577868,214.158281,229.943855,91.638268,-89.577431,12.814195,218.7306,233.441443,91.959373,-86.564964,10.663936,225.044782,237.68639,92.314629,-82.904587,8.831977,232.669939,241.2444,92.682327,-78.888527,7.315566,241.006302,244.136771,93.029053,-74.681183,6.587388,249.687866,245.403668,93.403679,-69.912704,6.172294,259.502606,245.99898,93.669571,-66.255592,6.33294,267.000974,245.473996,93.931976,-62.406326,6.89244,274.869804,244.121417,94.251717,-57.60783,7.754632,284.669191,242.09775,94.524467,-53.44051,8.613738,293.172954,240.114197,94.717316,-49.761658,10.443922,300.615358,236.166907,,,,,,,,,,,,,,,,,,,,,,,,,,,,,,,,,,,,,,,,,,,,,,,,,,,,,,,,,,,,,,,,,,,,,,,,,,,,,,,,
112,0,586.118286,185.003174,5.44127,2230.920654,1307629.875,680.695557,TROCHLEACART,90.947762,-78.24588,13.506405,6.111919,233.525818,2149.391357,5.124548,0,0,0,0,11,1.3.6.1.4.1.19291.2.1.3.16012510107846657050917432600,1.3.6.1.4.1.19291.2.1.2.16012510107846657050916052487,1.3.6.1.4.1.19291.2.1.1.16012510107846657050912862229,16,88.699646,-96.923019,32.590164,202.225275,193.179564,88.958572,-96.54744,27.427689,203.307436,203.738198,89.215012,-95.923058,22.736305,204.871992,213.31818,89.450638,-94.750847,19.424934,207.478094,220.040957,89.763031,-92.512657,16.176834,212.268831,226.577019,90.064735,-89.928947,13.744599,217.719759,231.422728,90.472183,-86.088715,11.045825,225.766386,236.747361,90.852791,-82.123169,9.156345,234.021526,240.406903,91.158783,-78.608398,8.182824,241.296034,242.213643,91.521782,-74.354958,7.167763,250.089529,244.065947,91.861519,-69.994392,6.851781,259.060826,244.479992,92.152557,-66.047691,6.933569,267.15847,244.101111,92.395844,-62.539124,7.351629,274.336399,243.05659,92.644218,-58.854446,7.949989,281.864978,241.633187,92.892899,-54.844784,9.084157,290.028494,239.094439,93.059952,-51.89241,10.278086,296.017778,236.489821,,,,,,,,,,,,,,,,,,,,,,,,,,,,,,,,,,,,,,,,,,,,,,,,,,,,,,,,,,,,,,,,,,,,,,,,,,,,,,,,,,,,,,,,,,,,,,,,,,,,
116,0,653.586792,212.209518,5.44127,2323.422119,1087568.375,710.102234,TROCHLEACART,89.21624,-80.754944,14.367,5.327358,204.648209,1598.991455,3.812293,0,0,0,0,11,1.3.6.1.4.1.19291.2.1.3.16012510107846657050917472604,1.3.6.1.4.1.19291.2.1.2.16012510107846657050916052487,1.3.6.1.4.1.19291.2.1.1.16012510107846657050912862229,14,87.423676,-95.715599,29.46991,204.659025,199.377852,87.543365,-95.928329,26.438589,204.404955,205.600903,87.734314,-95.316086,23.191158,205.857576,212.222646,87.957588,-94.408546,19.71413,207.930277,219.299045,88.235008,-92.468895,16.749599,212.091028,225.270004,88.539215,-89.886917,14.258442,217.541956,230.236559,88.963295,-85.920425,11.398543,225.857519,235.884603,89.336586,-82.051292,9.511821,233.914549,239.543648,89.719238,-77.707153,8.20871,242.9116,241.981362,90.083458,-73.238686,7.525439,252.126569,243.142271,90.423622,-68.631332,7.611957,261.580258,242.718321,90.760109,-63.906792,7.976259,271.257809,241.718869,91.043205,-59.606071,8.826808,280.035951,239.745718,91.264717,-55.783127,10.256605,287.798298,236.611163,,,,,,,,,,,,,,,,,,,,,,,,,,,,,,,,,,,,,,,,,,,,,,,,,,,,,,,,,,,,,,,,,,,,,,,,,,,,,,,,,,,,,,,,,,,,,,,,,,,,,,,,,,,,,,
120,0,775.506348,261.180969,0,2198.272949,1009709.25,747.595398,TROCHLEACART,87.424255,-84.002762,15.346252,4.770183,183.968277,1255.948242,2.994414,0,0,0,0,11,1.3.6.1.4.1.19291.2.1.3.16012510107846657050917522608,1.3.6.1.4.1.19291.2.1.2.16012510107846657050916052487,1.3.6.1.4.1.19291.2.1.1.16012510107846657050912862229,13,85.92408,-95.251846,30.108324,205.339525,197.913838,86.05027,-95.544411,26.798243,204.938356,204.71239,86.193428,-95.38826,23.858072,205.436102,210.728915,86.370811,-94.808258,20.860184,206.8075,216.841026,86.633888,-93.197105,17.667856,210.307565,223.296359,86.97097,-90.473686,14.677769,216.078931,229.277719,87.290627,-87.423683,12.622729,222.46443,233.32555,87.589516,-84.45575,10.894904,228.661729,236.707245,87.979317,-80.233749,9.228094,237.429966,239.896775,88.36702,-75.685081,8.153597,246.833137,241.855067,88.709068,-71.276642,7.865852,255.901012,242.208689,89.030548,-66.861885,8.048522,264.953534,241.598023,89.40583,-61.435558,8.717148,276.053496,239.937388,,,,,,,,,,,,,,,,,,,,,,,,,,,,,,,,,,,,,,,,,,,,,,,,,,,,,,,,,,,,,,,,,,,,,,,,,,,,,,,,,,,,,,,,,,,,,,,,,,,,,,,,,,,,,,,,,,,
124,0,903.142639,685.599976,10.88254,2220.038086,818247.25,765.591431,TROCHLEACART,85.780037,-85.684555,15.636221,3.958483,153.703583,855.380493,2.039386,0,0,0,0,11,1.3.6.1.4.1.19291.2.1.3.16012510107846657050917572612,1.3.6.1.4.1.19291.2.1.2.16012510107846657050916052487,1.3.6.1.4.1.19291.2.1.1.16012510107846657050912862229,13,84.476463,-95.003311,29.2251,205.66987,199.579426,84.545807,-95.493576,26.85602,204.80612,204.460299,84.696686,-95.103294,24.134024,205.771398,210.017214,84.907524,-94.291428,20.775265,207.640543,216.856379,85.117279,-93.023232,18.202663,210.399191,222.060168,85.407921,-90.87429,15.291876,214.986368,227.909787,85.684624,-88.400673,13.234732,220.188673,231.992782,85.979446,-85.442871,11.58089,226.360712,235.22342,86.289856,-82.233017,9.999499,233.045847,238.292105,86.606293,-78.709732,8.806535,240.351061,240.548054,86.892204,-75.206978,8.261844,247.57505,241.476683,87.147667,-71.797867,8.241663,254.575178,241.335532,87.388695,-68.318924,8.660743,261.692189,240.290514,,,,,,,,,,,,,,,,,,,,,,,,,,,,,,,,,,,,,,,,,,,,,,,,,,,,,,,,,,,,,,,,,,,,,,,,,,,,,,,,,,,,,,,,,,,,,,,,,,,,,,,,,,,,,,,,,,,
128,0,890.547485,696.482544,10.88254,2230.920654,691955.375,765.909302,TROCHLEACART,84.330711,-85.318207,14.987837,3.605629,139.612473,725.103943,1.728783,0,0,0,0,11,1.3.6.1.4.1.19291.2.1.3.16012510107846657050917622616,1.3.6.1.4.1.19291.2.1.2.16012510107846657050916052487,1.3.6.1.4.1.19291.2.1.1.16012510107846657050912862229,12,83.067459,-94.232483,28.350464,207.071973,201.19945,83.269745,-94.189941,23.898567,207.42758,210.319823,83.383842,-93.870674,21.880304,208.204652,214.438478,83.588234,-92.846107,19.020889,210.480413,220.243027,83.850739,-91.127762,16.020329,214.188985,226.299668,84.122849,-88.939903,13.588771,218.827177,231.165188,84.382462,-86.48848,11.87686,223.963113,234.54193,84.690247,-83.339226,10.252821,230.526415,237.701249,85.054283,-79.323433,8.817865,238.85733,240.426712,85.322296,-76.032066,8.320515,245.644493,241.269659,85.540192,-72.898903,8.679504,252.055251,240.36629,85.696205,-70.529457,9.147147,256.891549,239.281157,,,,,,,,,,,,,,,,,,,,,,,,,,,,,,,,,,,,,,,,,,,,,,,,,,,,,,,,,,,,,,,,,,,,,,,,,,,,,,,,,,,,,,,,,,,,,,,,,,,,,,,,,,,,,,,,,,,,,,,,
132,0,871.831787,593.098389,5.44127,2116.654053,621616.0625,762.21698,TROCHLEACART,82.785316,-85.761284,15.13625,3.54233,137.937332,681.084473,1.623832,0,0,0,0,11,1.3.6.1.4.1.19291.2.1.3.16012510107846657050917662620,1.3.6.1.4.1.19291.2.1.2.16012510107846657050916052487,1.3.6.1.4.1.19291.2.1.1.16012510107846657050912862229,13,81.614372,-94.253632,27.139296,206.868421,203.551482,81.754257,-93.852974,24.680471,207.839147,208.568553,81.837433,-93.855835,22.815882,207.945631,212.389551,81.968193,-93.399658,20.653866,209.012437,216.795462,82.148705,-92.493813,18.130121,211.024217,221.918521,82.40937,-90.644325,15.389578,214.986368,227.435319,82.671364,-88.51722,13.082874,219.492323,232.048252,82.971634,-85.750389,10.988336,225.298853,236.192166,83.261986,-82.630699,9.704891,231.780931,238.655137,83.509003,-79.879112,8.775719,237.485931,240.411854,83.788048,-76.416016,8.318352,244.623249,241.163672,84.036087,-73.126595,8.264312,251.379704,241.098298,84.238647,-70.076462,8.827527,257.607708,239.780882,,,,,,,,,,,,,,,,,,,,,,,,,,,,,,,,,,,,,,,,,,,,,,,,,,,,,,,,,,,,,,,,,,,,,,,,,,,,,,,,,,,,,,,,,,,,,,,,,,,,,,,,,,,,,,,,,,,
136,0,812.068909,527.803162,0,2181.949219,626105.125,726.076782,TROCHLEACART,81.39447,-84.966782,13.895223,3.587592,138.982773,716.511353,1.708296,0,0,0,0,11,1.3.6.1.4.1.19291.2.1.3.16012510107846657050917712624,1.3.6.1.4.1.19291.2.1.2.16012510107846657050916052487,1.3.6.1.4.1.19291.2.1.1.16012510107846657050912862229,13,80.148827,-94.187798,26.351965,206.817903,205.030353,80.250114,-94.315025,23.874786,206.705972,210.113296,80.404404,-93.796967,21.289875,207.925321,215.38246,80.600395,-92.803131,18.566854,210.129762,220.909163,80.856285,-91.11396,15.665421,213.772466,226.76423,81.132942,-89.085503,12.866306,218.105569,232.391473,81.361076,-87.015701,11.220921,222.454031,235.652322,81.594513,-84.63475,9.976599,227.41712,238.074681,81.85955,-81.796669,8.788967,233.315273,240.356385,82.136375,-78.641769,7.86666,239.847868,242.077443,82.400963,-75.277771,7.567041,246.772219,242.5113,82.598351,-72.393265,7.969513,252.669879,241.532153,82.784279,-69.505905,8.632935,258.557634,240.018116,,,,,,,,,,,,,,,,,,,,,,,,,,,,,,,,,,,,,,,,,,,,,,,,,,,,,,,,,,,,,,,,,,,,,,,,,,,,,,,,,,,,,,,,,,,,,,,,,,,,,,,,,,,,,,,,,,,
140,0,969.605408,1055.606323,10.88254,2258.126953,547827.0625,714.137146,TROCHLEACART,79.665909,-87.738152,14.251694,3.178439,124.678596,530.717712,1.26533,0,0,0,0,11,1.3.6.1.4.1.19291.2.1.3.16012510107846657050917762628,1.3.6.1.4.1.19291.2.1.2.16012510107846657050916052487,1.3.6.1.4.1.19291.2.1.1.16012510107846657050912862229,11,78.645264,-94.543465,25.710991,205.893236,206.231875,78.772362,-94.659843,22.674732,205.83727,212.459879,78.900017,-94.342064,20.351007,206.629701,217.204554,79.107986,-93.161163,17.672409,209.215498,222.630222,79.29245,-91.956177,15.559708,211.816648,226.894981,79.538734,-90.190369,13.001165,215.596044,232.043299,79.809952,-87.895348,10.768626,220.442247,236.49527,80.119255,-84.864075,8.913713,226.777231,240.134009,80.43177,-81.421547,7.673549,233.9195,242.490992,80.70163,-78.063721,7.245761,240.838899,243.187836,81.005615,-74.021957,7.196966,249.139603,243.071448,,,,,,,,,,,,,,,,,,,,,,,,,,,,,,,,,,,,,,,,,,,,,,,,,,,,,,,,,,,,,,,,,,,,,,,,,,,,,,,,,,,,,,,,,,,,,,,,,,,,,,,,,,,,,,,,,,,,,,,,,,,,,
144,0,768.602966,418.977783,5.44127,2214.596924,574146.4375,696.406311,TROCHLEACART,78.431839,-85.01696,12.722091,3.656296,142.365662,722.257812,1.721997,0,0,0,0,11,1.3.6.1.4.1.19291.2.1.3.16012510107846657050917812632,1.3.6.1.4.1.19291.2.1.2.16012510107846657050916052487,1.3.6.1.4.1.19291.2.1.1.16012510107846657050912862229,13,77.204674,-94.401253,24.493141,206.025472,208.588859,77.30455,-94.459778,22.162085,206.045778,213.368697,77.432289,-94.16539,19.797398,206.792642,218.198558,77.59108,-93.439888,17.458187,208.423067,222.953137,77.784065,-92.246109,15.13623,211.013818,227.647294,78.044472,-90.177773,12.767008,215.402891,232.391473,78.320923,-87.787445,10.576448,220.442247,236.752314,78.637093,-84.729706,8.61232,226.838148,240.613429,78.940186,-81.415871,7.368035,233.71644,242.985766,79.235741,-77.758438,6.865954,241.25542,243.818808,79.47168,-74.76786,6.583344,247.412106,244.237805,79.721664,-71.474457,6.492468,254.178962,244.247712,79.925461,-68.396507,7.074533,260.462932,242.890179,,,,,,,,,,,,,,,,,,,,,,,,,,,,,,,,,,,,,,,,,,,,,,,,,,,,,,,,,,,,,,,,,,,,,,,,,,,,,,,,,,,,,,,,,,,,,,,,,,,,,,,,,,,,,,,,,,,
148,0,743.729919,359.12381,10.88254,2122.095215,556310,683.541199,TROCHLEACART,76.997627,-84.772453,11.532434,3.713037,146.257065,706.330933,1.684024,0,0,0,0,11,1.3.6.1.4.1.19291.2.1.3.16012510107846657050917862636,1.3.6.1.4.1.19291.2.1.2.16012510107846657050916052487,1.3.6.1.4.1.19291.2.1.1.16012510107846657050912862229,11,75.664261,-95.395096,23.610468,203.805181,210.319823,75.827438,-95.130234,20.404011,204.542143,216.87619,76.072266,-93.8629,17.045685,207.346353,223.690097,76.322441,-92.089378,14.412984,211.146055,228.989968,76.636353,-89.511559,11.697889,216.601934,234.415636,76.951248,-86.713211,9.329171,222.48969,239.119698,77.296097,-83.339661,7.250934,229.54083,243.197741,77.632767,-79.596199,5.973182,237.303177,245.615643,77.899422,-76.319626,5.481289,244.059633,246.448189,78.174049,-72.588135,5.570875,251.715001,246.064852,78.49752,-67.951004,6.080304,261.204349,244.772696,,,,,,,,,,,,,,,,,,,,,,,,,,,,,,,,,,,,,,,,,,,,,,,,,,,,,,,,,,,,,,,,,,,,,,,,,,,,,,,,,,,,,,,,,,,,,,,,,,,,,,,,,,,,,,,,,,,,,,,,,,,,,
152,0,812.05365,353.682556,0,2214.596924,711359,756.764465,TROCHLEACART,75.680206,-83.299286,9.782612,4.040812,158.488205,838.210388,1.998449,0,0,0,0,11,1.3.6.1.4.1.19291.2.1.3.16012510107846657050917912640,1.3.6.1.4.1.19291.2.1.2.16012510107846657050916052487,1.3.6.1.4.1.19291.2.1.1.16012510107846657050912862229,12,74.167007,-95.632584,23.02562,203.11973,211.400004,74.335213,-95.610924,19.300802,203.388662,219.0316,74.556168,-94.550858,16.130125,205.756044,225.472074,74.853348,-92.460968,12.974601,210.236742,231.826372,75.192268,-89.624664,10.131899,216.230978,237.499674,75.497765,-86.960358,7.749527,221.844354,242.238902,75.7985,-83.962242,6.030824,228.103067,245.600289,76.18708,-79.567657,4.679513,237.2066,248.134085,76.527901,-75.337975,4.120662,245.923824,249.052807,76.785416,-71.727356,4.391046,253.320167,248.305447,77.038109,-68.334343,4.405844,260.285131,248.093472,77.223732,-65.821457,4.45089,265.441373,247.866639,,,,,,,,,,,,,,,,,,,,,,,,,,,,,,,,,,,,,,,,,,,,,,,,,,,,,,,,,,,,,,,,,,,,,,,,,,,,,,,,,,,,,,,,,,,,,,,,,,,,,,,,,,,,,,,,,,,,,,,,
156,0,842.111755,353.682556,5.44127,2274.450928,730953,798.861145,TROCHLEACART,74.324829,-82.016022,8.564521,4.081663,161.251389,821.762329,1.959234,0,0,0,0,11,1.3.6.1.4.1.19291.2.1.3.16012510107846657050917962644,1.3.6.1.4.1.19291.2.1.2.16012510107846657050916052487,1.3.6.1.4.1.19291.2.1.1.16012510107846657050912862229,12,72.782951,-95.443642,20.621767,203.419366,216.184795,72.936165,-95.257904,17.506079,203.988432,222.559399,73.131248,-94.242638,14.839053,206.233484,227.97021,73.433929,-92.013481,11.793,210.993513,234.092721,73.783936,-89.096298,8.837495,217.160597,239.992857,74.103729,-86.061867,6.753374,223.515886,244.101111,74.49588,-81.90921,4.91822,232.151888,247.639311,74.841782,-78.026505,3.666563,240.198518,249.996294,75.196411,-73.455017,3.369725,249.601689,250.359822,75.519669,-69.153351,3.323805,258.435797,250.223624,75.758881,-65.941025,3.338484,265.029805,250.021553,75.913391,-63.591351,3.806651,269.825492,248.936419,,,,,,,,,,,,,,,,,,,,,,,,,,,,,,,,,,,,,,,,,,,,,,,,,,,,,,,,,,,,,,,,,,,,,,,,,,,,,,,,,,,,,,,,,,,,,,,,,,,,,,,,,,,,,,,,,,,,,,,,
160,0,757.077454,255.739685,5.44127,2492.101562,1200724.875,754.319946,TROCHLEACART,73.504715,-74.062057,6.515597,5.531958,217.019714,1576.456299,3.758565,0,0,0,0,11,1.3.6.1.4.1.19291.2.1.3.16012510107846657050918002648,1.3.6.1.4.1.19291.2.1.2.16012510107846657050916052487,1.3.6.1.4.1.19291.2.1.1.16012510107846657050912862229,15,71.282639,-96.415695,18.878826,201.295656,219.67743,71.596603,-94.8526,14.468414,204.77046,228.631393,71.93943,-92.120201,11.364982,210.567087,234.844539,72.260742,-89.417358,8.693264,216.27704,240.17462,72.611778,-86.300728,6.047715,222.834894,245.428927,73.000099,-82.150513,4.29408,231.460987,248.800221,73.355156,-78.141449,3.048788,239.766643,251.137394,73.71154,-73.893845,2.171889,248.539834,252.7069,74.048515,-69.650856,1.721214,257.277859,253.403246,74.332245,-65.899513,1.640362,264.98424,253.368082,74.525848,-62.736656,2.592177,271.420257,251.248333,74.68576,-59.800156,3.919453,277.36893,248.371317,74.861565,-56.835564,4.938081,283.393873,246.125275,75.081398,-53.110382,6.24234,290.963066,243.253211,75.277367,-49.605438,7.712345,298.070169,240.05328,,,,,,,,,,,,,,,,,,,,,,,,,,,,,,,,,,,,,,,,,,,,,,,,,,,,,,,,,,,,,,,,,,,,,,,,,,,,,,,,,,,,,,,,,,,,,,,,,,,,,,,,,
164,0,646.121582,250.298416,0,2475.777832,1715452.75,673.787781,TROCHLEACART,72.288719,-69.891922,7.000928,6.812945,259.481537,2674.89502,6.377447,0,0,0,0,11,1.3.6.1.4.1.19291.2.1.3.16012510107846657050918052652,1.3.6.1.4.1.19291.2.1.2.16012510107846657050916052487,1.3.6.1.4.1.19291.2.1.1.16012510107846657050912862229,21,69.799232,-96.428604,18.359411,201.067339,220.611507,70.120201,-94.558067,14.30568,205.151819,228.818109,70.345665,-92.681747,12.397073,209.118921,232.628706,70.522324,-91.463509,10.481004,211.735426,236.489821,70.701012,-90.140137,8.695121,214.559942,240.078539,70.922302,-88.422012,6.615656,218.212549,244.247712,71.194748,-85.825989,4.858157,223.648122,247.710135,71.515747,-82.238358,3.670757,231.085079,249.951226,71.85527,-78.163795,2.882009,239.497713,251.349369,72.223053,-73.848709,1.862924,248.417997,253.206625,72.533531,-70.159973,1.079417,256.038201,254.614676,72.882782,-65.769699,0.600239,265.080322,255.36154,73.102493,-62.252457,1.559959,272.243394,253.206625,73.231232,-59.895401,2.616687,277.018775,250.915019,73.418999,-56.954784,3.328027,283.013012,249.299946,73.659035,-53.282631,4.091792,290.505932,247.538275,73.809082,-50.399189,5.550967,296.337721,244.393815,73.935226,-47.579659,7.437922,302.01251,240.376194,74.068291,-44.507679,9.59163,308.1895,235.798427,74.122772,-42.304848,12.051319,312.563715,230.640203,74.100021,-40.853111,14.983803,315.367429,224.55335,,,,,,,,,,,,,,,,,,,,,,,,,,,,,,,,,,,,,,,,,,,,,,,,,,,,,,,,,,,,,,,,,,,,,,,,,,,
168,0,460.52005,190.444443,5.44127,2459.454102,2239969.5,587.583313,TROCHLEACART,71.027092,-64.517418,10.51731,8.647628,295.82901,4788.229004,11.416028,0,0,0,0,11,1.3.6.1.4.1.19291.2.1.3.16012510107846657050918102656,1.3.6.1.4.1.19291.2.1.2.16012510107846657050916052487,1.3.6.1.4.1.19291.2.1.1.16012510107846657050912862229,27,68.425423,-95.359383,17.196133,203.099424,222.807033,68.631546,-94.26828,14.408937,205.507421,228.46003,68.782532,-93.256317,12.722548,207.686605,231.861536,68.990891,-91.672348,10.708222,211.059877,235.904414,69.165215,-90.42688,8.889815,213.726404,239.563954,69.404861,-88.84877,6.166274,217.130388,245.060446,69.581116,-87.271309,4.859068,220.447698,247.654664,69.797012,-84.784645,4.183343,225.593538,248.906208,70.071556,-81.677391,3.232547,232.03005,250.688185,70.330582,-78.62207,2.541965,238.344232,251.939728,70.614136,-75.284103,1.774875,245.243324,253.332919,70.966606,-71.130188,0.829125,253.828313,255.048529,71.348083,-66.434158,0.139902,263.510816,256.209441,71.642616,-62.380539,0.322096,271.82192,255.619082,71.836945,-59.267654,1.174192,278.161359,253.706351,72.031273,-55.941154,2.382994,284.917816,251.051217,72.222038,-52.635551,3.636581,291.628706,248.305447,72.443626,-48.422512,5.716015,300.152776,243.818808,72.599754,-45.020199,7.905562,307.005808,239.14991,72.682343,-42.045807,11.024977,312.924268,232.598496,72.697113,-39.964207,14.170129,317.008257,226.042129,72.626572,-38.942196,17.453661,318.908601,219.258928,72.548889,-38.477634,19.966249,319.710939,214.085351,72.384109,-38.374313,23.823153,319.69063,206.176405,72.183151,-39.010857,27.2537,318.177091,199.180735,71.969589,-40.333755,29.820248,315.306512,193.9923,71.753845,-42.118107,31.665064,311.532068,190.307501,,,,,,,,,,,,,,,,,,,,,,,,,,,,,,,,,,,,,,,,,,,,,
172,0,445.998657,157.796829,0,2339.746094,2067649.75,630.423035,MEDCONDYLECART,69.824539,-60.832218,9.892319,8.423059,289.299286,4544.577148,10.835116,0,0,0,0,11,1.3.6.1.4.1.19291.2.1.3.16012510107846657050918152660,1.3.6.1.4.1.19291.2.1.2.16012510107846657050916052487,1.3.6.1.4.1.19291.2.1.1.16012510107846657050912862229,25,67.408699,-92.072678,11.750846,209.942056,233.65837,67.581749,-90.909286,9.823886,212.44663,237.544745,67.769073,-89.810532,7.469846,214.844228,242.309725,67.967293,-88.284752,5.585133,218.090219,246.090111,68.221809,-85.572083,4.423258,223.729349,248.325753,68.472267,-82.698067,3.621645,229.678018,249.814532,68.767944,-79.394852,2.525306,236.525606,251.884259,69.083595,-75.813683,1.446605,243.942749,253.902976,69.408714,-71.997314,0.548827,251.831884,255.538351,69.704872,-68.626686,-0.445583,258.811706,257.395609,69.981415,-65.148666,-0.822137,265.974778,257.981017,70.269073,-61.033237,-0.382946,274.397318,256.86072,70.45343,-58.006805,0.547778,280.554498,254.791487,70.658554,-54.354946,2.058422,287.960746,251.500426,70.830399,-50.976418,3.856815,294.788522,247.634358,71.072601,-46.728134,5.534111,303.409166,243.969864,71.203491,-43.680542,7.695709,309.535642,239.377238,71.266647,-41.247013,10.346588,314.371942,233.814875,71.261993,-39.229889,13.818503,318.30388,226.592372,71.188179,-37.893597,17.699995,320.813406,218.567038,71.053909,-37.382122,21.556141,321.631094,210.637785,70.85556,-37.968464,25.012205,320.219083,203.58714,70.63533,-38.94051,28.313515,318.024549,196.874268,70.38401,-40.502686,31.324739,314.635919,190.787415,70.112869,-42.53241,33.998692,310.307764,185.416724,,,,,,,,,,,,,,,,,,,,,,,,,,,,,,,,,,,,,,,,,,,,,,,,,,,,,,,
176,0,457.806122,157.796829,0,2475.777832,2273923,653.805969,MEDCONDYLECART,68.478012,-58.061256,10.960239,8.879119,292.74408,4904.653809,11.693606,0,0,0,0,11,1.3.6.1.4.1.19291.2.1.3.16012510107846657050918202664,1.3.6.1.4.1.19291.2.1.2.16012510107846657050916052487,1.3.6.1.4.1.19291.2.1.1.16012510107846657050912862229,25,66.168022,-90.306923,8.773591,213.513441,239.533743,66.400429,-88.848885,6.011367,216.673254,245.115918,66.584572,-87.209396,4.631249,220.122305,247.856238,66.828362,-84.471306,3.751732,225.796598,249.511921,67.057518,-81.824341,3.047164,231.273281,250.813982,67.316994,-78.995621,1.9683,237.145681,252.873312,67.631523,-75.369789,0.989212,244.648508,254.6855,67.914078,-72.026054,0.254116,251.557505,256.01282,68.262932,-67.924194,-0.697764,260.03601,257.743784,68.593788,-63.721363,-1.078511,268.687364,258.298979,68.850632,-60.065887,-0.718417,276.170379,257.365397,69.132721,-55.67086,0.312134,285.131277,255.018321,69.326942,-52.143906,1.857949,292.278993,251.661883,69.504852,-48.670868,3.67852,299.299429,247.745299,69.665901,-45.433289,5.483009,305.837469,243.874278,69.787689,-42.418476,7.793385,311.887674,238.978547,69.846603,-39.75042,10.930706,317.176153,232.406826,69.813286,-37.965923,14.654986,320.615297,224.679644,69.722557,-36.909424,18.44759,322.555761,216.851427,69.580101,-36.850174,21.731859,322.47949,210.118248,69.378403,-36.937256,26.096218,322.03771,201.179638,69.119278,-38.012585,30.094851,319.589101,193.043364,68.789093,-40.274773,33.700802,314.727544,185.775298,68.509552,-42.845112,35.659687,309.332582,181.898829,68.164429,-46.884617,36.632183,300.980867,180.122298,,,,,,,,,,,,,,,,,,,,,,,,,,,,,,,,,,,,,,,,,,,,,,,,,,,,,,,
180,0,501.92041,157.796829,5.44127,2464.895264,2226519,703.403137,MEDCONDYLECART,67.245682,-54.870773,10.175201,8.325223,285.256561,4381.256836,10.44573,0,0,0,0,11,1.3.6.1.4.1.19291.2.1.3.16012510107846657050918252668,1.3.6.1.4.1.19291.2.1.2.16012510107846657050916052487,1.3.6.1.4.1.19291.2.1.1.16012510107846657050912862229,25,65.010445,-87.763435,5.236796,218.715246,246.51406,65.29969,-84.648048,3.970859,225.187418,248.941372,65.50724,-82.257103,3.322044,230.135152,250.142893,65.76075,-79.400917,2.422285,236.053119,251.833741,66.017578,-76.68985,1.206071,241.692249,254.180819,66.2938,-73.648941,0.106919,248.001476,256.270358,66.588676,-70.248764,-0.809473,255.037264,257.966158,66.892029,-66.578445,-1.464407,262.611903,259.111716,67.165627,-63.124775,-1.815663,269.723467,259.646605,67.444374,-59.224144,-1.53593,277.714627,258.864577,67.68634,-55.394524,-0.552241,285.517585,256.64379,67.877129,-52.055191,0.75702,292.294347,253.78213,68.062302,-48.717312,2.189586,299.060709,250.66788,68.265442,-44.988495,3.872963,306.614545,247.01874,68.370293,-42.349586,5.934548,311.90798,242.652945,68.426758,-40.259995,8.160811,316.063779,237.979094,68.453934,-38.168713,11.044685,320.183424,231.957618,68.413322,-36.558784,14.640588,323.271921,224.502833,68.309593,-35.737591,18.33106,324.735437,216.896496,68.141495,-35.723061,22.113907,324.537332,209.144055,67.907806,-36.417919,26.178978,322.865801,200.851277,67.668289,-37.78532,29.251581,319.873384,194.628224,67.45694,-38.997627,31.953236,317.221716,189.15699,67.196907,-41.136482,34.196445,312.695455,184.674811,66.925186,-43.894363,35.667416,306.944891,181.808196,,,,,,,,,,,,,,,,,,,,,,,,,,,,,,,,,,,,,,,,,,,,,,,,,,,,,,,
184,0,486.739075,146.914291,0,2443.130127,2127536.5,705.262573,MEDCONDYLECART,65.844048,-53.669621,9.854263,8.169136,283.861633,4280.766113,10.206142,0,0,0,0,11,1.3.6.1.4.1.19291.2.1.3.16012510107846657050918302672,1.3.6.1.4.1.19291.2.1.2.16012510107846657050916052487,1.3.6.1.4.1.19291.2.1.1.16012510107846657050912862229,23,63.618298,-86.517693,4.778276,221.067278,247.255972,63.960495,-82.850838,3.248992,228.687482,250.193411,64.235046,-79.808784,2.189201,234.996709,252.202223,64.490929,-76.863167,1.385717,241.092477,253.691,64.809242,-73.328239,0.170214,248.422949,255.992514,65.126137,-69.758331,-0.955082,255.819788,258.10731,65.427849,-66.079277,-1.55876,263.409286,259.147376,65.734016,-62.187412,-1.90672,271.420257,259.652052,65.987061,-58.58918,-1.557223,278.786388,258.743235,66.204575,-55.234539,-0.819736,285.62902,257.05239,66.412613,-51.891388,0.110212,292.436489,254.967802,66.623482,-48.139236,1.659808,300.046293,251.591555,66.815315,-44.287945,3.800654,307.823991,246.998433,66.929359,-41.070187,6.622944,314.260011,241.042826,66.95652,-38.937027,9.577262,318.461374,234.874751,66.940788,-37.052799,13.074883,322.118932,227.606682,66.871727,-35.896584,16.549475,324.283258,220.424791,66.760277,-35.377525,19.90802,325.146513,213.514801,66.601944,-35.484131,23.270342,324.725038,206.630566,66.377716,-36.151543,27.169617,323.119871,198.676056,66.13134,-37.469807,30.477551,320.214132,191.968136,65.864502,-39.255424,33.462715,316.368368,185.946658,65.533844,-42.170235,35.989635,310.231989,180.924635,,,,,,,,,,,,,,,,,,,,,,,,,,,,,,,,,,,,,,,,,,,,,,,,,,,,,,,,,,,,,,,,,
188,0,477.19101,146.914291,5.44127,2454.012695,2111093,695.125,MEDCONDYLECART,64.324387,-53.800568,9.948391,8.2204,284,4340.049316,10.347485,0,0,0,0,11,1.3.6.1.4.1.19291.2.1.3.16012510107846657050918352676,1.3.6.1.4.1.19291.2.1.2.16012510107846657050916052487,1.3.6.1.4.1.19291.2.1.1.16012510107846657050912862229,21,62.140438,-86.063614,4.914456,221.758176,246.821621,62.476173,-82.582306,3.21987,229.007425,250.107729,62.803642,-78.884491,2.071648,236.668243,252.262644,63.034344,-76.249252,1.313006,242.124122,253.676142,63.370331,-72.588768,-0.088004,249.723526,256.351088,63.686977,-69.039497,-1.242256,257.079752,258.526308,63.998825,-65.292084,-1.958418,264.816344,259.793204,64.348869,-60.621288,-1.986907,274.407222,259.601534,64.680275,-55.724033,-1.22059,284.415117,257.769041,64.894112,-52.166473,-0.062287,291.649011,255.205035,65.138283,-47.864761,1.660257,300.376638,251.444956,65.368919,-43.488781,3.809391,309.23105,246.806765,65.476891,-40.303093,6.713975,315.596246,240.684252,65.493233,-37.860859,10.426143,320.386484,232.946669,65.440063,-36.265598,14.278389,323.429414,224.967395,65.311493,-35.299915,18.76557,325.141557,215.720728,65.158226,-35.217484,22.330088,325.095995,208.412048,64.966125,-35.719868,25.786617,323.856336,201.355956,64.658478,-37.115578,30.335255,320.716829,192.109784,64.351852,-39.209351,33.695595,316.215826,185.335993,64.014465,-42.254974,36.154396,309.814973,180.46057,,,,,,,,,,,,,,,,,,,,,,,,,,,,,,,,,,,,,,,,,,,,,,,,,,,,,,,,,,,,,,,,,,,,,,,,,,,
192,0,459.848114,152.35556,0,2475.777832,2262452.75,675.474731,MEDCONDYLECART,62.784225,-52.535534,12.831455,8.890724,286.222015,4842.117676,11.544508,0,0,0,0,11,1.3.6.1.4.1.19291.2.1.3.16012510107846657050918402680,1.3.6.1.4.1.19291.2.1.2.16012510107846657050916052487,1.3.6.1.4.1.19291.2.1.1.16012510107846657050912862229,26,60.686615,-85.407455,4.85056,222.876001,246.786457,60.921913,-82.788574,3.961825,228.306127,248.4674,61.194885,-79.831169,2.795976,234.447952,250.69809,61.497433,-76.464951,1.651347,241.427774,252.863406,61.746399,-73.735519,0.641543,247.092163,254.786532,62.059429,-70.290543,-0.605937,254.239881,257.158377,62.359505,-66.829018,-1.536248,261.402457,258.879435,62.687107,-62.871037,-2.253072,269.571419,260.136427,62.945354,-59.396111,-2.225669,276.703784,259.89424,63.232296,-55.282722,-1.77387,285.12137,258.748187,63.49192,-51.088074,-0.575657,293.660793,256.068289,63.717342,-47.023296,1.170488,301.900579,252.272551,63.854862,-43.821468,3.441411,308.337091,247.447642,63.967281,-40.83139,5.919925,314.326376,242.208689,63.995132,-38.220032,9.657161,319.462312,234.410684,63.98764,-36.312824,13.008926,323.175836,227.440272,63.916424,-35.176193,16.499012,325.299055,220.227674,63.784264,-34.853386,19.992958,325.751234,213.050735,63.620098,-35.047035,23.340397,325.15196,206.201663,63.390205,-35.773182,27.268274,323.424463,198.191683,63.157444,-37.025249,30.382334,320.666311,191.877503,62.919189,-38.66927,32.964764,317.135542,186.673712,62.654289,-40.885433,35.187752,312.451784,182.237097,62.416454,-43.351875,36.387661,307.315847,179.910323,62.201424,-46.031929,36.721127,301.7936,179.370482,61.984993,-48.916233,36.744759,295.870683,179.476469,,,,,,,,,,,,,,,,,,,,,,,,,,,,,,,,,,,,,,,,,,,,,,,,,,
196,0,470.724915,152.35556,0,2513.866699,2210053.5,691.033813,MEDCONDYLECART,61.358475,-51.440105,12.873303,8.655713,279.325684,4636.409668,11.054063,0,0,0,0,11,1.3.6.1.4.1.19291.2.1.3.16012510107846657050918452684,1.3.6.1.4.1.19291.2.1.2.16012510107846657050916052487,1.3.6.1.4.1.19291.2.1.1.16012510107846657050912862229,27,59.352093,-83.41053,4.35767,226.772279,247.558583,59.635883,-80.34111,3.136927,233.147377,249.895754,59.937962,-77.068176,1.847058,239.944444,252.36368,60.150906,-74.613213,1.184486,245.024416,253.589964,60.379314,-72.075066,0.315024,250.287636,255.235743,60.649567,-69.118576,-0.791587,256.424016,257.345091,60.91465,-66.087982,-1.658932,262.69808,258.960162,61.199642,-62.53793,-2.104058,270.013199,259.682265,61.498108,-58.632885,-2.257804,278.039524,259.788252,61.743614,-54.967037,-1.626814,285.52749,258.298979,61.972675,-51.23785,-0.522305,293.116989,255.836009,62.189308,-47.278862,1.24376,301.138361,252.005106,62.340435,-44.148842,3.090457,307.453035,248.053355,62.461445,-40.940945,5.740681,313.879148,242.450877,62.511627,-38.560879,8.592356,318.59361,236.479916,62.50663,-36.803791,11.637709,322.017404,230.145429,62.472939,-35.435318,14.675813,324.643812,223.846602,62.36961,-34.588535,18.399937,326.15785,216.169937,62.239742,-34.504227,21.444523,326.147451,209.92658,62.088512,-34.740799,24.431019,325.481809,203.819422,61.873703,-35.552711,27.878479,323.607217,196.798493,61.633362,-37.031151,30.784073,320.396883,190.923615,61.393898,-38.866859,33.073498,316.490205,186.330492,61.105293,-41.522007,35.093575,310.91744,182.333178,60.845104,-44.251316,36.354496,305.238195,179.895468,60.695423,-46.057922,36.684956,301.509317,179.315012,60.517406,-48.508308,36.57423,296.485311,179.67309,,,,,,,,,,,,,,,,,,,,,,,,,,,,,,,,,,,,,,,,,,,,,
200,0,481.899811,141.473022,0,2671.663574,2207583,713.167725,MEDCONDYLECART,59.885792,-51.874172,11.410937,8.472924,272.764221,4474.941406,10.669092,0,0,0,0,11,1.3.6.1.4.1.19291.2.1.3.16012510107846657050918502688,1.3.6.1.4.1.19291.2.1.2.16012510107846657050916052487,1.3.6.1.4.1.19291.2.1.1.16012510107846657050912862229,28,57.982143,-81.620766,4.311039,230.216375,247.427336,58.179619,-79.654602,3.178333,234.321165,249.643168,58.372562,-77.708916,2.112628,238.379890,251.722802,58.580826,-75.315666,1.451675,243.333074,252.949088,58.797142,-72.852623,0.727258,248.433350,254.301665,59.035503,-70.341406,-0.409706,253.657406,256.497055,59.267075,-67.681625,-1.146818,259.162357,257.865122,59.498009,-64.960548,-1.767287,264.786133,258.990870,59.773300,-61.510590,-2.162677,271.892744,259.616393,60.011536,-58.232666,-2.016780,278.613539,259.141928,60.259483,-54.594372,-1.486326,286.050991,257.860171,60.464844,-51.317097,-0.606386,292.726221,255.881571,60.644581,-48.126400,0.701925,299.197897,253.029814,60.783062,-45.266174,2.380927,304.968771,249.436146,60.908951,-42.368610,4.403847,310.795606,245.135727,60.996246,-39.782536,6.769649,315.962248,240.149363,61.022564,-37.911850,9.304482,319.650018,234.854940,61.015026,-36.410496,11.979715,322.571115,229.292577,60.961685,-35.057114,15.431993,325.141557,222.145849,60.858379,-34.551285,18.586405,325.989954,215.654858,60.720776,-34.425125,21.873766,326.050871,208.911774,60.552643,-34.766968,25.062412,325.156912,202.396019,60.329063,-35.812294,28.316334,322.814787,195.784182,60.111397,-37.152916,30.944969,319.904092,190.469454,59.835361,-39.319786,33.499241,315.301561,185.351347,59.530281,-42.208122,35.498341,309.251356,181.409502,59.274498,-45.179920,36.255863,303.104578,180.016310,59.035152,-48.337345,36.335938,296.617548,180.021265
204,0,503.877686,141.473022,0,2541.072998,1974696.625,735.269958,MEDCONDYLECART,58.507195,-50.81543,10.337125,7.692225,260.59729,3836.345947,9.146562,0,0,0,0,11,1.3.6.1.4.1.19291.2.1.3.16012510107846657050918542692,1.3.6.1.4.1.19291.2.1.2.16012510107846657050916052487,1.3.6.1.4.1.19291.2.1.1.16012510107846657050912862229,24,56.669594,-79.287666,3.888156,234.798603,248.038002,56.9104,-76.864861,2.548962,239.853315,250.652525,57.165409,-74.100792,1.461875,245.593479,252.732157,57.396023,-71.517487,0.618547,250.94783,254.32197,57.642712,-68.677139,-0.155119,256.825678,255.755278,57.865974,-66.112358,-0.86503,262.133969,257.072695,58.163967,-62.610073,-1.680645,269.373312,258.556521,58.411263,-59.369606,-1.799872,276.033189,258.627341,58.627651,-56.355145,-1.605273,282.210182,258.067194,58.841732,-53.125481,-0.999851,288.804189,256.653696,59.031055,-49.83461,0.261367,295.484373,253.893069,59.212654,-46.4552,1.843175,302.327005,250.470763,59.363926,-43.366871,3.617004,308.560457,246.670565,59.466103,-40.445061,6.210657,314.402647,241.199332,59.512024,-38.231491,8.879606,318.786272,235.61171,59.504528,-36.433369,12.049328,322.286829,229.020179,59.444633,-35.268021,15.334187,324.481367,222.226578,59.336109,-34.597248,18.880674,325.64475,214.923346,59.17091,-34.582169,22.599699,325.451597,207.301655,58.966148,-35.101936,26.310217,324.160928,199.726025,58.760986,-36.081585,29.261992,321.971838,193.729807,58.54763,-37.578896,31.532665,318.761011,189.15699,58.240463,-40.130165,34.141216,313.366048,183.948248,57.920811,-43.442986,35.757442,306.467451,180.813696,,,,,,,,,,,,,,,,,,,,,,,,,,,,,,,,,,,,,,,,,,,,,,,,,,,,,,,,,,,,
208,0,540.438721,152.35556,0,2519.307861,2001244.5,755.966492,MEDCONDYLECART,57.105278,-49.559669,10.113752,7.436384,253.855103,3598.505371,8.579506,0,0,0,0,11,1.3.6.1.4.1.19291.2.1.3.16012510107846657050918602696,1.3.6.1.4.1.19291.2.1.2.16012510107846657050916052487,1.3.6.1.4.1.19291.2.1.1.16012510107846657050912862229,24,55.304466,-77.724953,3.35465,237.805875,248.916609,55.530903,-75.664375,1.731987,242.134027,252.1314,55.717583,-73.565971,1.061327,246.482486,253.393343,55.982315,-70.431137,0.375914,252.959612,254.63003,56.271381,-67.14389,-0.599154,259.767079,256.452124,56.580917,-63.381958,-1.23931,267.528931,257.562514,56.851974,-59.920956,-1.521641,274.65139,257.955759,57.094433,-56.56274,-1.336022,281.534635,257.395609,57.302364,-53.430309,-0.755388,287.930534,256.038077,57.484848,-50.41832,0.193123,294.057008,253.933184,57.672501,-47.251091,1.285247,300.49352,251.525685,57.825073,-44.2966,2.806612,306.467451,248.249978,57.919785,-41.666439,5.080148,311.730177,243.450327,57.983845,-39.215263,7.740239,316.602136,237.868155,58.011101,-37.631382,9.775245,319.731245,233.613301,57.988274,-36.366535,12.397444,322.169946,228.172279,57.94558,-35.527863,14.752343,323.749853,223.301807,57.85984,-34.72213,18.014698,325.20743,216.573581,57.752464,-34.686844,20.474453,325.131654,211.53125,57.60223,-34.843433,23.572216,324.623506,205.191811,57.441811,-35.299938,26.396975,323.516088,199.427874,57.131908,-37.060898,30.386208,319.660421,191.347565,56.805489,-39.637962,33.382137,314.189188,185.346392,56.46558,-42.981174,35.400616,307.203916,181.389197,,,,,,,,,,,,,,,,,,,,,,,,,,,,,,,,,,,,,,,,,,,,,,,,,,,,,,,,,,,,
212,0,562.533875,146.914291,0,2606.368164,1913177.625,782.362732,MEDCONDYLECART,55.686123,-47.114727,12.261215,7.162179,240.66272,3307.750977,7.886293,0,0,0,0,11,1.3.6.1.4.1.19291.2.1.3.16012510107846657050918652700,1.3.6.1.4.1.19291.2.1.2.16012510107846657050916052487,1.3.6.1.4.1.19291.2.1.1.16012510107846657050912862229,21,54.149506,-73.77285,2.11122,245.761375,251.12204,54.486488,-69.943863,0.969244,253.691123,253.257143,54.828503,-66.105141,-0.268939,261.646624,255.58887,55.131519,-62.458191,-0.955402,269.175204,256.800295,55.388485,-59.154129,-1.18456,275.972272,257.093001,55.603573,-56.156765,-0.989514,282.114099,256.532851,55.865356,-52.171867,-0.189696,290.246906,254.680544,56.075783,-48.580753,1.100902,297.541719,251.843647,56.268002,-45.148544,2.533416,304.50173,248.724444,56.408222,-41.810841,4.970701,311.207174,243.551363,56.482723,-39.229145,7.615289,316.348062,237.993952,56.48074,-37.419338,10.681261,319.878832,231.614397,56.440987,-36.023342,13.90088,322.55081,224.942137,56.379993,-34.976971,17.01169,324.511575,218.511568,56.275162,-34.685947,19.841566,324.938497,212.697113,56.112846,-34.865402,23.171232,324.369436,205.883702,55.945213,-35.244137,26.28713,323.404157,199.519003,55.715778,-36.558365,29.222992,320.529123,193.573302,55.44857,-38.424385,32.082157,316.525865,187.814318,55.127731,-41.408638,34.273487,310.267152,183.483687,54.793423,-45.270672,35.30056,302.276487,181.585818,,,,,,,,,,,,,,,,,,,,,,,,,,,,,,,,,,,,,,,,,,,,,,,,,,,,,,,,,,,,,,,,,,,,,,,,,,,
216,0,578.494812,152.35556,0,2655.3396,1670693,786.386169,MEDCONDYLECART,54.244045,-45.846035,12.957435,6.58331,226.637253,2804.595703,6.686677,0,0,0,0,11,1.3.6.1.4.1.19291.2.1.3.16012510107846657050918702704,1.3.6.1.4.1.19291.2.1.2.16012510107846657050916052487,1.3.6.1.4.1.19291.2.1.1.16012510107846657050912862229,19,52.880581,-70.957443,1.518157,251.344044,252.055621,53.226128,-67.03009,0.348956,259.477347,254.241244,53.580261,-62.799206,-0.505517,268.214878,255.765681,53.92511,-58.379761,-0.837535,277.308012,256.209441,54.18573,-54.726891,-0.566081,284.791027,255.457621,54.401031,-51.193661,0.518901,291.979356,253.045168,54.629822,-47.120815,2.203201,300.239446,249.375723,54.793175,-43.687206,4.283414,307.163305,244.9292,54.921398,-40.432037,6.851194,313.691442,239.493132,54.95261,-38.460476,9.445018,317.582769,234.072415,54.939827,-36.817745,12.473544,320.772794,227.778541,54.88316,-35.66502,15.665198,322.947023,221.176609,54.789715,-34.89278,19.043959,324.328821,214.211645,54.643131,-34.989494,22.159979,323.942514,207.831593,54.461033,-35.365841,25.603304,322.962377,200.795805,54.248074,-36.298763,28.8074,320.854017,194.280051,54.001801,-37.978825,31.508949,317.242021,188.834076,53.712524,-40.740063,33.366966,311.461248,185.174536,53.461735,-43.538509,34.302197,305.65967,183.407912,,,,,,,,,,,,,,,,,,,,,,,,,,,,,,,,,,,,,,,,,,,,,,,,,,,,,,,,,,,,,,,,,,,,,,,,,,,,,,,,,,,,,
220,0,615.983826,179.561905,0,2671.663574,1421074.625,772.188477,MEDCONDYLECART,52.817806,-45.261494,12.157192,5.85273,203.755646,2232.401611,5.32246,0,0,0,0,11,1.3.6.1.4.1.19291.2.1.3.16012510107846657050918742708,1.3.6.1.4.1.19291.2.1.2.16012510107846657050916052487,1.3.6.1.4.1.19291.2.1.1.16012510107846657050912862229,17,51.801342,-65.777557,0.631528,261.798672,253.464167,52.098015,-62.292637,-0.183633,269.002355,254.947993,52.333588,-59.280754,-0.422322,275.200148,255.275858,52.599907,-55.538204,-0.128556,282.865917,254.473525,52.86488,-51.67524,0.396267,290.764957,253.191271,53.08234,-48.075787,1.543565,298.085523,250.647574,53.26453,-44.592766,3.285085,305.131216,246.892445,53.383652,-41.557854,5.688708,311.217081,241.804551,53.436268,-39.169056,8.500518,315.951849,235.914814,53.43763,-37.163948,11.817818,319.868433,229.009778,53.380398,-35.792171,15.387803,322.469583,221.620865,53.246857,-35.218788,19.331038,323.409109,213.509849,53.102684,-35.251965,22.499296,323.150083,207.019352,52.903187,-36.113258,25.521935,321.199716,200.871582,52.641754,-37.772465,28.59733,317.608026,194.658436,52.319477,-40.445984,31.339579,311.954038,189.18225,52.00621,-43.726929,32.866272,305.126264,186.229456,,,,,,,,,,,,,,,,,,,,,,,,,,,,,,,,,,,,,,,,,,,,,,,,,,,,,,,,,,,,,,,,,,,,,,,,,,,,,,,,,,,,,,,,,,,,,,,
224,0,665.593567,223.092072,5.44127,2530.19043,1204724.375,733.975464,MEDCONDYLECART,51.368526,-43.275036,14.212824,5.133211,180.9814,1716.953857,4.093537,0,0,0,0,11,1.3.6.1.4.1.19291.2.1.3.16012510107846657050918792712,1.3.6.1.4.1.19291.2.1.2.16012510107846657050916052487,1.3.6.1.4.1.19291.2.1.1.16012510107846657050912862229,15,50.7537,-59.570797,0.752765,274.30074,252.752467,51.005455,-56.49221,0.263633,280.650579,253.589964,51.296909,-52.368732,0.631315,289.093921,252.615771,51.533356,-48.764374,1.362285,296.449651,250.924923,51.712803,-45.250809,3.216125,303.551309,246.93801,51.815216,-42.308357,5.838965,309.43411,241.405859,51.908283,-39.343983,8.707274,315.347124,235.369523,51.897156,-37.174011,12.579063,319.568796,227.319426,51.804832,-35.702663,17.099924,322.317041,217.976677,51.698917,-35.444893,19.898529,322.677599,212.228094,51.533638,-35.606575,23.324162,322.139238,205.21707,51.28651,-36.921787,26.654013,319.238451,198.464081,51.015079,-38.977196,29.291412,314.859781,193.169659,50.7621,-41.25106,31.15144,310.079446,189.479907,50.503922,-43.948009,32.421425,304.46607,187.021887,,,,,,,,,,,,,,,,,,,,,,,,,,,,,,,,,,,,,,,,,,,,,,,,,,,,,,,,,,,,,,,,,,,,,,,,,,,,,,,,,,,,,,,,,,,,,,,,,,,,,,,,,
228,0,568.535461,244.857147,0,2214.596924,540677.25,606.751343,MEDCONDYLECART,49.917953,-41.746544,15.532694,3.853273,145.149002,891.594788,2.125728,0,0,0,0,11,1.3.6.1.4.1.19291.2.1.3.16012510107846657050918842716,1.3.6.1.4.1.19291.2.1.2.16012510107846657050916052487,1.3.6.1.4.1.19291.2.1.1.16012510107846657050912862229,12,49.691601,-53.10445,1.630733,287.290153,250.47621,49.951672,-48.800781,3.00108,296.043035,247.437737,50.104782,-45.672112,4.801168,302.357713,243.581574,50.207916,-42.766708,7.34594,308.169195,238.211377,50.254166,-40.264179,10.490005,313.117426,231.634702,50.261044,-38.395554,13.456067,316.774984,225.456721,50.193047,-37.143944,17.06617,319.127016,217.992031,50.071873,-36.88097,20.214613,319.477171,211.526298,49.921127,-37.162022,23.11599,318.725351,205.595951,49.699581,-38.349018,26.087925,316.109342,199.569521,49.443169,-40.212093,28.710634,312.126394,194.294909,49.215462,-42.2066,30.471996,307.925523,190.792368,,,,,,,,,,,,,,,,,,,,,,,,,,,,,,,,,,,,,,,,,,,,,,,,,,,,,,,,,,,,,,,,,,,,,,,,,,,,,,,,,,,,,,,,,,,,,,,,,,,,,,,,,,,,,,,,,,,,,,,,
